step,time,base_pos_x,base_pos_y,base_pos_z,base_quat_w,base_quat_x,base_quat_y,base_quat_z,joint_pos_0,joint_pos_1,joint_pos_2,joint_pos_3,joint_pos_4,joint_pos_5,joint_pos_6,joint_pos_7,joint_pos_8,joint_pos_9,joint_pos_10,joint_pos_11,joint_vel_0,joint_vel_1,joint_vel_2,joint_vel_3,joint_vel_4,joint_vel_5,joint_vel_6,joint_vel_7,joint_vel_8,joint_vel_9,joint_vel_10,joint_vel_11,contact_force_LF_x,contact_force_LF_y,contact_force_LF_z,contact_force_RF_x,contact_force_RF_y,contact_force_RF_z,contact_force_LH_x,contact_force_LH_y,contact_force_LH_z,contact_force_RH_x,contact_force_RH_y,contact_force_RH_z
0,0.0,0.004077682713951523,-0.0006997087916849456,0.5988932262276049,0.9999895994039975,-0.003029749517839892,-0.0033034154920460897,-0.000842109125293903,-0.015600085698598571,0.46361878902085474,-0.7607023375042837,0.04859434304372647,0.46153498054622283,-0.6931089560734427,-0.001850196985897517,-0.3298035414171672,0.5064091102148583,0.021928595104749208,-0.3598323068765719,0.7437376910186638,-1.289264849376373,5.032259352053975,2.3599977243215453,3.873521078519223,4.937696494326566,6.3074991622372805,-0.445828304322142,5.0392768930538505,-16.890431048702368,1.7090874312880617,3.0118719655659936,-3.1563128356688788,0.0,0.0,0.0,0.0,0.0,0.0,0.0,0.0,0.0,0.0,0.0,0.0
1,0.02,0.008623704267420065,-0.0011707681929180344,0.5952571658209656,0.9999067098292167,-0.013016107304249907,-0.003714550412554604,-0.0018315852117056833,-0.02671840726891413,0.5222434273754284,-0.6800119975724506,0.1354074268869459,0.5309194196460705,-0.8251161020773466,-0.028303648441614763,-0.3123584136597306,0.6176299510370054,0.05799349911817954,-0.26216642793734773,0.2397544873179372,0.27802092051213745,1.5916748443870266,3.526724539633115,4.67934944168353,1.8272600809495092,-10.111243498207582,-1.560985546341667,-1.3163595359351705,13.420566790813574,1.747684951907215,3.0879605319524384,-16.93387983589165,0.0,0.0,0.0,0.0,0.0,0.0,-15.923137428667259,6.7009956890748335,-21.614466671844305,-258.7923817950693,151.289675949944,-1252.424683220801
2,0.04,0.01045106928471676,0.0006325078919355965,0.5906940284391863,0.9996011080633752,-0.027615304029832803,0.0014802459918792008,-0.005729625957831198,-0.06577676811919106,0.5794548921338141,-0.8041246490800251,0.21769393432082867,0.5473259184439196,-0.7856767605953843,-0.08080014608485259,-0.3296503408480021,0.8482154377528883,0.07915442811576975,-0.3556176382053758,0.28829021141825484,-3.3668723553278532,3.289799245989956,-8.407716980095998,3.6084233229135436,0.5449354682239476,6.58829175801379,-3.1766292393811875,-0.33160907441060117,7.494738773804407,0.6495460699801527,-8.195136197573017,11.639258539346399,0.0,0.0,0.0,0.0,0.0,0.0,0.0,0.0,0.0,-173.07026392250162,4.475360482473711,-218.28301553365154
3,0.06,0.012374310764408954,0.004615327876848961,0.5827339985990202,0.9996059482992223,-0.026047108613297936,0.004979386460846524,-0.009203367219334327,-0.1778222066458731,0.6355002154265653,-0.797832116941203,0.2379342940642906,0.5682627288472767,-0.7451268118461826,-0.16322843803489684,-0.2986575046464254,0.7491285891502262,0.07164840585196366,-0.5654990709056916,0.728308200917457,-5.83574712601014,2.6331038874560106,0.1538085955024182,-0.2387648196064377,1.3921447392028632,-0.5204552145286503,-4.270883906294319,2.408276740413206,-8.901495372713782,-0.4323021898349517,-10.323025484112922,24.79079551199596,-12.44090900785043,96.93377374367022,-122.19777630227918,1.3958613935469204,-3.840714222511361,-5.192463854968373,0.0,0.0,0.0,0.0,0.0,0.0
4,0.08,0.01422444019307249,0.008627724637254185,0.570657781643153,0.9998088079452779,-0.01600638355022097,0.005743403990120907,-0.00965176415443815,-0.23319814450687265,0.6648920319068231,-0.8156482533123866,0.2147219099054871,0.62779408608906,-1.1751253835915003,-0.2662795817764197,-0.3098542489461529,1.081392958731021,0.057468321424356504,-0.730106335345398,0.9738147604438201,-2.156090303401978,1.8772186860910378,-2.044997221858341,-2.1046000034150296,2.589057205359329,-25.467990061386786,-5.4740395395547345,-1.3966806193468981,22.62003924761284,-1.1685813248603143,-6.689060345735526,3.5737051800910145,25.26044269393028,-19.920482177645056,-459.7383316855861,0.0,0.0,0.0,0.0,0.0,0.0,0.0,0.0,0.0
5,0.1,0.016579326432757543,0.012052471387871216,0.5595480818600942,0.9999418884640277,-0.007625278448185448,0.0015434162106360977,-0.007462753512162197,-0.26521126252192595,0.7153179850646219,-0.8753570413894092,0.1554038541249468,0.6471567737826862,-1.3224495433266292,-0.3463494097472316,-0.3240655545809404,1.281634070717632,0.0592983073684715,-0.7900889856998823,0.8565591987303708,-1.2573518726164319,2.454961134644489,-2.832242818905437,-3.2792189895148662,0.18318506172237875,2.2359473887212067,-2.9276462528290157,-0.41278648983320393,2.0124168232944655,1.033324395585856,-0.9732028040675109,-8.326374915640919,-7.296954695304862,-11.810227885690823,-311.79013621645703,0.0,0.0,0.0,0.0,0.0,0.0,0.0,0.0,0.0
6,0.12,0.022052451328768707,0.014739731912341833,0.5496221627403342,0.9999582379096592,-0.004870190847987322,-0.005569668733816204,-0.005364929441287217,-0.28262613486732774,0.772000839565044,-0.928864742085019,0.12426661517230718,0.6720498518427556,-1.1342154605664136,-0.37873442323565676,-0.2857972992581512,0.713062880526604,0.04869995333500174,-0.7251022292904099,0.6107151545767688,-0.3808504809917632,2.814284580869582,-2.395410094741239,-0.07971685019603703,1.7848896365392393,10.032612349673323,-0.7106651942745461,1.9140284827070875,-23.723368071468617,-0.34024855697856865,3.4372272620778,-8.119815978675744,-54.444636497384,-34.305370650388824,-80.55835084941964,0.0,0.0,0.0,-190.8225841446794,164.14419059873936,-457.9062332944426,-97.51115708817005,151.7870115570208,-651.7582258783199
7,0.14,0.02486856252093919,0.0185605509178969,0.5443566726121707,0.9998583632142819,-0.015076860070324787,-0.004767434072283108,-0.005763104479691283,-0.2706989491114605,0.7858005034299259,-0.9487203799155932,0.11541868751072809,0.6540502493086037,-0.8693418515887203,-0.3863415139126263,-0.36981636339072554,0.7117064349390937,0.05922997227546026,-0.7445123772042519,0.5999543833433318,0.9432570994231193,0.2786642750249372,-0.8751749591970032,-0.4600477516712673,-1.8691390731926882,10.508183197927654,-0.2837549000733759,-6.319680118436934,7.732561767414744,0.8889364252077686,-1.812017876671912,1.3640234602780912,88.13412282306761,-5.734182915786756,-369.472706786507,-4.038717880187029,4.361372848298489,-7.43876661044654,7.495026305290664,4.74526670433875,-16.681031218053484,34.44348985476409,179.30867238273555,-624.392412348156
8,0.16,0.027653933005245573,0.023242418356375572,0.5402964562898162,0.999718323290941,-0.02222666348772646,-0.0059555478822952874,-0.0058121386747568456,-0.2681304838391325,0.8126424810456405,-0.9780729562494987,0.12214951037310161,0.6760545685094325,-1.0439360688971728,-0.39586121531849494,-0.5063439534894897,1.0707372079591575,0.06359660366980267,-0.782710696898733,0.6637537372655503,-0.2969144870450924,1.6304634894287966,-1.374218464585149,0.6398379403808518,2.0723486631640893,-15.472832830934653,-0.08279641397797449,-6.116997096127143,17.4451897143931,-0.21233108843495313,-1.5302367891958588,3.6522979376642994,-78.82384399514996,58.33156207418869,-255.1518118278761,0.0,0.0,0.0,0.0,0.0,0.0,-84.23254531684631,95.45474764615673,-161.47505818518798
9,0.18,0.031729377747991026,0.027301981144707166,0.5364599691997948,0.999447052677919,-0.030664652767153362,-0.012126943699943145,-0.004266755276476096,-0.2630384569086864,0.8413321927508434,-0.9944469414901332,0.14388079504028523,0.7043696063628805,-1.25180361350198,-0.3568316986867572,-0.6037875378762136,1.2309819046629877,0.07341605637964932,-0.7878222450208159,0.7108350971813404,0.5606613948773473,1.204120139448648,-0.3154173794769858,1.1294037771244303,0.8853877835665218,-5.420937729219318,3.1951310694760666,-4.026139197317128,1.6065231831236009,0.8175524325185738,0.3971901248360208,1.6129733996718707,32.72002573667372,2.621302453833997,-221.41880423367223,0.0,0.0,0.0,0.0,0.0,0.0,-29.451961457338957,28.380672996629375,-159.2989479103344
10,0.2,0.03754947913851385,0.03174327913340985,0.5334592993476261,0.9989599514818853,-0.041271773193985485,-0.019140069779098743,-0.0030518521564191765,-0.25402416462696087,0.8753841807751905,-1.0077420815440112,0.17581745099435267,0.7286816201729189,-1.2372058878295185,-0.3025578153080261,-0.6334487702257828,1.1220597879984315,0.08723932960878941,-0.775256349548398,0.7354122137376058,0.20320641526505212,1.6847077321343311,-0.6789215575023533,1.6066838737053815,1.3858354919123668,3.168655612255698,0.9709552959165839,-0.8986660370176027,-0.8598267928413419,0.43208693948133725,0.5049685125863039,1.238433468839081,-24.10552333043973,14.685104432960319,-48.82246396757891,0.0,0.0,0.0,-60.73736030739075,-69.94393823648034,-300.71425102437706,-73.98054223544,94.13215358619436,-282.36490633847495
11,0.22,0.04498687149448262,0.03750049608044664,0.532129948557813,0.9988045518982621,-0.04383955069982648,-0.021580318516196018,-0.0013604243780525893,-0.2626023473691702,0.8990777850260947,-1.0171749528325167,0.19139164296208583,0.7480133485119946,-1.0422835684568752,-0.3117802012387558,-0.6565738802947881,1.1694078689979526,0.08278921656921777,-0.7811763358180102,0.780967730245455,-0.7959064478157968,0.8738773317271813,-0.30175804717216803,0.5226969019021943,0.925399043137522,9.934623082257605,-0.9202011797471188,-0.8819620902045686,2.689961317381897,-0.6189080261160562,-0.525559215613693,2.865914601708042,20.056609624275783,-14.034903957005293,-32.5300451663042,0.0,0.0,0.0,-82.71441769299655,-7.855661160795329,-434.9388920733374,-79.0282162211667,7.336643402522444,-99.58329197521975
12,0.24,0.05400075259358386,0.0432830725968245,0.5316555457229941,0.9990515743114404,-0.03919487882492222,-0.018963330017377055,-0.00032473740862085185,-0.2776991153424039,0.9259568202772765,-1.1356151609367862,0.1907101969505829,0.7432093027372688,-0.8026658977359727,-0.33154774672185505,-0.6442389215736312,1.176328310982012,0.0671728319701474,-0.8138803080524986,0.9327825339413035,-0.27969259062000956,0.9524453819080594,-8.043183400172115,-0.5544097766154332,-0.6559662437989464,8.090842260825305,-0.9373099282443388,1.5601822737475772,-1.3976657087675644,-0.7686542311876361,-1.6955156080966967,10.059465368841607,6.387632453029157,-2.7545966871401113,-8.702061245744233,1.3424745956286266,-50.037273172922255,-63.5354113709132,-118.39456076137952,12.296751984089136,-327.24492632933504,-7.73209184882958,-0.8412939299156685,-9.731659290241026
13,0.26,0.06430993954802845,0.04888637315454422,0.5314236846450106,0.9995083729659575,-0.02901241006338146,-0.01181791987607936,0.0012764023903227646,-0.25445447394752096,0.8920282516902187,-1.0583725018806445,0.16165161355873567,0.7764604958084736,-0.7962332629646516,-0.3531865747961036,-0.6104392902663832,1.1285566142820758,0.05917423628873662,-0.8173575198046459,1.0308676256745553,1.3417420570363763,-2.756298533789042,6.441004565193008,-1.7378278140258239,2.8869390011550102,-3.2628911365808126,-1.1133043932175626,1.6830233165775692,-2.769629833098215,-0.11003270518341324,0.7486695049168577,1.4308348161855142,-6.295972494920115,-30.647291331532728,-39.14616756498203,83.40353002160386,29.718430812322268,-111.03546278425296,-103.49174471185472,-4.388793638832318,-222.74512621704523,0.0,0.0,0.0
14,0.28,0.07634535242851122,0.05391070706519995,0.5319815219266824,0.9997918680726746,-0.020183372060606018,-0.001864026133288349,0.0023189296216490234,-0.26067334833550004,0.8701968864949371,-0.9979110674704144,0.14528802298969876,0.8434446556742844,-0.9102769391608255,-0.3692914005899312,-0.5708577644838922,1.0609571985658564,0.07789356157270552,-0.7782114213748624,0.9996477239845798,-0.8979350235896569,0.5913419342035515,0.3900490144956552,-0.21250173569546338,3.2267419798492596,-6.152106996114258,-0.6658287682966226,2.048427145963959,-3.5096251048749405,1.5930730692833002,2.570351460754058,-2.3987816979455965,82.20391290322134,-47.75404235768591,-319.362128528534,8.54284303062682,-9.243873434700166,-15.745305741838797,-126.92248898604501,-0.2833313562388904,-285.8614510459025,0.0,0.0,0.0
15,0.3,0.08983068646706908,0.05796407948718938,0.5322636266413004,0.9998364054826469,-0.014508538432727975,0.010499618480319082,0.00253428409129977,-0.2840378700864946,0.9126478831693347,-1.049706136418933,0.13314385367300055,0.8969822311377957,-1.0515553823660497,-0.3789813714765613,-0.5356043622558222,0.9938161210417314,0.12627597930333245,-0.7120777403462862,0.955435552512081,-1.1697863247463802,2.439135785282423,-3.496364757151103,-0.9738363777889136,2.0461927197998153,-5.79623367434927,-0.34283104138210185,1.65385197320488,-3.31474923735751,2.7730270199768694,3.612112597828095,-1.5408457732329022,22.124786031002078,-24.160770745353513,-59.454371178015165,0.0,0.0,0.0,-80.69192215000498,-15.110851892800255,-194.70664977015596,-10.6426691327176,-11.50704601482476,-19.599327391249073
16,0.32,0.10386918511478961,0.06179605685939387,0.5310457076879583,0.9996440938206148,-0.013551169360273488,0.022776746390781383,0.00304488462549369,-0.29943610908586443,0.9501869222032007,-1.1056355427251339,0.11320372085385651,0.9181394653935633,-1.1447094737143968,-0.3813640114362051,-0.5113974631877365,0.9466554276108845,0.14802890684335251,-0.6202763940016589,0.8471147751671101,-0.4521795375774136,1.4883717384623025,-2.1841388386304232,-1.0204587362314628,0.3414541698684658,-2.8864390202537007,0.065573557632353,1.0478083199522947,-1.8890594190062262,0.19325789676302707,4.159810011405159,-6.072372556975538,-25.039745803326543,-45.37219509658494,-104.0022455324048,0.0,0.0,0.0,-24.236654558392974,-18.551320321596023,-47.97930019815295,-138.26894748239178,-27.86879691544091,-221.8966709509697
17,0.34,0.11771478201473182,0.06544540167156988,0.5291593169360557,0.99920909385844,-0.021028309397522378,0.033526356912799,0.0038704452760111073,-0.29586582127011724,0.9732260386878536,-1.1363691891212073,0.0929267294033435,0.8970694070629196,-1.1881361710749845,-0.3613002375834865,-0.4995747489792602,0.9389266113906106,0.15696837142400855,-0.5786107551613806,0.777039239764721,0.49322272679305434,1.2044238016306155,-1.4246692510172863,-0.998538859464631,-1.8393934273533583,-1.341906562544852,1.5686963152861848,0.4042518702348836,0.3593232381133279,0.7215997053473504,1.1985252907792023,-2.040012900229914,-13.309609992195178,-3.3352365155829227,-207.563404694383,0.0,0.0,0.0,-6.877922331662318,-15.790723948903278,-21.55299803923503,-112.16111787676341,21.063875049025256,-191.79642661782702
18,0.36,0.13166931372356488,0.06843452568317619,0.5271523821968105,0.9986029658574418,-0.033114205281814184,0.040806464185595616,0.005513480746902275,-0.2825566131662281,1.0026937708163932,-1.1623509308372328,0.09145653637766683,0.8529350893120251,-1.3259431543715576,-0.31071036383392153,-0.5064839722087794,0.9921590868251075,0.17610551518848463,-0.5549417884320755,0.7526668840119887,0.6643944264239969,1.6703802902596951,-1.2325608013788085,0.16899932616640728,-2.553317523690315,-7.422164189113246,3.017466746066575,-0.666615037788842,2.9384095318804313,0.9994018821028339,1.3542017416320948,-0.988653661439972,-50.38573312725772,17.348849960190247,-301.96499463887477,0.0,0.0,0.0,0.2791741337127243,-1.8546859137451923,-2.3453948319384796,-82.14695265278061,35.54003472004624,-120.42033540310422
19,0.38,0.1458092888834653,0.07121917278585928,0.524916461293738,0.9979680058168098,-0.045648754814600165,0.0437036602161661,0.008126538845414932,-0.2688445203183679,1.0399933645870294,-1.1846005336108458,0.1024911347286543,0.7910448371707672,-1.468027764305956,-0.2462974292817186,-0.5450307213501319,1.134326642837744,0.1978482144264657,-0.5172162249832388,0.7251088849951679,0.6114594355087623,1.783000006020927,-0.8129495301608722,0.5215847441595817,-3.4362676923778395,-5.1164886060456904,3.270284110847431,-2.4538589464558345,6.8722292745813185,1.0148081553077615,2.071958421513471,-1.4543551591902557,-39.59077740100792,8.840451448351867,-242.1525712965717,0.0,0.0,0.0,0.0,0.0,0.0,-88.9012288619395,44.99666457043125,-141.66400579085703
20,0.4,0.15999419558101632,0.07426729573703725,0.5227084889952324,0.9973856372948868,-0.05681767843918873,0.04317481378617185,0.011383206454346708,-0.256617986458392,1.069427534032645,-1.1867574213133913,0.11562684527853463,0.7131654946980263,-1.4375586298602812,-0.1766691451805635,-0.6089731637785942,1.2160048986563248,0.21790794472353886,-0.47670966477583054,0.7034884860375417,0.4955638941664551,1.3059115681303555,0.29851149671523797,0.7176228470807402,-3.9724391118464446,3.906269216817491,3.4289342810038246,-3.5413172410312517,1.7363744872773308,0.8749342842295943,1.86507037740021,-0.6455269763001008,-18.865772060042897,13.591498911828403,-259.57048127899156,0.0,0.0,0.0,0.0,0.0,0.0,-99.70205240519492,41.13477385810734,-163.6734713228862
21,0.42,0.17451450672243288,0.07713727243644018,0.5204126697112303,0.9968755329224661,-0.06680817470560486,0.03946509506989723,0.014776532887587233,-0.24508679896091928,1.095276223930605,-1.1720663483862122,0.16042679152748984,0.6425605693229473,-1.3335081092365535,-0.09994003007487563,-0.6917412921577208,1.1255946519326072,0.23655515530494073,-0.4446587539901561,0.7133571202050635,0.4887795796195921,1.2988513833657374,0.9803900437015076,2.957786588434673,-3.130505536960206,4.385205536559369,3.717270021233185,-4.505841640575085,-6.0511918615087925,0.8192993171030072,1.4950920169620028,1.179369466482953,-14.97026693607014,21.48670661028806,-275.69136580369906,0.0,0.0,0.0,0.0,0.0,0.0,-92.3612953039614,37.99261765893997,-126.47411715450221
22,0.44,0.1895871741429123,0.08028485536124268,0.5177874796902001,0.9966367282877001,-0.07261615388190615,0.03333119526757144,0.01819773187578473,-0.24108582486362032,1.117472755120188,-1.1430980098957215,0.2220723768219264,0.5892245359934897,-1.2460715053213234,-0.047826912073309955,-0.786875483844075,1.0857116269002902,0.24891507203050967,-0.409226713162093,0.7295658914878098,-0.10614557012988235,1.0000647905453086,1.70867409390251,2.993917527132863,-2.291355139143902,3.162942209465636,1.6304452653063635,-4.796471061229389,2.268271183350776,0.34440778500486047,1.8452147427186554,0.7450838797607804,13.813877711642755,6.782930174609806,-305.78542360299065,0.0,0.0,0.0,21.91375730389018,-9.784400609076757,-29.99986805623378,-72.8359052259548,20.658579331567662,-143.86374410604085
23,0.46,0.20572065745091014,0.08432060194663868,0.5152739646867996,0.9968325044564249,-0.07167310819272099,0.027409991232956638,0.020895358377760798,-0.25146440542349613,1.1377523794525275,-1.107114454467984,0.2726183448366423,0.5478366700530506,-1.121469143725493,-0.03580631660770503,-0.8576263209149185,1.1440429135883465,0.24687894517434317,-0.3713851152924096,0.7424219697070727,-0.8087798979848442,0.8956312300997289,1.931109790841862,2.206936881043618,-1.777802456218104,5.602396395695603,0.0734622758898596,-2.6570047026707453,1.6049603847517009,-0.4156537218828796,1.8242966560581835,0.7038621546054711,20.334360323454405,-22.009303767023713,-217.8862687961851,3.2914546216599017,-6.444336867816642,-9.047156835163026,11.864944628287788,-2.0506822352358096,-15.053750523766123,-76.05532234331314,38.73958518554215,-179.9864168381911
24,0.48,0.22264159374280965,0.08962547132955528,0.5130833616406854,0.9974736263069293,-0.0631084527442732,0.02332702184786641,0.022793377679438644,-0.27831293590401834,1.1511665683881407,-1.0652339748945716,0.2616643408570842,0.550500490393849,-1.045641158928633,-0.04720968763115705,-0.8564848028168105,1.093368900428014,0.22761087218219436,-0.34470940526039845,0.7717701052434089,-1.4857169117738318,0.48112290971120064,2.3108019885019675,-1.399666386851412,2.3806047651064777,0.6086031035027819,-0.9226307538848265,1.5437001509244086,-2.0724595203793363,-1.0963616943016496,1.3291451297704697,1.5910435829002514,59.83581934169929,-45.179883468570274,-139.72861730690423,181.66827332161574,7.6884364151596785,-319.17352066542287,37.42755064413976,-17.183021717148232,-51.748224865924605,-15.119513300089839,0.27749935256751934,-54.433276668270636
25,0.5,0.2395105017777453,0.09523658796299252,0.5124394189583759,0.99846318871182,-0.04506512425208667,0.021849296429362623,0.023727697088225932,-0.3139007811753184,1.187570001838109,-1.1354344751813208,0.21802059983958638,0.6224881229945594,-1.0936843504883276,-0.0858752206886655,-0.7914729740780931,1.034202851891887,0.1930506507748909,-0.3615891005194493,0.9965411741175526,-1.2471199192919995,1.8142926219192934,-7.621335407144603,-2.5433870425503575,3.612592990997825,-3.1836864722834117,-2.429584743019342,2.5446896107364423,-2.0249854658272217,-2.057448177288194,-1.7992633100980155,12.083738433198018,85.30981920052879,-34.74741390573433,-115.2181211422155,-8.891510748203446,35.91769535240932,-201.1430807141648,-180.02643985857435,-45.16536074824698,-625.3151403513289,0.0,0.0,0.0
26,0.52,0.2547414527872223,0.09952642443943462,0.5129985079260353,0.9992159052143327,-0.020689763410289125,0.023575193300176996,0.024160271471720885,-0.24091161289192645,1.1248996394464956,-1.4521859943309454,0.16394267834173556,0.6823354600898551,-1.14927341020932,-0.1398719448743053,-0.7634295747104299,1.0274822099722354,0.15336411653784174,-0.4381054907583711,1.2774885994134426,6.989553407338118,-6.775647200770697,-16.466869087198248,-2.772960875541329,2.4831537485576094,-2.1531629112279758,-2.7582004861175204,1.3672450293679785,-0.16455230892640738,-2.0281751382891944,-4.6808527362848205,10.976807543236085,0.0,0.0,0.0,-50.13690870220651,14.489250689848905,-89.43891786432988,-95.0930817506197,-46.12484232066434,-192.0682349887044,0.0,0.0,0.0
27,0.54,0.26893501519973223,0.1011540926811415,0.5143687063004284,0.9994023307599327,-0.00457101842159802,0.024012225579704553,0.024443814860064746,-0.05337081645323619,0.9175826491579102,-1.3796180953958235,0.1288102716980821,0.7118658970252753,-1.1562368839608859,-0.17171408130570448,-0.7271796396581955,1.0170267915119717,0.1524217587074088,-0.5479990761039788,1.3607850439150395,8.774033163137473,-11.339007297940954,10.476408771238317,-1.1768214856290347,1.0682975509070838,0.518894990151621,-0.868805937131268,2.045161738360202,-0.7245688119083754,1.11918640055684,-5.864595204256998,0.04788812054509339,0.0,0.0,0.0,3.015587553261335,-41.825180283088,-124.26859128338073,-103.04183173627467,-61.359885864770995,-150.71782860635778,0.0,0.0,0.0
28,0.56,0.28179015081369835,0.10155234710186585,0.5174818354186942,0.9994256244103854,0.005247701888946253,0.02292723839772079,0.024397225994977637,0.06004138376194826,0.6706686955541477,-0.9973946907665912,0.10747305710827401,0.7159683961639384,-1.1180487466899574,-0.18705709815467797,-0.6659946269647194,0.965430103138422,0.20156978632354777,-0.7020850240646536,1.3649282951092003,3.3794519009806585,-12.225408198317606,17.415049218959673,-0.9799329643885984,0.4251515681963317,1.7210468520333388,-0.6927416429674006,2.98341937027049,-2.792262090739419,3.2989207304803685,-8.58410816692438,0.0217954413073648,0.0,0.0,0.0,118.40442956714536,-20.03178995111023,-416.44166132454046,-126.34646690304584,-9.200096831636058,-382.88428806226096,0.0,0.0,0.0
29,0.58,0.2944040325545329,0.10235794203569701,0.5223574814631773,0.9993115475306448,0.01922199310476269,0.02086604162083415,0.023907201008616947,0.06236552001598401,0.5348401426862853,-0.7706774662443683,0.07900519385651411,0.7398557124853258,-1.1040248904120333,-0.21292377166798596,-0.6158077380378718,0.9262157387920984,0.28835750324860143,-0.8983838526315301,1.4287447333192198,-1.152289476757451,-1.9499858501108998,6.675793794417201,-1.693205015456024,1.3468442330052544,0.5707746679143029,-1.7240564081949832,2.554555903150666,-1.6614051590587178,4.7784120376591215,-10.203224984113778,3.5134776565034316,289.44394169969405,-106.73941958118108,-434.27682074843574,51.95725473110383,-28.556474726529014,-279.5225931640294,-87.94348980793882,-20.42607509963334,-297.47913365891446,0.0,0.0,0.0
30,0.6,0.3086001034010534,0.10263792588152999,0.5284852160387258,0.9992561245026667,0.026385306011089484,0.01694109045507912,0.022450227722797297,0.05573208258918713,0.5623547101670194,-0.7606995175984343,0.06616578202889867,0.7567260298184082,-1.0753440316446292,-0.22747891434371348,-0.5722087477753836,0.9104925873293743,0.3893404558462799,-1.0442004704579446,1.1975409315234395,0.19342974396924761,2.534876823432079,-3.0453135119648205,-0.05916832550614437,0.45955342773333097,2.1055192532546405,-0.15776625118005294,2.089900428303087,-0.47242896137139523,4.980756982344515,-5.509833301479682,-15.230456282374425,66.55662102021527,0.9387085538798905,-83.26194956294985,30.457874251906084,-39.284209841136516,-170.83726911272564,-26.629322950172778,-21.19308631058356,-92.8006675182722,0.0,0.0,0.0
31,0.62,0.3242611859174131,0.10270169785410019,0.5336162053595395,0.9994472198648006,0.02164776240804129,0.013141452408947318,0.021539064878260798,0.07310504614846211,0.6270669259229787,-0.9550881481707242,0.0798553923596003,0.771922166570724,-1.049521564892602,-0.21828764844792967,-0.5310348116885625,0.9037483796248539,0.42748084052796537,-1.0513274377389055,0.9092904764964217,1.1047444494001257,3.0129271734516507,-10.784923406303786,1.0457191573768283,0.8566949439326388,0.6791221255711446,0.7071329719490473,2.0603879587813583,-0.2721499387706652,0.17862618683464304,2.2304926289851386,-9.900613488386098,0.0,0.0,0.0,42.229871746362704,-14.760906838061914,-55.92449116536812,-6.741482241130417,-14.614067507211889,-51.63249744669758,0.0,0.0,0.0
32,0.64,0.34133449462460136,0.10258091912663189,0.5363627128302514,0.9996277810980276,0.014440926181703553,0.008106285002460429,0.021680568523630706,0.09027251049076247,0.6846358668829845,-0.9961477696771067,0.1174081141378679,0.8205611786114011,-1.2017314917897202,-0.19948652918816906,-0.49555681075572483,0.918828112763737,0.41452585053150603,-0.9659194268598558,0.8195329880937433,0.71276866647648,2.779510994122479,2.2605506893105036,2.2445527633500375,2.71040824571192,-9.612806964571138,1.104846755831394,1.6220464301083162,1.1865349817965907,-0.2680378448871895,4.40829254003512,-3.3195875984400085,0.0,0.0,0.0,0.0,0.0,0.0,-2.7854855952822,-11.172718579145574,-14.54427542301047,-77.58937174672886,10.471693775049355,-182.02742632580998
33,0.66,0.3577510847036479,0.1030737763224803,0.5379779669332956,0.9996960058680942,0.01025342259096575,0.0029949649908594333,0.02222146172633047,0.06963346158222544,0.7233660530407349,-0.9113385078206959,0.14307671724619453,0.8478470826905069,-1.2473576921847875,-0.18753575518359444,-0.46835329695679245,0.9384228265896074,0.41768868473450405,-0.9383249104823177,0.8286358884488583,-2.0705736151611296,1.4936813701811413,3.9649596007032133,0.7059964452274397,0.586344773811085,1.4515679432342852,0.3420775277646553,1.1905018140628745,0.8356977204672702,0.30770250407653243,-0.13512394907982972,2.538588630247764,0.0,0.0,0.0,0.0,0.0,0.0,7.120402857479274,-2.0745230741368714,-9.291648927138887,-55.52779666229535,-3.831774083577188,-304.3545572003144
34,0.68,0.3734511179361639,0.10441819428461173,0.5391069707925586,0.9997141004968629,0.00736234090356923,-0.0002779862510101251,0.022747218023602946,0.007960873188263252,0.7528106060601276,-0.8268742806960262,0.15536969435609047,0.8325936567191727,-1.1756302276389785,-0.18286444861180268,-0.44746018335070986,0.9421679346468509,0.42511909871147086,-0.939779414511603,0.8843917014876639,-3.621163864725267,1.4955535421245152,3.239384339457193,0.6676477345911302,-1.4365769492661933,3.4946011592023547,0.21407154424450475,0.9217810313866179,-0.03878883509563903,0.3570592295375705,0.3055555976152944,2.3523412933405363,0.0,0.0,0.0,0.0,0.0,0.0,18.156231194189665,1.6798875613933821,-22.794107395433787,-28.25140400796891,20.691737336266566,-196.08930006957067
35,0.7000000000000001,0.3884827070013721,0.10583673834338317,0.5390384462813725,0.9997120311322631,0.001940768101768224,0.0001785148777136954,0.023917699743490943,-0.04271779144508013,0.7717461813322601,-0.786599063289206,0.1699936600856183,0.7849591577197158,-1.2278679040287748,-0.17914135375858647,-0.4607270075537117,0.9726628541959843,0.43321986321122224,-0.9160423286967615,0.8985334108818659,-0.9261728874621351,0.6848405656818898,1.0662931286361281,0.7720801651307185,-3.024641936756373,-4.578103168726242,0.27996531532880875,-1.5361447561213448,2.125601336326215,0.5399897006621099,1.4722860095116879,-0.08286813797797765,24.097343327816702,80.05587685489792,-104.87352911818539,0.0,0.0,0.0,7.523746121239298,1.7569433800093994,-9.658510231331553,-31.091155725751356,2.078220898292499,-283.1558686389717
36,0.72,0.40267188331384496,0.10721891057865147,0.5383562148604195,0.9996624859411203,-0.004882431839011135,0.004583414064541644,0.0251011628589447,-0.039161955130490506,0.7948714306300771,-0.7910184182181106,0.1746704618238729,0.7116523980256652,-1.3118410156534925,-0.19466732677723247,-0.5305277823103366,1.1045140555067576,0.4424155670247784,-0.8877977250177133,0.8867237969461479,0.35281228442667295,1.5711211875213844,-1.0882378960486006,-0.1508206375092046,-4.00273930909907,-2.9540341954687124,-1.3824441465785524,-4.365740416088208,6.556138642359548,0.3770456513193055,1.1827205445488875,-0.5855091561269101,14.362078719683751,-7.740763185040997,-162.37443779316615,0.0,0.0,0.0,0.0,0.0,0.0,-51.11805440611099,4.425064909463463,-410.73070621472317
37,0.74,0.41636665264099104,0.10907835854680809,0.5376436555722545,0.9995251045883089,-0.011072040835304294,0.011448531114261503,0.026380036861212958,-0.031111495753374085,0.8315682506843414,-0.8288236928481779,0.1607627730630923,0.6209358803484253,-1.2523100466609276,-0.23559942848843687,-0.646565323428175,1.2454253262243282,0.4509735886614988,-0.869947444727027,0.8779705847591234,0.3559539357416645,1.8076684230458357,-2.0867863389908687,-0.8749625362153046,-4.597107618612498,4.616055079400003,-2.36453410505987,-6.395771172418945,5.171089607788615,0.3871626043873409,0.8856645083995072,-0.523159183631941,3.0537133993466936,-4.90583633675158,-109.859836400721,0.0,0.0,0.0,0.0,0.0,0.0,-47.40862778005,2.9889573950816226,-308.0743579130957
38,0.76,0.429938639265241,0.11107745534280805,0.5362451988068574,0.9993038456052425,-0.015886090061373235,0.019131077658075472,0.0278111159211195,-0.025915454073652845,0.8610257684509219,-0.8626047964816254,0.14517209206735038,0.5266904291106074,-1.0771535428832215,-0.2992438950720371,-0.7972222195234742,1.305312801877762,0.45680942932882207,-0.8535984897984324,0.8686260197893574,0.18463681221024195,1.295994104957121,-1.4115902723566227,-0.5386570557894805,-4.487635465517026,8.088056554477642,-3.594116089345796,-7.98323726222773,1.0769262951672205,0.20685540291380633,0.8324625331034438,-0.47339599216118666,-11.954557137478252,-15.429671843068395,-129.2804445467038,0.0,0.0,0.0,0.0,0.0,0.0,-52.3013952198721,18.24048970555804,-230.90579497003256
39,0.78,0.44407298261945016,0.11291932794690579,0.5345213721389938,0.9990984341958719,-0.01743925588464361,0.025588346992302183,0.029041825695880694,-0.026477543586568033,0.8788841207232747,-0.8741382268636863,0.13625454526504635,0.4745946264525374,-0.9452318161763663,-0.38173453801387686,-0.9577890220940977,1.3252440379241102,0.45672452414025044,-0.8363553751409395,0.8628270537516141,-0.04440229232140858,0.812219359843574,-0.16463175388833762,-0.25185353595379095,0.3361089589059758,2.3612028361482924,-4.028553403971331,-7.758448034013304,0.5459400831036021,-0.0022507692777629235,0.9606480663122604,-0.15533812686378268,0.29689564700361504,-21.513534532397,-212.99721420340197,283.6665278946556,20.386690065793296,-384.7561506234571,0.0,0.0,0.0,-51.94048016378106,22.798117695586477,-235.75481069383102
40,0.8,0.459631181649653,0.11491235112071696,0.5336917866555791,0.9989675538029293,-0.015780893302338173,0.02966132743725036,0.03057769628721278,-0.0336454851713352,0.901422230151658,-0.8785366801370021,0.12893836456472627,0.5368818077001143,-0.9984215388996905,-0.43916436268493897,-1.061221915113503,1.2931589733016418,0.451644634784069,-0.8199440829055915,0.8698512032754102,-0.5642736710237731,1.120298063405716,-0.1044042097085763,-0.5026371717743915,3.7429882966665966,-4.1040331035598765,-1.86000587828309,-3.478590487947848,-2.28459906599479,-0.4383000328425774,0.7809019925460531,0.5549796170800914,41.799102718306244,2.067014978871746,-100.72367997608315,37.13050864280763,13.242008139053013,-136.57272931802348,0.0,0.0,0.0,-39.14115538508514,38.73755244491222,-179.23973878348013
41,0.8200000000000001,0.47654051400993885,0.11696834035113746,0.5321870044805743,0.9989051142525204,-0.007804844453916483,0.03359841205603419,0.03160385784240178,-0.04789393538743806,0.9450489422483843,-0.9568764807104536,0.11205893463677737,0.6151430651064963,-1.0861748581511823,-0.41629218000595997,-1.046126343465566,1.172153709134748,0.4347302670722652,-0.815612721777527,0.9051098795132082,-0.6767305561977364,2.3531654502267267,-6.226685033706789,-1.0311177056507994,3.837533398235992,-4.087730814463853,2.557472449696724,2.9555605648613374,-5.8290304640727095,-1.0981573380677974,0.05131052438471112,2.36310099905489,55.43226122767695,-12.003799542958042,-70.9282557476315,-34.26663191638881,-3.30691066281451,-43.075112078226766,0.0,0.0,0.0,-49.847779016822756,46.25525959508502,-86.2680924927536
42,0.84,0.49439062578920606,0.11776418523840648,0.5294582142691607,0.9988377263225002,-0.004485170977322557,0.035415870570051945,0.032385117383886206,-0.010555401671825549,0.9562595417349892,-1.079876614737802,0.1085799299305551,0.6757427374707867,-1.1281325449833786,-0.3071161073007799,-0.9332953323580593,0.993525492215177,0.42480892329064507,-0.8074345665391525,0.9886094323687763,3.36643966996614,-0.7561730779567998,-5.139741343219424,0.2184956597533331,2.5000824861781137,-0.8410059120986165,6.160298619748005,6.6670744026863025,-7.449751485019629,-0.40219456977458634,0.9263819022672442,4.821276986783087,0.0,0.0,0.0,-47.30598765127203,-14.764118767565623,-62.53468849878962,0.0,0.0,0.0,-30.627700238131116,17.501593249346325,-44.18917094933289
43,0.86,0.5127497045085982,0.11836285982282553,0.5258877776906133,0.9988909425078417,-0.00249849803049961,0.033491055624196485,0.03299987388710165,0.06195694441423677,0.8984861978123007,-1.0145568041530593,0.10496256861012582,0.7105928737859646,-1.11765015254553,-0.23028056002790473,-0.8014078887553063,0.9009123909893373,0.40448150783450376,-0.761754127106662,1.0791585359830622,3.172620828105358,-3.8734297390726025,5.711500510917144,-0.5072240651681047,1.6134227465022897,0.911517456340666,1.4702397221003805,5.004101027088846,-3.553003408348284,-1.5781244652830608,3.201697301416487,3.4359094928815006,0.0,0.0,0.0,22.61273441032953,18.18084257793342,-132.25987634229907,-157.49398413976303,-55.00487607553913,-272.37154057233147,0.0,0.0,0.0
44,0.88,0.5301913260185489,0.12006868870711795,0.5238616905757695,0.9989108847645408,0.004365249692715043,0.03095610198587794,0.03463681053276779,0.09227674716919192,0.7929870785335261,-0.98480864177067,0.08720355603637958,0.7414195511647604,-1.0972507022379079,-0.23376862315411578,-0.7676092843189173,0.9024728154350928,0.3540085711103882,-0.6925923030705763,1.1074104456876988,0.6197233561077785,-5.938648381498399,-0.8194121491362709,-0.9777338357206533,1.8257496498474135,0.6537359146973205,-0.6197444958458255,0.38439303826168936,1.949351327898851,-2.8414467537180386,3.532388950229662,0.32357782971914517,0.0,0.0,0.0,70.90332421792144,-7.987782089269331,-329.1999984570935,-103.30611252947642,-22.68350279925909,-350.30542266632494,0.0,0.0,0.0
45,0.9,0.5470260866234563,0.12226663353255761,0.5224256206091116,0.9987812790433221,0.014252033754659273,0.02990104675177137,0.03658911818547016,0.06562594416240777,0.669779480800953,-1.182846588016508,0.06344818667528093,0.792948098980446,-1.1123004910446688,-0.2530641005799251,-0.7542333351422182,0.9364485575247522,0.29311655587358226,-0.6532622742672488,1.1429077473762284,-2.009030216041252,-6.526564734025261,-11.087181639386765,-1.1791480938026246,2.6499091935617267,-1.1185592168672318,-0.9911634521530397,1.1476285749835464,1.0203178266813464,-3.0275475954034365,1.0582027436751404,1.9651722766569768,0.0,0.0,0.0,-1.9409788365473188,-50.15378909070944,-123.55245298677082,-53.75102125342312,-54.63462688458143,-251.21538715260223,0.0,0.0,0.0
46,0.92,0.5634536610707785,0.12426366279248532,0.5201681999156935,0.9985074174115999,0.02527996428726655,0.03002315996296252,0.03797987158338425,0.0087437067233888,0.529669837675873,-1.3231725580303,0.03864178455992516,0.8409087706710748,-1.131745099073279,-0.27366414223745184,-0.7225079946336604,0.9398000808782778,0.23804404178399458,-0.6624593487134224,1.2311476986159158,-3.02132740792593,-7.178818735625797,-3.4888614973600163,-1.1141393976218399,2.147843921601194,-0.7204588168041659,-0.8987008004903331,1.709831976500621,-0.16921589340099671,-2.4479837478712096,-1.2366274504416008,4.213141021325603,0.0,0.0,0.0,1.5167913861550355,-22.379369411017233,-103.94181956095025,-74.04750369838115,-49.281066892668534,-222.18964620371716,0.0,0.0,0.0
47,0.9400000000000001,0.5792913514089072,0.12604565363482362,0.5177495412459865,0.9981332137680864,0.03590971960769704,0.03065168834327422,0.03874343315189865,-0.06249390879948094,0.3877474448171821,-1.2141337662726766,0.014774918752153973,0.8694736030236481,-1.1276176322091125,-0.29322316661032993,-0.6861897030972472,0.9297766572382096,0.20061019760232843,-0.7272702874592655,1.2926517029725515,-3.748574943608435,-6.748254408636654,7.790783706395226,-1.075108244110713,1.3432217295674946,0.3566480154759638,-0.8826195949434305,1.6700189212520427,-0.399858458848127,-1.3344153141225537,-4.301722149467557,1.643853107984534,0.0,0.0,0.0,34.42252529960196,14.608623022805226,-261.9641932633275,-96.75592819325188,-24.180542958637048,-299.4468752935806,0.0,0.0,0.0
48,0.96,0.5948586561572524,0.12789084761476346,0.5160794521359399,0.9977505230628355,0.04427193829189251,0.03143979567732778,0.03931193782410097,-0.14774420430234642,0.27091045638414557,-1.0362715984985584,-0.004700839668030171,0.8981013383119043,-1.122040681633364,-0.3091939739982902,-0.6539037738924887,0.9231894362811567,0.21200663962811528,-0.8627101742275917,1.370759081537614,-4.431550805599877,-5.039064086328532,6.887570202068284,-0.7836632199013814,1.5604530053288368,0.13409455333573722,-0.6315146667181154,1.5767814031638316,-0.25605972175754477,1.8264973068911,-8.000248764344793,3.639170190987633,0.0,0.0,0.0,48.55617357527896,59.49220768748674,-382.4453108256171,-90.03644241784505,-15.345260994543944,-319.64126754909563,0.0,0.0,0.0
49,0.98,0.6109973006752771,0.12904266833795108,0.5147966347482856,0.9977372850975168,0.04347745640357633,0.031774244335633736,0.04025441724596676,-0.2085645770144378,0.2021786807261592,-0.9253648767778464,-0.004353121807591238,0.9300506146167011,-1.1192135339920337,-0.3068828884443055,-0.6298704589777007,0.9314189315419173,0.30641360605181733,-1.0400842082150847,1.3408332795117712,-1.9236091813107452,-1.5322943765461547,-0.7670449525525083,0.42276120498140085,1.4347134100504182,0.43265568213424144,0.4746157709166365,1.1715423644201264,0.6432852210893034,6.326876948116972,-9.200439402076979,-3.51528750726296,171.74549437659743,25.43984850970639,-217.2229804654023,27.062918043697945,47.39262435804461,-245.0187379894441,-60.90080259677131,-22.604499432534745,-207.3824716007005,0.0,0.0,0.0
50,1.0,0.6286962036262211,0.1287258735838534,0.5141895902584755,0.9982615780200813,0.03010661923368037,0.030027745247215416,0.040813574243690365,-0.19236401876462284,0.23077988111051503,-0.9598603140120404,0.025188598813617714,0.9513560590164242,-1.095846109315152,-0.2791860906910285,-0.6089750888731171,0.9570256758753728,0.44144112586791245,-1.1500108421604152,1.0796096059563387,1.7694446366496157,2.545288129060307,-1.8251506424082056,1.89520086547527,0.7951108498588706,1.6920501588683219,1.7206419450378712,1.1121208712035218,1.4856914205995815,6.504531950328861,-3.33999702960198,-13.87739241029643,27.608670862302393,-16.09762953330218,-111.55249527813895,50.928931589809736,32.273442712676214,-127.294033386313,-20.3181168155829,-9.154784361182534,-112.52492908349461,0.0,0.0,0.0
51,1.02,0.6478307981467737,0.12888862345119065,0.5130959459269606,0.9987201594965588,0.013609185694841356,0.025768635090161442,0.041337761495789715,-0.15707070198934578,0.29850111013854264,-1.0095563416630235,0.054666107082558466,0.9713088191632607,-1.0778140463495451,-0.24722103144829838,-0.5939783837026625,1.0065904973011972,0.47696590231776986,-1.1023275469807727,0.8317630452103494,1.5963870175010686,3.6280974653932465,-2.6054503719359356,1.0085372303157265,1.0360034627139532,0.22254283746910597,1.4244019605042204,0.6508851586701057,2.820703728684717,-0.42176847219587765,5.042772256522588,-8.341861476307907,-23.468282481163794,19.474787944629345,-65.3375575139548,64.2970290639502,22.77294661288161,-85.26757068533415,8.80845204431935,-1.8997336991391585,-12.149443636574736,-8.01930338309252,8.767915990932078,-14.880307655944288
52,1.04,0.6667533718100564,0.13024194730320307,0.5110807824548941,0.9989019405041583,0.005079561994291415,0.0207283782859781,0.041706661825271746,-0.13854355258588974,0.36070256553854735,-1.0421128115989957,0.04726128276042639,0.9915047098607952,-1.177630039687754,-0.2327113055930325,-0.5808403390175602,1.0576803403841777,0.47232976910896457,-1.0343416765547224,0.7631573275968863,0.7624555896268788,2.7361382686266116,-1.0860856522292772,-1.2413225320022496,0.12820513949244328,-7.785361885333648,0.4121177167897686,0.6198934265065524,2.185433201235814,0.26977829203786935,0.4878141511773042,0.7277669958279662,-5.695677845366637,11.513184257315423,-124.5671921571602,0.0,0.0,0.0,12.544445429670366,-1.1102068581843645,-15.801057064987884,-30.64310273311689,-79.96709552858343,-653.3925432551805
53,1.06,0.6842351895549341,0.13250148067596726,0.5097799054275909,0.999010041620671,0.0030418379633411793,0.01713293355774888,0.04094076880784141,-0.13341116740668119,0.4151110221249249,-1.0638329996335585,0.0003724342698301665,0.9645204725345841,-1.3328293387422272,-0.2324231015687741,-0.5635297371047663,1.0783950107101945,0.4794772528974621,-1.0641663108223296,0.8483872262885549,-0.055441895921067186,2.671316948017825,-0.9776108565002258,-2.9723821471911482,-2.2394206829847207,-5.7080612322282445,-0.16956643951570977,1.0291843017162638,0.4694438004871115,0.18995178492264753,-1.5669667496389863,4.950379745664127,-18.711073948483108,45.26105607592337,-93.56424352029484,0.0,0.0,0.0,20.445289064864774,-3.7174835554940326,-25.981119910011017,-15.199346728298977,20.250200896758685,-272.30010179406275
54,1.08,0.7015187250932,0.13565288632431413,0.5087607730409334,0.9990698152005182,0.006138505681928799,0.013268750360390338,0.04056800915833115,-0.14154519841437624,0.4678547750262155,-1.0801807364352567,-0.06494443979470046,0.8955277542000492,-1.3765450783907525,-0.2449285103180045,-0.5528929159908141,1.0987544527699338,0.47346899224931627,-1.0721822753938721,0.9253528122120849,-0.5254209877476677,2.545975578170319,-0.6250249221413833,-3.099971126331834,-4.016990139229758,-0.2901676960882895,-0.7771238203854096,0.25489538149739543,1.2246975940983165,-0.5326765578442421,0.2972287191664941,3.023498386245744,-31.59784894558311,31.33515770608553,-75.31744281265284,0.0,0.0,0.0,14.962580831556222,-0.397342696716183,-18.71453513102288,-13.40270917219618,38.71818795477457,-272.1179492013902
55,1.1,0.7183474416865794,0.13877562291961773,0.5084549465979037,0.9991031754210393,0.007269863454527203,0.009719727743380441,0.04056501992535279,-0.14640007258082274,0.5126345280345497,-1.08533614414886,-0.0997761696799983,0.8020073979055892,-1.339707160086091,-0.2555833592189184,-0.570634657778722,1.141774078709503,0.46662007315568743,-1.0553169634883652,0.9666670243504984,-0.052834152361941444,2.0869276318303864,-0.11611637528502941,-0.79002307573342,-4.9041096065831145,2.1586270280671416,-0.34566349185503475,-1.48843375174993,2.164558966123678,-0.1456944091526056,0.803698439032238,1.8941809898160744,-13.406838960475575,26.51531437117562,-98.21461458534505,0.0,0.0,0.0,9.202206392849709,-0.3395266192286835,-11.51068406492387,-23.42108209103402,5.336480622492537,-444.9447438856261
56,1.12,0.7344991640297251,0.14093666959314835,0.5091741684808591,0.9991532723045695,0.0011926282334260023,0.00715734775875062,0.04049800555618898,-0.1351179286838287,0.5524510124740569,-1.0883794393643622,-0.07191372135329643,0.7038556243140951,-1.3400769179610441,-0.2550206888279363,-0.6333729462504362,1.2091098933526523,0.47568630662290484,-1.0380114153065416,0.9988977580152991,0.8205075157327117,1.9918681127718467,-0.2641520394411193,2.442378568517925,-4.842468823910093,-0.9473768714198836,0.18859972439136258,-3.9604293614150206,2.742686773868816,0.6874009491140468,1.0163812140448532,1.3303661917609795,7.612967613713962,8.227922244773834,-137.90127491800675,0.0,0.0,0.0,0.0,0.0,0.0,-17.685977816612333,14.366501348408613,-412.30136983394414
57,1.1400000000000001,0.7502466821993534,0.14227585197425838,0.5104827561921674,0.9991154801160376,-0.010012376987003226,0.005768255363183826,0.04043188011503313,-0.11260935008692245,0.5940849971609944,-1.101494360805521,-0.0020582765266961116,0.6111229938753792,-1.376334999210297,-0.25507396231778817,-0.7426625754923414,1.3003249086090938,0.4944578447651305,-1.0099457398503433,1.0115625768938843,1.1746863040499758,2.078289590478719,-0.796688319298199,3.825079221956144,-4.458715067095816,-1.6958243596020528,-0.19067473965718637,-6.128075565982921,3.9516616199668,0.9635047675588804,1.5866033683339362,0.2649660090360119,18.741155548244492,1.1899555431062145,-140.73028061991852,0.0,0.0,0.0,0.0,0.0,0.0,-19.986576072879934,10.770872324131046,-394.9968516950675
58,1.16,0.7660400168652185,0.1432749316932441,0.5121962281772318,0.9989048329702258,-0.022865757148725133,0.005647343935883534,0.04042770492140374,-0.08641144356645442,0.6348343667854096,-1.1190676758032632,0.07957635962493353,0.5264500214752311,-1.3315363146912051,-0.2655381171166016,-0.8783371611878901,1.3531782104439523,0.5157523748438194,-0.9753313786617813,1.0093276209467101,1.2483288796866319,1.9560538795608167,-0.8261201075347513,4.045459063689339,-3.938973307637554,3.3165441902975874,-0.8098233557881336,-6.959232961292358,1.2309823650197398,0.999820013309204,1.7577706458697853,-0.2521102062075649,19.21630328687919,-3.0496561743800297,-136.86855264463213,0.0,0.0,0.0,0.0,0.0,0.0,-28.547464542128424,6.130981408129788,-380.606448914079
59,1.18,0.7822552487986361,0.14422617020420803,0.5140775807961704,0.9986145102416525,-0.03311712624965233,0.006031090463812412,0.04044677776545322,-0.064755565896519,0.6700547070046392,-1.1277814929366048,0.15539014659645753,0.45553411983905073,-1.1807692269157661,-0.2905476824860799,-1.017719666976255,1.3602470659023749,0.5328958557780834,-0.943003362641083,1.0078057403271872,0.8508764619191067,1.667556492759362,-0.2222268556185249,3.553806610695842,-3.100079983014593,7.297344571837796,-1.5056026718467714,-6.752234954123712,-0.2856302157110221,0.647345369870564,1.5742203795511918,0.006250314700074047,28.314220122825773,-10.972541755097206,-164.37248231032882,0.0,0.0,0.0,0.0,0.0,0.0,-34.31331002813956,12.763553092844,-308.77118871510794
60,1.2,0.7992235045363134,0.1451600792799018,0.5160107162324226,0.9984874793250447,-0.03665302681415547,0.006523650488009858,0.04045678238306659,-0.05593359262863654,0.7005903264777217,-1.1247765636314557,0.21686415914685722,0.4026826132712645,-1.034827340278114,-0.3172261976673788,-1.1307619840745657,1.3627257223503666,0.5381524416233189,-0.9130120941592663,1.0117277785047285,0.10239024915245465,1.4554899067935505,0.34107419926921356,2.729543922707014,-2.2010808617364375,5.26999939097357,-1.0187657180420784,-4.754797194330767,0.10205081590541078,-0.04609842404773529,1.4701109786008664,0.29192772901013214,42.263087953359104,-22.76863709881904,-187.72404132883923,0.0,0.0,0.0,0.0,0.0,0.0,-32.53541100935317,12.059680813756515,-265.4425909720417
61,1.22,0.8171458481049966,0.14619968581096696,0.5182123656762688,0.9985933420133437,-0.03343499955610943,0.007646040641274452,0.04043483836763566,-0.060779689096777036,0.730319812587385,-1.1174843451095977,0.24990770188235858,0.3811995680722377,-0.9941710938732351,-0.3123247621107604,-1.1844804584386852,1.3229648508437075,0.5303622614078554,-0.8823275926992981,1.0168184794658996,-0.4472166680903131,1.4223912026290662,0.49694257668605446,0.8853978205320698,0.002141654713612162,-0.8804519917718618,1.001687094769081,-1.4417896337572518,-2.3374494433376922,-0.582010041434384,1.5731704572585998,0.2419723399334214,32.236667628937305,-29.788279659309303,-144.87489213252627,85.90637937170465,-33.96889729434247,-115.51830772316158,0.0,0.0,0.0,-35.6609396598984,10.543375379964756,-253.8588908603359
62,1.24,0.8361024281960366,0.1481476198681082,0.5209688132218403,0.9988906959653142,-0.022342657538874492,0.009129321629452913,0.04043313807531322,-0.08278580407974402,0.7565569898301511,-1.1021656097384165,0.2335038104377752,0.4087149736771604,-1.0024915610181584,-0.27254162648463687,-1.1542655188797262,1.2198005010596422,0.5065946781295173,-0.8525648370459582,1.0260851663789494,-1.398085524721465,1.175016726451747,1.051821806924998,-1.3872634425070174,2.0411111656345957,-0.6855687779933002,2.105927770758168,2.891759414452487,-4.699152153213986,-1.474186633798961,1.4654146251196123,0.5872915906402892,25.220329393908155,-23.494281556544813,-78.93427461479351,33.91356875269398,5.477098078860017,-92.36604465536277,0.0,0.0,0.0,-52.91212304830467,24.785064595556705,-229.715468795246
63,1.26,0.8561779264970784,0.15046484912171282,0.5242210113149374,0.9991241780094875,-0.00785599097107059,0.010161724153784316,0.039823356023208294,-0.10878353890353426,0.7766342375012033,-1.0750977016795553,0.20437760461419155,0.4585110653299472,-1.024839676285782,-0.21372619928235978,-1.0397983171876197,1.0426415838695595,0.47547089510137885,-0.8209622509008206,1.0385794882424835,-1.1055305271117117,0.914508569696113,1.4679270419196007,-1.378455859248,2.6480169009519416,-1.260673042384925,2.6224100142751694,6.7448241639874675,-7.831539070187267,-1.5283683297858726,1.6826953107229177,0.6099800896073432,29.89780698137742,-30.60001661749941,-53.83397458513855,5.01024962247536,9.643233766174644,-107.36878214028198,0.0,0.0,0.0,-54.026863106831165,19.871689469892925,-186.32348777822455
64,1.28,0.8771131525045576,0.15269931898377503,0.5274328373170473,0.9991990446307052,0.0043557113177246165,0.010387203098514689,0.03839795567205755,-0.12006661117609448,0.7883428669023689,-1.059206733007816,0.1808039728154888,0.5102808613136499,-1.0462178143275367,-0.17833439186691394,-0.8854251607894288,0.8809016599112399,0.44785439694285106,-0.783092593761753,1.0469156697491475,-0.18395207699754063,0.29001511499854393,0.34142712335865977,-1.0666725652403217,2.4609539241267155,-0.8275332225200128,0.42926076710776906,6.971070542097271,-7.08822023342417,-1.276303448751856,2.007233277983653,0.2691139703716058,30.314292716435972,-18.348805216253297,-44.296474731241695,9.163867375022,17.450185211229304,-106.59010523780273,-85.0759192142829,-36.536445359416376,-188.025048932286,-48.49599812858042,3.9198728283180837,-158.50924027256988
65,1.3,0.8976234430401653,0.15435750121091626,0.5309474886648571,0.9991131861096237,0.012883507823973012,0.01164543423672159,0.03835675207137479,-0.10614058163596818,0.7704047115232598,-1.0551032519305101,0.1624963926018811,0.5539208610180525,-1.0565686851422758,-0.18514744405134223,-0.8285597295904427,0.8362929425603501,0.428049851649167,-0.7373832319483704,1.0385840061831424,1.2994634813383532,-1.6576622028443264,-0.03640186519058794,-0.7657280764833537,2.019481258253749,-0.31612845708679005,-0.4312895291542791,1.0687246260333976,0.24677730531151654,-0.7691355908292661,2.4331493461387197,-0.8041571368607578,6.562805639479925,-4.455788677393042,-9.917065626919511,13.545024955333833,11.397476771307772,-107.5654283797115,-74.29927483228707,-28.63636035072562,-236.48716991009377,-43.47373755285319,-3.155008076703058,-139.2370816165195
66,1.32,0.9177348784697965,0.1556557252903068,0.5336714755835397,0.9990359541988508,0.018393704294171816,0.012567427947198867,0.0378271544676901,-0.07707760135959402,0.7321328031002007,-1.1901492730588277,0.15163652927723703,0.5917800782598693,-1.0570010434841914,-0.1954007430231068,-0.8143030867386987,0.8660890389280554,0.41316821374605683,-0.700994523589426,1.0421920931686686,1.6469080662574742,-2.2415010770382477,-7.863374025359544,-0.41826839112889064,1.8989366196745812,0.06970077223070623,-0.5271059729305848,0.8814554999131593,1.672563684730711,-0.8283509205246921,1.5564150677177593,0.7879483202946065,0.0,0.0,0.0,7.646639361531574,-26.39758024179186,-153.5593542464193,-42.826841202618,-12.809775394553569,-86.15691585796324,-8.699175390466465,37.42096667694214,-48.448074180054135
67,1.34,0.9377857635665199,0.15672813341182096,0.5350373247295339,0.9989596339258877,0.02382739859171474,0.011531013244850232,0.03713408941330004,-0.05616203411369889,0.6627013004742079,-1.3165993998756562,0.14246358701133793,0.6387015658983277,-1.0647343702359289,-0.20404707661309893,-0.777374020504064,0.8771119990515295,0.39906236134208195,-0.6832812482891684,1.1479813492388091,0.7404799293198641,-4.188619675808872,-4.070079540242724,-0.46135358313330593,2.4573319723462013,-0.4669618284026429,-0.37143275004598064,2.2726321527198112,-0.038636604419495735,-0.765333574975897,0.7174707863169213,5.833733461615231,0.0,0.0,0.0,-7.983500998764651,-13.70810936450723,-91.43024546295314,-47.33253908746024,-78.84922304389568,-142.28959802904305,0.0,0.0,0.0
68,1.36,0.9574149164428641,0.1581701069015049,0.5355397405087831,0.9987340588467145,0.03369898736971956,0.00920605848182089,0.036192629595711706,-0.05859850607221789,0.567935661155767,-1.2540351269359278,0.12360910096814241,0.681574419251853,-1.064205648936257,-0.22239707633240904,-0.7300941699708449,0.8725834329081323,0.35289568318111625,-0.6803226037486424,1.2066933798750759,-0.6127703192212668,-4.837502899191401,5.306559856014314,-1.1094804582043407,2.0340371070965766,0.22531223277448514,-1.1259780283126084,2.1747771005059113,0.0001757368182183361,-3.041617651190937,-0.178443792120741,0.8993140951924605,0.0,0.0,0.0,25.517733367456117,-7.064150879579836,-155.74606358756816,-67.41412523610799,-40.25281982622687,-209.14539488091876,0.0,0.0,0.0
69,1.3800000000000001,0.9760203787278352,0.15998127697449854,0.5363184275247826,0.9983297918310673,0.04556012306456071,0.006659266110424957,0.03489349658246499,-0.09414143598725569,0.4733858606624006,-1.1643765116671871,0.09938595463081171,0.7127003120366322,-1.0469689890683678,-0.2466779212136912,-0.6852936021197376,0.8686761634393527,0.2955219495567593,-0.7172964144962534,1.2795659901052185,-2.2724802381756555,-4.511800003312601,2.866679307941716,-1.0885314446077925,1.5636088455376915,0.8460890649534396,-1.1034032599661356,2.131792258561533,-0.13665390309855363,-2.613935039882332,-2.6818462673741186,3.745438516976509,0.0,0.0,0.0,86.2729956660049,-5.538865420773997,-329.78158175131205,-48.07659791680959,-63.43663140439417,-308.88950818582373,0.0,0.0,0.0
70,1.4000000000000001,0.9938620847478656,0.161768662906807,0.5372388439785233,0.9978591649696106,0.05584617880092117,0.004291609588287153,0.03376200951703809,-0.15265041960679165,0.3927206740818282,-1.1523418694496141,0.07901881740769383,0.7526057645483707,-1.0444006350252615,-0.2686523748971095,-0.6481985711344428,0.8728125720491449,0.2540155732026357,-0.8041424646858565,1.3612136412641809,-3.079774183209203,-3.674260724794615,-0.5487916719349822,-0.8554901579286571,2.0376937235940873,-0.032981679711461154,-0.966073773570744,1.7789955458953022,0.3185373665526917,-1.627943939835514,-5.160799921781442,3.023641713363733,0.0,0.0,0.0,47.98010608746487,5.217473127836449,-245.70686008649182,-45.25388453243596,-46.10345281855908,-231.61850430923312,0.0,0.0,0.0
71,1.42,1.011685518776184,0.162702032833046,0.537948612400746,0.9976603200115922,0.05995399247921873,0.002141419260791499,0.0327844320328857,-0.2050976104901146,0.32910964941236936,-1.1003416806381277,0.07216676946162595,0.7874727141398806,-1.0384075947351594,-0.27740111215095975,-0.6108637828710192,0.8760965052074636,0.2520296607487035,-0.9187019670217981,1.3472479874817294,-2.3039144726461283,-2.747090106901331,3.2166786526158657,0.008743476384828835,1.4980489498759597,0.6313472332353294,-0.08082419880892652,1.8809379397330979,0.11731108904339742,0.913877323167499,-5.970174579779477,-2.2061946134384596,0.0,0.0,0.0,38.77265728676993,7.91084711711021,-199.7643774859267,-50.28433604094193,-46.89470291942934,-233.7295848690912,0.0,0.0,0.0
72,1.44,1.030257363574861,0.16261115431622233,0.5390070989665109,0.9978522320383528,0.05733370076041537,0.0006725161165339166,0.03167518737537078,-0.23914586058893503,0.2930058597577921,-0.9846183406679964,0.07987866263003415,0.809455344975553,-1.0141395650267793,-0.27137883095853005,-0.5697134419819037,0.872402634762233,0.2973835485263958,-1.0285268747951244,1.254293995582186,-1.4101982189816857,-1.0988125913835403,5.290315813123652,0.6068628828558527,0.9698584874301094,1.4317873389533278,0.5045158121072193,2.089246157311823,-0.25941059645232545,3.042776712866834,-5.142963392736365,-4.573302312312627,0.0,0.0,0.0,63.810639785016875,30.72361962196758,-233.03878872208537,-55.41904256906753,-32.969003527512236,-264.10897187493305,0.0,0.0,0.0
73,1.46,1.0500379237729622,0.16182987446455188,0.5403142634853929,0.9983718187774113,0.04812710174883839,0.0002687706025002473,0.030617336766997873,-0.25337728990072117,0.28910734522793374,-0.8876717461354662,0.1020671739087669,0.8306489033354789,-0.9876983849695843,-0.25147181291921616,-0.5326517643049353,0.8734364137057048,0.3639327059867579,-1.0919083045354843,1.1221675083079599,-0.4042772467427359,0.4277716735714072,3.3310589384432188,1.3444530499067455,1.0621210866446875,1.3086087013003007,1.2162696751643784,1.822103492263278,0.12009229514941205,3.3275002403258545,-2.0350506902870746,-5.773733797902126,0.0,0.0,0.0,60.7666435622656,39.023823889938214,-176.3979732834271,-34.88343497121218,-31.49638768989187,-179.05357280451273,0.0,0.0,0.0
74,1.48,1.07117320673355,0.16119159648047748,0.5405974520213358,0.9989191008493169,0.035744164784740996,0.000705133063162603,0.029706689980483026,-0.2594726749320293,0.3205089599247541,-0.8399223945023493,0.12992217516782395,0.858835312797661,-0.9734143700282564,-0.22576441290683108,-0.5011414515862965,0.8851926050558006,0.390409341211665,-1.0676904578500044,0.9632686852397806,-0.21529252949052696,2.2650878211244496,0.4865107010320775,1.3263781792430342,1.5154657048821307,0.4163008704759482,1.2716832106647116,1.5562821329905197,0.6975760427599612,0.39191606048993144,2.7855032321714925,-6.547442114130417,5.299009597968205,18.532160771161195,-24.099121581503013,58.478751588679614,36.593361706361435,-86.6843248057182,-3.032768497696818,-9.23340090953342,-60.613517519846916,0.0,0.0,0.0
75,1.5,1.093149526675784,0.16107222924377967,0.5387390092363263,0.99926912702698,0.024229663343988912,0.0017781568865618967,0.029512257505322697,-0.25145836531239174,0.3817924990822965,-0.8775352367573825,0.1428890912540183,0.900500517393995,-1.0508757469466263,-0.20173713832632062,-0.47804707886864756,0.9093058777929174,0.37531782576070294,-0.9652666921193794,0.8124901447310093,0.8048137998991942,3.39944696404015,-2.8021215743100303,-0.011658272746242537,1.7617370075050167,-6.029899677661836,1.147684600217757,0.8998232762434407,1.3707993308777673,-0.15828226358163655,4.8816764377422155,-5.707147695843133,18.998646761679236,34.19371382606692,-75.2218042680562,26.79741509330035,8.745815338195888,-35.24977159833553,7.497669680253314,-1.1315224821951848,-9.64582657125155,-40.271144031003175,-13.248976502734402,-299.957593428675
76,1.52,1.113496893205824,0.16142026336027215,0.5364858784582016,0.9995101584520757,0.011540211435843883,0.006161475135204564,0.028430668217275495,-0.22824908781994327,0.45078258865623805,-0.9523055154591508,0.11702932178361336,0.8982813581602633,-1.2274280630016585,-0.18610557000022274,-0.4821252973962056,0.9512566439702806,0.39463423199541,-0.9454147790440027,0.802265417858086,1.2381088535107592,3.359077808375428,-4.009253101333128,-2.2776606791343035,-1.4372097878494423,-7.740170414472412,0.5677216499605336,-0.7581839631863263,2.253327586349073,1.344443030415296,-0.4663759195610532,1.6580141461988878,0.9381214436415288,9.95275008858281,-101.25364283110879,0.0,0.0,0.0,4.015677866114094,2.25250832939049,-5.760283966410599,-10.289135072808747,-5.200293736032961,-431.82370381495844
77,1.54,1.132407721216291,0.16329376270150672,0.5339425339502498,0.9995236618589397,0.004608977891318535,0.012170274972027384,0.027983765186236593,-0.2194694353317563,0.5122006259573794,-1.026694509123054,0.029817803181046237,0.8483843189597939,-1.3751350152739805,-0.1993108568585032,-0.5294368494651245,1.0865377415944082,0.4091268864332113,-0.9545202502362128,0.846283043495037,0.009215643479290436,2.8090367308957718,-3.3150005625884544,-5.417650075068578,-3.114068861264225,-5.332192646650588,-1.1980232502272186,-3.0587617906883375,6.754604717167379,0.3016777948595262,-0.02080403295047789,1.8752420897080913,-32.69176656376337,41.438149561689336,-95.50610429841429,0.0,0.0,0.0,0.0,0.0,0.0,-24.953277374527318,29.850547376273745,-247.34935076989035
78,1.56,1.1505682089174636,0.165936076465447,0.5315337835040449,0.9994305767672413,0.0007563490567047486,0.017837572961982587,0.02863164594691628,-0.21877455475592064,0.5589545750299929,-1.0756303862322756,-0.07349916986635786,0.7630563897029888,-1.378704783763565,-0.2263370433251322,-0.6107972890432773,1.2301586524460306,0.41221788581091656,-0.9353077252755313,0.8579102859807164,0.1040941144035368,2.16213039760906,-2.0678442719090127,-4.603248484775024,-4.722687249763913,1.88326438393619,-1.270883205435978,-4.443255847163165,5.285622589361986,0.15145959437856968,1.2684248714636432,0.07440928440542474,4.960357828823913,20.079639622292277,-156.81938594976123,0.0,0.0,0.0,0.0,0.0,0.0,-27.216521859861487,19.365813291414796,-345.2843976978132
79,1.58,1.1680501366520613,0.16823619829880598,0.530074896481771,0.9993019383159594,-0.004147940018696806,0.022066656306890614,0.029857885909784544,-0.21545460990455098,0.6007389897888792,-1.1096770025852585,-0.13485786926408186,0.6621292510005928,-1.2688071698111976,-0.24682643175124866,-0.7199594494869659,1.2837082458681068,0.41814453950502484,-0.9158551637797079,0.8669155330454904,0.19751056941846146,2.1297772885483677,-1.5947653085460733,-1.9544670674325424,-4.974837049590087,5.448583766330181,-0.82360522810943,-5.894709757345626,0.7308952710135461,0.3732862283795649,0.8475286781431344,0.7009924209396913,27.73531487425558,31.839284314343036,-217.51655080117087,0.0,0.0,0.0,0.0,0.0,0.0,-50.8947406914038,23.59865453765836,-330.69589138365166
80,1.6,1.1853196696441752,0.16939072055891757,0.5294180506100806,0.9991478392213696,-0.013281937486238229,0.02358005001786414,0.031163548530858006,-0.20112602457542517,0.6462596775032424,-1.1391090457829538,-0.11676093694453316,0.5699052624129591,-1.2033520682966954,-0.25652021167095607,-0.8595694145368334,1.3105625138948827,0.4347747640962041,-0.894058519700578,0.8801814327034735,0.9371077531110582,2.292595412925117,-1.2753227561487286,2.391564689105063,-4.284047201443127,1.4750977021771372,-0.34036129596385006,-7.417222592179012,1.0701054173594742,0.9975953860669676,1.2783764711891583,0.5814502492299422,27.20930919394455,21.248469619695292,-218.28654158123283,0.0,0.0,0.0,0.0,0.0,0.0,-45.79644419263489,38.97120294158935,-287.54440563872305
81,1.62,1.20307996885989,0.1695932436573496,0.5292075467248079,0.9988891827567007,-0.025297070753430174,0.023512812939934753,0.032056300638076005,-0.17756138707676186,0.6934910608456154,-1.1624626897668064,-0.041456632245699454,0.4943056499356775,-1.2033809064174779,-0.26317137995787176,-1.0079273591452265,1.34154985623997,0.45765241875178847,-0.8619147666572662,0.8844949461008376,1.1836888997609396,2.28575758780381,-0.9497213570176486,4.287919596952928,-3.4392524253270365,-0.6218371642237821,-0.3478425520683191,-7.16634035371116,1.1409041355662086,1.1020685066360656,1.7018715406274243,0.10536554830637324,33.04890755469824,10.861476774777255,-176.97955390100785,0.0,0.0,0.0,0.0,0.0,0.0,-38.58747848360598,27.186992560236874,-307.59505483522634
82,1.6400000000000001,1.22166333922529,0.16953662597175145,0.5294873777518784,0.998576519946871,-0.035155809815115284,0.023612793740666126,0.03242589734766232,-0.1558423648999824,0.7367599774829368,-1.175311329780194,0.04702892136704091,0.4305674996989958,-1.1374025969050487,-0.265827662914725,-1.128513867757519,1.325475196355143,0.47669116627236585,-0.827901596802233,0.8863677826220503,0.8707032181197245,2.0254131040063497,-0.38498447165396615,4.29707628244459,-2.8919565778502485,4.089398274809552,-0.0275231832312869,-5.164284877020055,-1.5868508176375564,0.7218500081501317,1.6669721845227945,0.1276814059681191,38.98751833367862,-1.7191252484244615,-160.79529078934118,0.0,0.0,0.0,0.0,0.0,0.0,-43.04270534390002,23.344475033222906,-287.5437901485879
83,1.6600000000000001,1.2409988441700652,0.16942851158668745,0.5298847965766811,0.9983871401087463,-0.04021064425872449,0.023762851864885845,0.0322730448675789,-0.14192635600173573,0.7748457815211957,-1.1752934952708591,0.13197704009650207,0.37735443819737857,-0.9636402577140009,-0.255078845282852,-1.2016579012524158,1.2799684692296323,0.48749701212559243,-0.7986025419153636,0.8966952584253286,0.4305359579143767,1.8192571589630164,0.22604924426083217,4.0781950049541535,-2.302918357746677,8.29082785036123,0.7361700618065276,-2.6875203432719577,-2.0323970545160175,0.2817523918158003,1.4031333722211548,0.6752898815857372,45.18330456866681,-16.16294635461948,-168.26170552839815,0.0,0.0,0.0,0.0,0.0,0.0,-45.32847245054631,17.24205513063302,-197.35104425160804
84,1.68,1.2610495688181964,0.1698291204580022,0.5305326177930337,0.9984017379828382,-0.04023960011251104,0.023810649273126615,0.03174582109233059,-0.13797611292047213,0.808392313182639,-1.163672050660846,0.17091001340387812,0.3782070970610412,-0.9032282303766902,-0.23019625938200583,-1.2129254589441236,1.242957191936346,0.487464992733618,-0.7657306163250845,0.9058317989025847,0.09103801387806426,1.592446441805051,0.8370626251169586,0.6108744425416819,2.305127383766529,-0.4528158238003246,1.4363108819623127,0.6074273735986541,-1.1369171085331469,-0.11345815232427302,1.8222716123156697,0.31719534162450946,50.887264647787106,-33.00235516243185,-178.57370476016385,189.75026354915386,-45.1681175401331,-259.0064001740328,0.0,0.0,0.0,-41.7242984586863,3.729243785330061,-188.0567330486436
85,1.7,1.2819576156765915,0.17201727139729095,0.5315924792227469,0.9988773477587705,-0.026903712774869797,0.023177932167794763,0.0313531152161472,-0.16486461040490796,0.8406638141172836,-1.1499708217601974,0.14733151132169434,0.4561259476561589,-0.9647231970818383,-0.20393647407945542,-1.1270825088327678,1.1356600578189084,0.4610476314437071,-0.7416507569115709,0.9342599597684121,-2.0484994773911964,1.48333050542535,0.5998810967561717,-1.9678228234632105,4.2233516776731115,-3.7454521353021453,0.6399732588753686,5.9393982695345136,-5.404944018099236,-1.96360348736501,0.948799104078093,1.9694349891007223,45.271176950767966,-7.400400857331061,-57.43509225335783,-3.1933720483794366,27.614015014410924,-86.93129739191536,0.0,0.0,0.0,-51.59470763789003,39.01062432143199,-112.88176115755115
86,1.72,1.30345540051531,0.1742709348858646,0.5319216527107,0.9992961846399914,-0.007735821565528606,0.021846149119545133,0.02949640990544106,-0.18329005276981294,0.856514706943993,-1.1621695056801928,0.11132294484352077,0.5299633444321913,-1.0234188056422797,-0.15979508131652836,-0.9443498006776483,0.8711729266060422,0.4215158451807071,-0.7269203795635529,0.9956608845904789,0.06066371445846952,0.19527786223916604,-1.3253788771091495,-1.542375990230445,3.24758254081078,-2.1105889454694546,2.0922455237440967,10.084017478179433,-12.45028152798257,-1.9066480357877702,0.8216955075898746,3.3710686337347737,28.13135501387727,-19.01747099760349,-42.45253978661569,-24.572229684370114,-4.229986242478517,-67.17727103638386,0.0,0.0,0.0,-22.406508450170136,21.621648460643254,-39.36889819509486
87,1.74,1.3248408672026957,0.17528249777641067,0.5317644994932709,0.9994011813846575,0.004686449842453254,0.01954866618197,0.028163193805596516,-0.1506397165536448,0.80937335185079,-1.0545319112709917,0.08854295797906166,0.5855015584801513,-1.045241879599223,-0.15058478188989563,-0.8171455677346187,0.7480952762562044,0.39326143752323733,-0.6742627577158201,0.9990033755869873,1.561058157911051,-3.2871543657305624,6.920228585091287,-1.0962630450681414,2.422416588469072,-0.5114493218408995,-0.40313524285419583,2.4149760684864554,-1.7021284785152755,-1.236702272455594,3.2640510425247373,-1.2655167325138028,39.81555990842915,-77.35127545385416,-108.89038789908173,2.1374903480461707,13.308744832167944,-47.13577668962518,-174.76893040647815,-55.81844591723932,-548.124291424178,-34.017014325294774,-31.135357957675065,-134.33637161100222
88,1.76,1.3452366668028481,0.17580301238287052,0.5327688385266854,0.9993913277836581,0.012644312289438076,0.018213701977402408,0.026932440992651543,-0.13716857327828044,0.7974644755179837,-1.0071030815936295,0.07424912027636459,0.6099956769080853,-1.019063279762664,-0.1638321628423721,-0.8176670083160835,0.7979167014256355,0.3750512272597802,-0.6231766155346178,0.9846096798459527,0.6171105734659977,0.8230968148219995,-0.15983784989748595,-0.3274576511279686,1.162686940393896,1.52717025688499,-0.5430101832202936,-0.39647376719514243,3.630251534919246,-0.5884789159627986,2.152676151959638,-0.17148141744680218,85.95706894133218,-33.41682326507464,-115.29644042729711,67.11354970907794,-9.020164476315168,-261.8901303825374,-41.289987799526216,0.7422204359875337,-120.19754808509704,-35.34675661969853,39.576685652755,-145.46140213329141
89,1.78,1.3654160506808406,0.17616288586421722,0.5338503777327125,0.9994480939882092,0.014344213304114428,0.015808095506927824,0.025452997553647688,-0.13246797904133398,0.8232756870566478,-1.210636391498538,0.07380192123311242,0.649831071075263,-1.0100931390901402,-0.16630937690241426,-0.8074961150906861,0.8543117997314364,0.3726778452787848,-0.5917962216954643,1.0029847237301053,0.1251391500518607,0.4215715821270626,-14.01789886812901,0.08860397751051216,2.24191552726513,0.08831184282933424,0.0741079496700175,1.170656953717416,2.0171250438849193,0.01926823120709161,1.3632748898149454,1.31548599239695,0.0,0.0,0.0,15.407367191698928,17.406485212521385,-206.0908630104095,-26.10327193892087,-64.71082252809222,-93.9415351139476,10.45055259487049,13.512351254480746,-21.964896847144608
90,1.8,1.3853625258263373,0.17590005528226896,0.5336361642637022,0.999513391150915,0.015142780200325013,0.01249792308549204,0.024237966836186828,-0.10426637060529287,0.793885708078384,-1.3790491401453742,0.07692489383878652,0.7045342129471733,-1.024354441033907,-0.16509226595953794,-0.77102851225912,0.874473933497815,0.36749158960696066,-0.5726250388865456,1.0503411798582143,2.1550981501638935,-2.5971458477865816,-3.886376744711227,0.1691343408192406,2.7975349608349807,-0.87880761597939,0.02972780119054647,1.9953846334953875,0.6513073962635572,-0.4172798676646513,0.7310770740999568,2.4948364615784793,0.0,0.0,0.0,-14.162534062616794,-11.926155716687711,-30.324868176670158,-59.03263107355107,-55.01859194094814,-152.84213553413088,2.5323810316131232,4.747063705924986,-6.747469870474547
91,1.82,1.4045753490918769,0.1754323079043824,0.5328386822674778,0.999477081989446,0.02075610900160809,0.00918773701220993,0.02302893843777332,-0.07909527858538569,0.7165417279225369,-1.3319516803764149,0.06997924072490382,0.7395508706672332,-1.0140594600339774,-0.17358772371682035,-0.7302631603224566,0.882025470582087,0.3447188213491887,-0.5766587434860565,1.1072899864473167,0.600560448374832,-4.407249092393552,4.301483261057017,-0.5946687810832625,1.3492278658241759,1.1148933075332257,-0.6288646040829916,1.8180903923994964,0.5397487107807832,-1.4918307303048248,-0.6813884827367122,2.387472557052828,0.0,0.0,0.0,13.100517693502088,7.048210536776501,-144.53084195602852,-69.15742112813531,-68.79285728867241,-269.228095067404,3.2731231652939794,1.476675436859915,-4.488690389696391
92,1.84,1.4224688879485008,0.17563785885223088,0.5327612966668958,0.9992409357032093,0.031877526481709044,0.0058920849967171035,0.021602292812910755,-0.09092801968518267,0.6183993851473286,-1.2470362917868918,0.04991966887623242,0.7611220550600896,-0.983499530884941,-0.19533070680837147,-0.6941851520704645,0.8925111007931736,0.3018554757706608,-0.628969853590575,1.2355832594906293,-1.1727487724772778,-5.006032318663345,3.002152366040236,-1.0732771570750261,1.3756483160963084,1.152390561313036,-1.1823093145913333,1.8201561445374095,0.48087966920078634,-2.4330291620198574,-3.5108571562989574,6.252588867115746,0.0,0.0,0.0,76.6267110095371,18.757508027435097,-374.1992810365409,-47.94988886345837,-42.908430889147155,-281.7476236813212,0.0,0.0,0.0
93,1.86,1.4392148404345875,0.17620606226498686,0.5331200096811183,0.9988476738508002,0.04322844972106484,0.002332260606388989,0.020716808104120705,-0.1313288755299989,0.5110820364703147,-1.17612125732629,0.028526560229498916,0.7991538160027827,-0.9778124707195419,-0.21821925828308525,-0.6590549695630271,0.9017031502939346,0.26589289655966125,-0.7385409898993802,1.3847442826971068,-2.358682483854029,-5.399084002565109,2.7586870061623894,-0.9290536289164186,1.9148512154237896,0.13400617732276832,-0.9763503623442235,1.7518791786196495,0.3930896965664245,-1.3252294084165888,-6.4105362216879485,5.802942989640444,0.0,0.0,0.0,36.13903774879925,15.611297077600629,-257.7359795559631,-44.767585142474914,-52.22363378703266,-221.09055857393997,0.0,0.0,0.0
94,1.8800000000000001,1.4555737994877174,0.17642396163603316,0.5332776675976171,0.9985260099308966,0.05040346480246472,-0.0006979046092669503,0.020119919397117384,-0.1767071816696954,0.4078391992935953,-1.0632506199152116,0.015633717101165633,0.8305798308514178,-0.9687105026848221,-0.23225666988045326,-0.6224730374991976,0.9052117536300226,0.25867774240483915,-0.8852505412345869,1.3852779337217929,-2.184447916481687,-4.792372268072979,5.283229222665278,-0.40170297350939027,1.319128885836391,0.7540046853187721,-0.4699024837145551,1.8074983749731235,0.1455516972894807,0.3634255822449886,-7.7499451031721325,-2.6049902648609726,0.0,0.0,0.0,34.29205133626716,8.526563562832601,-211.73494926878044,-53.39360658146624,-30.930198517980955,-231.9663890110239,0.0,0.0,0.0
95,1.9000000000000001,1.4727423899589953,0.17588845297688824,0.5339431834033057,0.998454025974251,0.05197008107423034,-0.00212272911329849,0.01960006913404706,-0.21543803684288432,0.32843681143658354,-0.971868358185139,0.014665964114799816,0.8487699768112088,-0.9431545175198487,-0.23365224516336364,-0.5796283167599301,0.8950249544664616,0.30157731962622236,-1.0354667100934192,1.3122723837366577,-1.8016836196296195,-3.329255326199994,2.9479493605299645,0.17202674295412798,0.7880508249811458,1.449837168618578,0.16068912330428153,2.186285949398231,-0.6926857190831006,3.1812751131608548,-7.230432953758862,-3.2662233272858976,0.0,0.0,0.0,56.54272718085148,29.969331902873684,-259.67888351213736,-70.03307107634353,-41.8915250512548,-327.80556325119096,0.0,0.0,0.0
96,1.92,1.4913051642072166,0.1744672087447705,0.5349065769895662,0.9987695565772129,0.04577801987436133,-0.0014520065465028105,0.01901676702095561,-0.23202236696513995,0.28136772443250874,-0.8966264667711334,0.030982570160715508,0.8699841527360634,-0.9230675355423719,-0.21857736643235437,-0.5453461841608858,0.8928654014849967,0.3813943225404647,-1.143460327606876,1.169227718988772,-0.3567943341255897,-1.636102728353043,3.038298235202211,1.137288828820132,1.092792442839539,0.880606065227673,1.0237850546674596,1.62739709787466,0.04356427305281301,4.226160748330689,-4.273168087605084,-7.046669516613907,0.0,0.0,0.0,55.64812331867841,27.686607043371108,-145.19777090006002,-33.57601072743877,-27.655199659542447,-180.5945117142738,0.0,0.0,0.0
97,1.94,1.5114369604997233,0.1731302122704001,0.5348199845919744,0.9992034196019631,0.035648595984936374,0.0002917661834012151,0.01793373169590618,-0.23766751311980833,0.2754586212995081,-0.8159739568975439,0.051860970859732,0.89997450990192,-0.9320629426350864,-0.19699817772989395,-0.5167897419884355,0.902913620946748,0.417821415078714,-1.1498882910247192,0.9902279256046712,-0.17208288712253528,0.6468704023305698,2.421332365439775,0.8798124362334134,1.5904970873522772,-1.247783123871065,1.0663444926096428,1.442817077484211,0.5991497544947386,0.5722260914326037,1.7148427024181805,-7.207023122251737,17.347490846618218,24.840809816075893,-37.87922955342794,59.542026386547825,24.105206636483743,-80.29846841352224,-0.18409664214558485,0.07645556434670746,-49.14815148060699,0.0,0.0,0.0
98,1.96,1.5327687365963925,0.17249925960163484,0.5330114951730077,0.9994610865457053,0.028027226115937994,0.0016103202263106223,0.0170122880851807,-0.22992288148923487,0.32587868519303537,-0.8361085174659688,0.051054719558272024,0.9317328854411581,-1.0367398844982796,-0.18165141048314806,-0.4897037383007411,0.9201223565909783,0.3729138057970778,-1.0422120949138773,0.8315882145801433,0.4665943913478708,3.63333666538366,-2.8574175561845294,-0.8687124585043972,0.9703591270738785,-7.316635691460489,0.5431542300886645,1.312711293015576,0.969696755474245,-2.71775410021127,6.675564811446148,-6.425481306668764,65.53418615885398,28.508018982062268,-150.88954966433218,7.66868230258696,1.9883949074091067,-9.906688189794233,8.322466593883007,-1.0155650440507953,-10.910264243931417,-19.24863263211286,20.960165445254148,-35.61128676301017
99,1.98,1.5530747022411742,0.1721077065861622,0.5305999778872237,0.9996855341050557,0.01929451455365193,0.004134800891930905,0.015474431518240328,-0.2125177627485522,0.4084250697520062,-0.9274239221064808,0.026881738688474703,0.9154026535195388,-1.2108612401341525,-0.17232889895163467,-0.4841131652121101,0.9537167934465706,0.36756056967097805,-0.979413964188714,0.7765977977692858,1.241907855152519,3.9891009053183546,-4.943205913444605,-1.4231698850196082,-2.18324891389119,-6.960260092340243,0.49763689030263125,-0.34303952119756537,1.9530389180448833,0.9432531427328021,-0.02537576337535974,0.8579442415022376,-5.998751948610565,10.042401701974285,-79.73443225498362,0.0,0.0,0.0,7.516768830150038,4.460419463221407,-10.93881183679071,-12.266307238104591,-36.603863581519924,-627.9600697553452
100,2.0,1.5713860854805024,0.17289204535720504,0.5284086119776354,0.9997976131166115,0.011330110239669424,0.009191558256176716,0.013851955281001034,-0.20220043608761235,0.48239804111842505,-1.0189251099801748,-0.028108090385582388,0.8527425534466047,-1.3507163536425393,-0.18528140142104926,-0.5262288608844599,1.0653907095622717,0.38508482473738626,-1.0016610851159382,0.8338063242001794,0.07011915699176058,3.4026332121806786,-4.0014720313808905,-3.481179477014885,-3.639139652441201,-5.205895468632313,-1.2018615120837752,-2.9118507627197676,5.5326617373073805,0.6113932866112127,-0.8419149783535103,2.8893960358571555,-40.04293561077378,46.78029036042508,-77.02969141802619,0.0,0.0,0.0,0.0,0.0,0.0,-14.28374739625894,27.997927535060644,-279.3207201614287
101,2.02,1.588926650425723,0.17459775741566044,0.5261107771482764,0.999790241120566,0.005821544090439571,0.014172181159102371,0.013591639550727199,-0.1981481223240422,0.5322429890404358,-1.0683559068986905,-0.08908122945251135,0.7659383579206982,-1.4062965938520966,-0.22017725919563078,-0.6129631456550689,1.23487010844598,0.3932110517019359,-0.9921756296292089,0.8604484402776545,0.3156353278353785,1.9833045692774993,-1.6641491382944174,-2.6111615775747263,-4.623796504432915,-1.1661797988960731,-1.9021336262838782,-4.898461008339312,7.275496232908493,0.31575770960488836,1.082647989431321,0.49161856403486287,-33.46548321026253,31.543925389304402,-102.16970119615802,0.0,0.0,0.0,0.0,0.0,0.0,-13.444805221655376,32.2986881732572,-317.24246971024803
102,2.04,1.6059203775221387,0.17613828315377916,0.5247324073253324,0.9997266797087283,-0.0018735345523890829,0.018431331406351028,0.014259795560661679,-0.18730909345736146,0.5693414139442303,-1.094709148391015,-0.11757653570772808,0.6676468753726035,-1.3213876818991568,-0.25170710300419663,-0.7249403642566195,1.3112479575379394,0.40371943400768145,-0.9687997067460037,0.8648196379462575,0.6179504274454647,2.0336483624200015,-1.5022784370913,-0.5761554807954763,-4.852571337089083,5.352416957109331,-1.3402947980505018,-5.830477247162445,1.1755775737253729,0.6450536304402636,1.0596050487432345,0.30947509129669415,46.27938392225282,27.168278291079318,-213.85510061518855,0.0,0.0,0.0,0.0,0.0,0.0,-27.76122262533035,10.465035350145223,-395.70930008740885
103,2.06,1.622622635472444,0.17684259446598885,0.5243996961164075,0.9996078924846159,-0.011873554949065522,0.020366647924062342,0.015108925430805527,-0.1705540903617115,0.6151121012261993,-1.1269503358801978,-0.08552387878996698,0.578518275786282,-1.2247503011720036,-0.2760098329395447,-0.8595513625840117,1.3262468863611827,0.4215367067595466,-0.9506645231718754,0.8797576310337297,0.880556268744933,2.329896761034213,-1.4837132979741288,2.7283573903107112,-4.073082897225859,3.3089007502833825,-1.18175289139034,-7.07286282225055,0.22324148923191767,0.9226185336349777,0.9505064443744946,0.8845206401298047,29.46736667973535,21.52793757776257,-227.15147990156836,0.0,0.0,0.0,0.0,0.0,0.0,-39.74326619573341,43.41231853173158,-301.37025290331763
104,2.08,1.6397111580439458,0.17658876568793086,0.5244438893557539,0.9993938014206849,-0.023340586623963506,0.020461813643781662,0.015765813660243464,-0.14800489691847699,0.6623886770437433,-1.1531882559036606,-0.0029758211926787445,0.5096713357831499,-1.2204176571889072,-0.2937305852828406,-1.0012114132586067,1.3529241225619388,0.4432605849807929,-0.9242883702170641,0.8910746197498959,1.1441675322686098,2.2507639996165514,-1.0168069116837875,4.653731646944051,-3.047458117931113,-1.1454100250257029,-0.6861878845907566,-6.833949946621772,1.247178813310428,1.0575499925112715,1.4628866466797288,0.4348922342490744,26.436195141137922,12.227496449110355,-173.8844823474666,0.0,0.0,0.0,0.0,0.0,0.0,-29.698605549095532,32.15429043869538,-308.613560103262
105,2.1,1.6575991185302998,0.1759732812475505,0.5250084923661508,0.9991246290646733,-0.03254394511306063,0.02074413414959702,0.016141503376120442,-0.12765373838998748,0.7040274033086641,-1.1663636712573073,0.08939196438364425,0.45484592692321674,-1.197697558118568,-0.2969514701857133,-1.1122080048356964,1.3444998134295665,0.4607303493382925,-0.8928750347682469,0.896115633534432,0.7952921040465099,1.9236046137859788,-0.38384989716624346,4.369245106542323,-2.4702144140679416,1.809703828876339,0.16808426301537463,-4.595322107836867,-1.1808519801456263,0.6430007093953635,1.5488079946558913,0.2403224881036,36.43508470838085,-1.221747487986126,-156.13947534370945,0.0,0.0,0.0,0.0,0.0,0.0,-33.59800163339412,25.104323211858087,-324.81086461318563
106,2.12,1.6762685288825134,0.17524827136830243,0.5258291158347025,0.9989297704804485,-0.03786164465787444,0.02102518797280016,0.016240412014127962,-0.11367872969346807,0.7414594354239569,-1.1679874098343115,0.17465758933763867,0.4113263003966969,-1.054963864849621,-0.2723156669058508,-1.1733923426135529,1.2894647511225446,0.4719395224196497,-0.8663546158699492,0.9091236094128495,0.47861003611247505,1.8178215706099008,0.10567954825661129,4.045602984487767,-1.8131539430761372,7.492277762226933,1.6180598397847976,-2.132840782924583,-2.708669999557366,0.35924270591621177,1.2609994456898825,0.8226406373368382,37.28288633542606,-15.148292263461697,-155.46390523343666,0.0,0.0,0.0,0.0,0.0,0.0,-45.99329824306065,19.06187006771908,-228.730092036253
107,2.14,1.6957293199927999,0.17464717762837298,0.5267903850007674,0.9988843334334443,-0.039104353480934266,0.02104661959859548,0.01606168619836846,-0.10713524409087445,0.7745265445409729,-1.1579236991496047,0.23361973907775965,0.4006277846566444,-0.9794484614352611,-0.22881916571913877,-1.1798257903305944,1.2461565109800559,0.47502419195665624,-0.8364880801467288,0.9217776061278733,0.177998162171454,1.5768404138940337,0.72825106193699,1.7731492419734378,1.1056628706716143,-1.0444794653091187,2.1970231716418835,0.6393699876896812,-1.203896895103877,-0.004857670244240497,1.6272066221384245,0.5245823303822309,45.81202189449653,-33.90775055294132,-184.18160842170175,163.932505006437,-60.16217406363716,-218.4282983321846,0.0,0.0,0.0,-45.12239825514962,0.19192047825386394,-219.25329246654564
108,2.16,1.7160149083427048,0.17576873216876407,0.5282360793637105,0.9992676782980162,-0.028151407674150305,0.020556092007474682,0.01578139525634539,-0.12815726379796244,0.8053900839245898,-1.1392454916042298,0.22019960162674299,0.4546297894492607,-1.016356671118589,-0.1996400422988892,-1.111232254188697,1.1491664913629098,0.4530719615073082,-0.811795918101322,0.9458957605369985,-1.6366671568143087,1.40405619819461,1.2280437313248136,-1.5433049825676093,3.160798251319594,-2.151986503800235,0.6537603796554768,4.671248151328225,-4.846080410350372,-1.6372821274436122,1.0724543571385945,1.571338199797463,34.81430739542178,-12.110894462992007,-81.76540630171,16.966686299753075,17.47640398082613,-94.41307349400834,0.0,0.0,0.0,-61.32203388689725,29.878054137169404,-177.52737185485816
109,2.18,1.7370817725630048,0.17752737225440024,0.5296551075280865,0.9996611890840024,-0.010032966376741517,0.01913846849036114,0.014510880355291376,-0.15784732313350217,0.8278125863606924,-1.1154418240054178,0.18471478384101628,0.5158970750413603,-1.051374426648013,-0.17331785311649897,-0.9597987950162146,0.9369531892423303,0.4166208121663008,-0.7926559320830623,0.9861887336646235,-1.160170369326336,0.960177849954732,1.0077871774118434,-1.7298416902557965,2.9054721913222155,-1.3212567762399137,1.0277270508825314,8.562817556777608,-9.805560446511937,-1.8025749289482949,1.016778089838813,2.1273393346155873,45.75424157794622,-30.996586631819834,-69.1119266588457,-8.908994596377118,8.133028790337429,-91.1346565256056,0.0,0.0,0.0,-43.68779313274317,26.099259675403903,-108.70315251191333
110,2.2,1.758333840435364,0.17872522223116627,0.5312521398269325,0.999761401025777,0.003385244532055574,0.01704471305133401,0.013234760875503362,-0.17034131081425818,0.8248979731923154,-1.054992593551586,0.15754587155588762,0.566624840503638,-1.0633024170888385,-0.1729522116355499,-0.8278774313945773,0.8021542637959798,0.3881460749681784,-0.7561807317104854,1.0060956050755097,-0.5089925925118085,-0.6746367749563793,3.780428426427286,-1.2412724706823488,2.2586749644391872,-0.19951598483108227,-0.5866720646123703,3.435615464631348,-3.133939308525882,-1.2125180228482342,2.1566376742946187,0.3268701909270554,52.26230466686951,-61.573651682367114,-102.37812267805495,16.763061299280437,20.619941499786734,-90.64465402955688,-160.68404766851157,-40.41015209387749,-546.1218026728945,-40.85009807603141,-19.463173684839532,-160.1319712352298
111,2.22,1.778847964898523,0.179356482151041,0.5336532074766765,0.9996958149489544,0.01318573074050837,0.016441887476986626,0.012809309683962121,-0.17514886118469705,0.8350987743723414,-1.0750818914920057,0.1365771905584997,0.6033298514232633,-1.0557402630093602,-0.19031894538535332,-0.8141094927318864,0.8265484613288021,0.36697700781826587,-0.7143518979998049,1.0080114092135748,0.19732711504939343,0.8488395284289719,-3.702685440647296,-0.7999334290608545,1.77825369577341,0.47962959319470055,-0.8060759714305594,0.13689580163436085,2.501667066577732,-0.8732362257016153,2.091304290096271,0.01121397329853805,34.76349754475819,-10.498029879363585,-45.40858512484878,37.19506209949024,5.876227377259504,-174.55854644809395,-44.45916204364004,-7.389860681389,-119.89063323448732,-33.03806135615309,30.77965184158523,-124.42799399789587
112,2.24,1.7991935549562013,0.17927945413169993,0.5351345845653838,0.9996795200558171,0.016165903675618314,0.015130077079379368,0.012271980561207985,-0.1524920098447432,0.828835611132447,-1.2907311102828718,0.13165373667000682,0.6462452634759585,-1.05477369049263,-0.19408650192342564,-0.8028938129716483,0.8766543061694041,0.3614170278357354,-0.6796053543541589,1.021077909117611,1.8271354874048567,-1.4299859024128039,-11.161438552078796,-0.007624168424974931,2.240542956183039,-0.02790513610842681,0.13892520728060942,0.9987540405303024,2.193936476684121,-0.053005150744062896,1.649264026321618,0.9310637197259369,0.0,0.0,0.0,-3.679274681222296,-5.930045707377103,-124.11956150137509,-36.257719814032946,-47.07086218955122,-75.54459425894727,-3.6251085758039774,19.802984751794735,-27.100188552731368
113,2.2600000000000002,1.8194202055651623,0.1784507797181735,0.5352114631076377,0.9996972576322248,0.017927897172608048,0.012224513578346958,0.011599347108848166,-0.09910872925330805,0.7644320397000334,-1.3665209836109211,0.13154395781572398,0.6955181605709803,-1.0602216514378666,-0.19264688673596903,-0.7613315903332338,0.8900895306991417,0.3550437485678197,-0.6551854398471317,1.0824638710585395,2.9460594330191925,-4.116378086250334,0.18961432638580344,-0.026551000437269517,2.4676717802004426,-0.25335853424954513,0.00407590395754414,2.473018743604796,-0.0038738677833670687,-0.5550732867267509,1.0693388731079962,3.2384169660231534,0.0,0.0,0.0,-7.712075348155077,-9.070147372712855,-60.810770444221404,-50.2999995877725,-58.1535607811049,-133.60771827254965,-0.3483960355074341,2.0406801497292086,-2.5997842018699417
114,2.2800000000000002,1.8387967004903945,0.1776623003219709,0.5349460358137385,0.9996326408864896,0.02335071379547911,0.008566034339812206,0.010768031167968211,-0.06053985095239907,0.6617778155618147,-1.2384933954758424,0.12287738955104942,0.725442217095069,-1.037773552160519,-0.20022544388748365,-0.7126112512244884,0.8856669701249139,0.3310919136051352,-0.6537057915563844,1.1611098960223227,1.1374109743146508,-5.451681607830731,7.229680683420779,-0.5936946307573376,1.2882228401535856,1.4723121714610732,-0.5325582805505276,2.0381565320578896,0.17402568403511193,-1.5276072614123444,-0.4274383348110547,3.0905242981438166,0.0,0.0,0.0,48.30935383721615,1.949231767605323,-224.70629582113426,-72.60146935175217,-56.27131860113634,-291.3462246913432,0.0,0.0,0.0
115,2.3000000000000003,1.856889777881638,0.1776444389019603,0.5354435171496604,0.9994022868000281,0.032789722660369225,0.004775567109326204,0.00985379041361597,-0.06969698740354592,0.5497843649745269,-1.1277438900931527,0.10482261364493194,0.7544063894176152,-1.0134999979686579,-0.2187175840345756,-0.6774083090383514,0.897291799169459,0.2922043527523195,-0.6971903557891832,1.2720900506426684,-1.2449885419615514,-5.478240865777319,3.223348228319389,-0.9264862317663318,1.6680082521067854,0.8503206545811575,-0.9968237848343872,1.7170767021779272,0.6625692688479589,-2.102919005521662,-3.015799317093716,4.9845750670449736,0.0,0.0,0.0,76.40123483247261,5.436251099429463,-350.5471623220908,-45.888018235614865,-38.29500640707396,-265.2113304896853,0.0,0.0,0.0
116,2.32,1.8741157612225614,0.17792785659730354,0.5360348323146547,0.999083032794189,0.04176686338625408,0.0014999003983125097,0.009293707787273437,-0.11223339113727943,0.4435488820146413,-1.1192405932852232,0.08771512925784027,0.7932991536326061,-1.008819647068432,-0.2369166419867849,-0.6413979783565142,0.905165900228173,0.2660275449418185,-0.7931869256485932,1.3758727261364183,-2.44985376507474,-5.1287160236298845,-0.9210655238814305,-0.7168045728469639,1.8707168854682379,0.18585634647100388,-0.7508388309680329,1.8708652985366685,0.1893880230540374,-0.7601268558673682,-5.672310899293235,3.7580346593014307,0.0,0.0,0.0,36.41824057489924,7.484842664836288,-228.0507454024508,-36.55678781686371,-50.62685151532393,-220.7327902723352,0.0,0.0,0.0
117,2.34,1.8913421467657667,0.17766514422003232,0.5362575468851225,0.9988717865289087,0.04663874852459366,-0.0006514547172117098,0.008919462952315153,-0.15880888679447416,0.35018396448385086,-1.0702628703355321,0.07938293076649816,0.8259771596556598,-1.0010449269478947,-0.24582266269336625,-0.6018519991293483,0.9029298386699214,0.27141902034478743,-0.9168202911741598,1.348230029713194,-2.212766210127752,-4.218320520342511,3.1746685093871685,-0.1913194353967562,1.4442466105673424,0.6053997406463582,-0.22683183854836872,1.9540110129294983,-0.15445575596324454,0.9898126102428982,-6.387857482586482,-3.3354008944299283,0.0,0.0,0.0,32.70885514759408,3.4421957205899454,-176.95939397876467,-55.78453084210552,-40.20028816785846,-239.04240901147807,0.0,0.0,0.0
118,2.36,1.9094775218463373,0.17663108881190712,0.5368193232738858,0.9988468463159847,0.047252235977834074,-0.001206488854427454,0.008411193990804207,-0.19808904559395332,0.2853422987097686,-0.9722869747160292,0.08033556040223949,0.8468765969984421,-0.9788632808158816,-0.24498184902934575,-0.558327330455419,0.8907395813956406,0.31952662661943165,-1.03626292453892,1.2574592348542355,-1.8393632712670482,-2.496898011842666,4.253678898092551,0.20479057642442766,0.9476457717735757,1.2549227217002794,0.19276458175655814,2.2215805025381714,-0.7516394983285886,3.214201578138864,-5.6332550977531834,-3.971817645632301,0.0,0.0,0.0,59.38192732521758,32.15391189592888,-235.95268832200296,-61.38481982757418,-38.24700791328117,-290.7246572853655,0.0,0.0,0.0
119,2.38,1.9289784541634567,0.17499495836658877,0.5375432151711744,0.9990657430204618,0.04251245202793386,-0.00017663887194766236,0.007765394017964275,-0.22203466547255113,0.2575043146855723,-0.8759058043243425,0.09348732843061704,0.8706635874878178,-0.9605411834529796,-0.23304763263102077,-0.5201579954464582,0.8841565020994728,0.3891975051918546,-1.1113345536957078,1.1293796350764682,-0.8901312758633418,-0.6095404397280447,3.716687857555318,0.8873449111223409,1.241511003968521,0.8144767593668295,0.7845168189648717,1.8699352431439313,-0.23115006272736754,3.4673032983894676,-2.6433644017850075,-5.820873481187619,0.0,0.0,0.0,56.855652421209555,37.90243239862539,-162.9852975831581,-30.236066310432108,-27.679105532210066,-166.39780661417865,0.0,0.0,0.0
120,2.4,1.9499384604113081,0.1735183723421078,0.5371796438693544,0.9993720058203543,0.03470991708834294,0.0016631727388874723,0.006931774286779622,-0.23796687312089143,0.2715799414488794,-0.8092076907157644,0.111970825093632,0.9011782260812503,-0.9552401319378877,-0.21613169752252617,-0.48705582012460014,0.8885205489776563,0.4147906895292907,-1.093776349280926,0.9647492918723172,-0.5968230960053218,1.6000022778310528,0.9872844054204237,0.8808224497059763,1.5929590217972103,0.0014814468382780277,0.851593947966537,1.6402750240601893,0.3380835790111256,0.2706828898704625,2.6166984127906563,-6.862406180104829,20.345652297600452,31.800762697543174,-47.197962218830334,60.36684687143914,37.699084037222235,-89.20937165349876,2.399321555184627,-6.151028105257553,-47.455993966624526,0.0,0.0,0.0
121,2.42,1.9718999470322374,0.1724274643616212,0.5349095355350044,0.9995950439853509,0.02747865738931952,0.003523285933724234,0.00650060645124831,-0.23345286285247643,0.333478777414507,-0.8519877653410007,0.11819366080585726,0.9433238243748755,-1.026104145607894,-0.2003481071067271,-0.46160857482924744,0.9054665766110201,0.3892917880221291,-0.9861226902962896,0.8043279939013799,0.5061366979418694,3.8092139231305904,-3.5227001927686525,-0.2471547060893185,1.8646808457515416,-5.413444570002319,0.729893388677483,1.0235955728422348,1.0709500011171786,-0.8134286062305387,5.440365693226827,-6.4049782630669885,33.20949692208047,21.470373673969554,-113.43242185529775,38.145524296746,12.88364012699487,-50.3462904814225,7.596049190565498,-1.4733759821238102,-9.779844856922997,-37.19658664635368,-15.993671301796207,-261.19472188285124
122,2.44,1.9921373235387856,0.1716689498208545,0.5324227133047809,0.9998032333550362,0.017234666218341667,0.008462433434721616,0.0049847841999789986,-0.2138590891057641,0.41257292036516685,-0.9480904656596266,0.09444418126549908,0.9424334060009409,-1.2197822351295313,-0.1886418370766816,-0.46920145127417895,0.9490640921272373,0.4030460170198944,-0.9666986426825013,0.791858956997398,1.1836375236582566,3.764924388600409,-5.011542269064804,-2.034857101076297,-1.5327144008231213,-9.287093118145053,0.5236043471637362,-1.1117512321137053,2.4449475635158393,1.2828942903482268,-0.7422595189122715,1.8470656303254724,-17.33762267315704,11.030385662485681,-80.06357468219362,0.0,0.0,0.0,3.6972612223132795,1.6143951176461238,-5.045807948503697,-6.344589742836334,-18.396738601216736,-457.59278884653156
123,2.46,2.0107797193551646,0.17243389107236498,0.5297003300003361,0.9998180817404116,0.010891814358748537,0.015109264312590687,0.004108763418635374,-0.2070753701935046,0.48075214180072035,-1.0367778408884543,0.009304898917398819,0.8854409425300745,-1.3920338113410635,-0.20391742331141105,-0.5265565827460691,1.1096163236740864,0.4176125546058184,-0.9813840205736604,0.8407966471283824,-0.09687406445740748,3.0732352703762107,-3.8016423004331488,-5.390212462832582,-3.6176101015421547,-6.108494533014763,-1.319869930095499,-3.5999667509113222,8.1124043757445,0.31990602739291085,-0.2296172376175526,2.0595933083184703,-47.37451082765118,41.79266085248755,-79.15183578430563,0.0,0.0,0.0,0.0,0.0,0.0,-22.64563792871028,25.946691407022122,-249.1711683980657
124,2.48,2.028646489177882,0.17395562431384595,0.5271720659253073,0.9997408143529164,0.006417971956246221,0.021351670210290268,0.004606509759800725,-0.20461104434602007,0.5247129461293445,-1.084330230596433,-0.09288340368191388,0.7867837748794005,-1.3909424447502219,-0.23067877393013972,-0.618462478031748,1.2660542515175486,0.4223886445708169,-0.9633676949041685,0.8524401642148783,0.26378467433249403,1.9105055947763983,-1.8100436514352956,-4.486162377156394,-5.43546307236695,2.464468958065985,-1.1955699459132907,-4.946590910902904,5.43883854677321,0.26387953567583744,1.2696373384432877,-0.00943611878399303,-1.5197923452044624,23.386653712881966,-147.20851354604824,0.0,0.0,0.0,0.0,0.0,0.0,-23.618190344642095,7.998031311426435,-349.35754550661306
125,2.5,2.04577809758891,0.17513419731145094,0.5257876986394905,0.9996458967529892,0.0009130819484146585,0.025950536380130562,0.005815242716425911,-0.199073052472098,0.564004258150957,-1.1162800679724871,-0.15124746477822215,0.6702953991105806,-1.2471723923448803,-0.2509304776689859,-0.736748187156235,1.300342918974365,0.4297599928553777,-0.944130299185681,0.8599243073311857,0.26716262859021983,2.1291643959046826,-1.6735392610732247,-1.7566366061416907,-5.742790444733504,7.164971390020794,-0.8769321192918738,-6.3298545218443385,-0.4725975368354587,0.41746866763191426,0.8075778010806939,0.6642713999022453,37.386727120565574,33.285829584985514,-234.14481320495508,0.0,0.0,0.0,0.0,0.0,0.0,-50.006831166218674,13.080476060333655,-345.50170119093696
126,2.52,2.0626141373649065,0.17507495503794696,0.5253012908263485,0.9995555122802591,-0.008619305653079562,0.027670417678506164,0.006988091706940275,-0.18297237260335458,0.6110672649970773,-1.1499597448551095,-0.12499579037074486,0.5651460596397675,-1.170535219936149,-0.2644903680699555,-0.8861773640318831,1.315182793352351,0.44750279036486373,-0.9235284786200122,0.8734425799980249,1.0343502358013617,2.3636393608232638,-1.4779321807561037,2.8764665867317767,-4.856470949441552,1.3945672498918054,-0.6290426990665006,-7.937236245730482,0.8816587498050856,1.0527552802567413,1.2118183029505225,0.6177286134503787,25.545525208345918,20.575690673002285,-219.31982045741552,0.0,0.0,0.0,0.0,0.0,0.0,-45.56745445768945,31.66636342304383,-298.3825864365672
127,2.54,2.079977127317056,0.1740467548958228,0.5252488936124339,0.9993752454342445,-0.020019647568795058,0.02812309409791394,0.007577869279985517,-0.15926680678671565,0.65863042017313,-1.1761673099571157,-0.04520433854188945,0.47916618020226737,-1.1876686184484946,-0.2808242235692587,-1.0408643817101393,1.3479239667625953,0.4692326400833372,-0.8928170805837571,0.8781271300976551,1.141470367214819,2.259556807757029,-1.0358272541693312,4.355894863405926,-3.936934563095921,-1.587716341129412,-0.8856952953079411,-7.334989842993642,1.3055551779498686,0.9885629240459463,1.6198657279004471,0.11917004275426926,27.524407416535606,9.82673850482476,-162.88008071074026,0.0,0.0,0.0,0.0,0.0,0.0,-34.51570904091441,20.795207936175714,-328.60850856267564
128,2.56,2.0982764882564573,0.17271189283207977,0.5258167504558394,0.9991487951974334,-0.02828144544453901,0.029036168618977922,0.007664581594235771,-0.13926073053610005,0.7003962930944987,-1.1891705929006484,0.04082444165879715,0.4058447265538578,-1.1228885206311694,-0.28781875753645286,-1.1564554982222335,1.3234536568794104,0.4852007584249395,-0.8606724713395537,0.8803757837528412,0.762823141771686,1.9397220230740575,-0.37039941445354735,4.081277704247549,-3.335503266782333,4.420557503563136,-0.004276624538343682,-4.667076282470705,-2.143976647195566,0.5529716249160183,1.5767389522339141,0.1390939481418225,37.49588785378621,-2.798902538384445,-151.21632055080875,0.0,0.0,0.0,0.0,0.0,0.0,-41.260303700616525,16.128379490336428,-303.5836731599847
129,2.58,2.117395616598671,0.17113341661062115,0.5264913091598905,0.9989905840759459,-0.03292212525723102,0.029699754454849382,0.007202165054262261,-0.12445943871388199,0.7384908498540748,-1.1900983467474824,0.122588872938784,0.34638847196006894,-0.9348827330593339,-0.27246247257797646,-1.220336180522137,1.2719553235282068,0.4954480680731183,-0.8330044305646364,0.8913355939217129,0.5315062384010796,1.8716404653219048,0.12863861578796243,3.5517355915719007,-2.2911017301715044,7.226108966020382,0.9806879884062424,-2.2813518986688686,-2.1116889938355956,0.30320577862090503,1.3279879880170848,0.7088271726446588,41.644367828442235,-19.26234539486893,-158.89850522339006,58.434477650750004,-57.62324477013646,-102.60277992855235,0.0,0.0,0.0,-47.143580459356784,11.821594635151323,-196.58786040437593
130,2.6,2.1373086867380016,0.17046651691867548,0.5277439415394927,0.9990133054223281,-0.03309413084085813,0.028843065510325224,0.006728422178270676,-0.11984314630393776,0.77286394625377,-1.1769421204444361,0.14134365191663187,0.38397050563488694,-0.9213763104196466,-0.24215573366568982,-1.2196529497489217,1.24181585962543,0.49563738600762086,-0.8006479066159958,0.9036110219697423,0.10050382402044077,1.5972017456571292,1.0319743047225467,0.22502849037843348,3.548455751240434,-2.0648309572862042,1.6992607221288283,1.2950549013798272,-0.7500608081602478,-0.1214849913736581,1.7944994872141893,0.5438802916600359,46.49466299428183,-23.50507270357431,-155.39531713243193,107.15347429102572,8.448799221307437,-209.1034826326044,0.0,0.0,0.0,-44.769364354912476,4.019460170786752,-184.48665145190466
131,2.62,2.1582073095952605,0.17113691975175693,0.5290918959651667,0.9994438370416742,-0.018970129153292912,0.026744632250694306,0.006072515549379404,-0.14728243716074046,0.8051815436127681,-1.18305494400071,0.11533655171119772,0.46997080677853365,-0.9946211770914317,-0.19269737037888177,-1.1061520583225923,1.0948473417028948,0.4683271495480906,-0.7819978399489392,0.9458883623593425,-2.0339460676768084,1.3862339041623504,-0.9217995374908461,-2.0355541329070537,4.376688133022519,-3.8834489159627545,1.8976378754303393,7.484011548687656,-7.691351202865706,-2.0316719145183844,0.6082741470506783,2.873745013318714,33.15599565058783,-4.521555699057049,-41.82956026679105,-32.315093772406215,15.165957160057722,-44.918511676436864,0.0,0.0,0.0,-53.03224612501489,37.46050308343262,-86.20631429476393
132,2.64,2.1798627461321676,0.17136413599669828,0.5295166413832928,0.9997140360468237,-0.0022531243237670904,0.023483730457237954,0.0039094712638852655,-0.15323709710836775,0.80453934734649,-1.1456538787124508,0.08575754161872615,0.5405099284852314,-1.042785600909179,-0.13749698405651398,-0.9109536434644766,0.8680748027239524,0.4357828649699015,-0.7590209694533308,0.9920369216054669,0.7807378101903795,-0.719893703387881,2.743153878109609,-1.0335988483669252,2.95767067489719,-1.309786531260801,2.491555597105211,10.335658056543597,-9.345806363822389,-1.3002518827666305,1.4816517828127913,1.9347325495950123,22.78670217028314,-25.134158425043452,-42.42565471543543,-24.087303364931905,-8.616327055983069,-52.17977416027347,0.0,0.0,0.0,-32.01172544197902,13.143059043354846,-71.73408341006754
133,2.66,2.2012711871306387,0.17078367809425418,0.5301361671599982,0.9997593076303416,0.008371057278070805,0.02017885610263028,0.0020164257826331294,-0.1418294023541864,0.7703342461003336,-1.0403969710705419,0.06798263949845555,0.5827269136980442,-1.0395054725903012,-0.12989187204625083,-0.7839713605351679,0.7521390437093968,0.4131407542764813,-0.7115133080801018,0.999247704313082,-0.021217732487939123,-1.7280885098894614,5.692900614342702,-0.9419553881240721,1.7181298047478992,0.747358279410165,-0.41784315852023557,2.407720367075636,-1.4875822649297255,-1.0363976715839973,2.55570068222857,-0.2704175622177567,92.02339287378382,-69.30763401676391,-158.2960765102803,24.16015229963901,11.865070264284643,-95.20073880021054,-166.39428553981924,-68.06838792859956,-567.8681590567398,-53.376807125512755,-35.732147263195735,-181.32641828027528
134,2.68,2.2218799419991626,0.16989530935836944,0.5321075619731856,0.9997160179065316,0.015033475817827803,0.01848339225038053,0.0004922975330020964,-0.14097565841813578,0.7910490621481947,-1.060252714806219,0.05742530710670156,0.6100787045843854,-1.014105997817174,-0.14060536113550448,-0.7806063134355408,0.7999726242013168,0.39875740511042007,-0.6665974420280802,0.9974587834773376,0.3481587746606986,2.0266588288470073,-4.89416062796913,-0.1700129989674921,1.5636221398881958,1.017923978695921,-0.39915879579925106,-0.1472742020411172,3.4067243185108675,-0.4545334238304968,2.1629567330689734,0.01595247228913458,50.601871186360874,-7.634221285610973,-63.9981521581511,69.73311175103643,12.848895158632075,-268.1540380462442,-37.182609884257126,0.6194965930741171,-88.01603777090689,-28.04059344791589,41.781744962670416,-139.84359942188928
135,2.7,2.2423333143317965,0.1685858761479816,0.5333055106133181,0.9997648715648993,0.014783196905676388,0.015847048985556188,-0.0007278135186510957,-0.1290594548672636,0.8091452834100674,-1.3015625103441026,0.061809558985993676,0.6558459798225609,-1.0134777137544315,-0.13220841957853932,-0.7721493503585704,0.8663941223128345,0.40155511074351474,-0.6315333163959566,1.0135924761790356,0.8914061800417403,-0.30725624445925737,-12.257288230456446,0.3546198364226832,2.4253083753150397,-0.14517217271168875,0.885625639226771,0.9752958412799266,2.9365555286897673,0.3378170912750146,1.6427882026254204,1.1084185795745873,0.0,0.0,0.0,-9.872628233533241,3.734992847042453,-118.724802732189,-25.836449454165876,-44.86567943976067,-64.91504318121906,4.533866069672232,12.4868418099631,-18.63716535811188
136,2.72,2.262685240589693,0.16666086014809056,0.532994123700008,0.9998220188605734,0.014454785733306814,0.011917026726882177,-0.002230301540733308,-0.09065858911354274,0.7699875031079861,-1.3720342590534063,0.06823878943286643,0.7062375644486545,-1.019579219944463,-0.11618253576793859,-0.7267669932301491,0.8896746910344182,0.4016122071244397,-0.6027263633456911,1.0452983563744245,2.348682657820445,-2.7905405921033495,1.026762734342629,0.27832124893661064,2.4565400712137895,-0.2352799709396392,0.6553207167696901,2.915210698930527,0.16417179334113097,-0.21021171247662584,1.3303591358705105,1.7286854051923626,0.0,0.0,0.0,-7.2096734810836685,-7.64067763842223,-47.15769105247176,-26.414643313490565,-41.39500553182866,-61.58894726035487,4.652466462652369,14.720568571407313,-19.4258776512809
137,2.74,2.2823066986617224,0.16527086719438555,0.5322445186716634,0.9997728068717185,0.019611042496408652,0.007250774074451236,-0.004143419767707795,-0.06975312060446688,0.6930108757440042,-1.2704587021820088,0.06217905539028103,0.7315260395272909,-0.9897990079265175,-0.12173127025892637,-0.6537791462569786,0.8568873654925407,0.3806597321080434,-0.5951651636239393,1.10983241335057,0.17952375686164213,-4.301969357343807,5.3787365033968655,-0.5888539059071742,1.0399862459026212,1.9106661132320821,-0.5962581998915982,3.1709158284543157,-1.4235765938248655,-1.4144890347760903,-0.10805528095473377,3.2625865663397873,0.0,0.0,0.0,47.23032005088855,28.934282828132474,-245.8490553688442,-89.34150883928794,-73.43126980867521,-323.3066283089993,3.4453858028716784,3.80583332389707,-6.421545819902304
138,2.7600000000000002,2.3006503220369754,0.16480903963141194,0.5325606177393326,0.9994971058218165,0.031096634483087564,0.0030708229914639114,-0.005394888672973007,-0.09306037962249006,0.5956399924163106,-1.1978463545740743,0.040745062892303494,0.7615272096302782,-0.9662737635543358,-0.14447262178178233,-0.6135177475239583,0.8585736863501102,0.3381287255978913,-0.6309076513177593,1.225303361310821,-1.765024999065023,-5.026792614381999,1.860700383858895,-1.1810130058679278,1.802300927313601,0.63133930963016,-1.2753053669197627,1.6088815643646202,0.69645243041431,-2.438134255493801,-2.5914573122177385,5.180920195637119,0.0,0.0,0.0,62.84238685981472,20.88668722542135,-338.8747538373094,-67.2154139003279,-57.321626340656394,-308.7281558628395,0.0,0.0,0.0
139,2.7800000000000002,2.3178975129110464,0.16470572853962878,0.532913085946411,0.9990566015465622,0.042986595649822386,-0.00030654798710286077,-0.006161617401702892,-0.1426971514887393,0.49114623925783374,-1.1943842339599482,0.017725423951856,0.8017341963267458,-0.9651379665671662,-0.16917175630033196,-0.58154210658382,0.8719078780470021,0.2991642556448747,-0.7251181656967113,1.3599216648187447,-2.672756925751094,-5.234004034605391,-0.6535485236166301,-0.9892622169822298,1.8938429884512455,0.05114464415951471,-1.060694925927133,1.7407087592324768,0.3990313936292249,-1.5631510505591757,-5.741925965737255,5.437677920725385,0.0,0.0,0.0,26.13891414916538,10.093941061744097,-220.17819520591638,-26.27267284449391,-58.20628428879181,-183.66170071546813,0.0,0.0,0.0
140,2.8000000000000003,2.3348124873325413,0.1642218354610091,0.5325745816535083,0.9986718954395114,0.050963212051625906,-0.003002724033010492,-0.0069411760543384,-0.19234404129642244,0.39027475417188306,-1.1088989462056407,0.0029335634707414976,0.8338250923092403,-0.9578461492228785,-0.18561921009847554,-0.5403931741120516,0.8683114995600543,0.2831141463659368,-0.8568169590096403,1.3669521923140604,-2.3205942737130676,-4.706959864466461,5.173040167416147,-0.5021698901747658,1.4205095942852224,0.5998032961909772,-0.5960107902544504,2.1109194477837425,-0.33957862874290684,-0.19160744332288604,-6.959762291456885,-2.0591451705857695,0.0,0.0,0.0,30.167538338370242,10.495497024721477,-194.96879227875525,-52.32968936723419,-39.36071348350201,-203.88559580918292,0.0,0.0,0.0
141,2.82,2.35241156119342,0.16286437874713716,0.5324896122164676,0.9985278161149734,0.05350772850860497,-0.0042219681378825175,-0.007829330721994737,-0.23098192988642144,0.3119593393702158,-0.9802320404702148,0.00017767646548343108,0.8540862620635638,-0.9355867125888251,-0.18991410067689066,-0.4929181895751944,0.8497909516031823,0.31381277289310283,-0.9967394696767505,1.2953364798293963,-1.7373729892578689,-3.254635911983672,5.154799361915416,0.09877490560079219,0.9346429029194591,1.2290390840468295,0.019706082645010392,2.322008047509196,-0.9706630615584878,2.6010049750694084,-6.90266470141502,-3.4042634856989267,0.0,0.0,0.0,56.310424908010795,38.81683721822273,-275.97920909417917,-77.08569501061189,-50.04760200424396,-315.9759258011011,0.0,0.0,0.0
142,2.84,2.3712673282911894,0.16047796636458045,0.5327372070717682,0.9987795931641283,0.04850603111044448,-0.003303120246813808,-0.008693596577152527,-0.2485318130918917,0.26614657750821835,-0.8807890873713338,0.014441517326780194,0.8777757391739593,-0.9189222314158131,-0.1776900998473475,-0.4554395180566499,0.8423437685923536,0.3894178845546263,-1.1065691559143047,1.176949606392589,-0.45755374388628867,-1.5703756005323133,3.4818682259714944,1.0347214686576622,1.2053239310357013,0.7387875240252939,0.8929867682451346,1.7938467863773448,-0.2195871400958444,4.262585781814629,-4.590078638875825,-5.555666868770946,0.0,0.0,0.0,52.01882646225046,36.95163896331202,-179.97484893735418,-36.721194553891486,-33.17956861337164,-188.6674109696738,0.0,0.0,0.0
143,2.86,2.3915534579179827,0.1577957291280089,0.5320256317825856,0.9992183711584376,0.03824313003789237,-0.0009383436801079585,-0.009961388232674862,-0.24967250550170894,0.2614208934312187,-0.8095245845786011,0.038928830539199454,0.9082474427579982,-0.9190959530049756,-0.1555194482640542,-0.42471597287209545,0.8477710502721966,0.4428809616454704,-1.1274630106471302,0.9983519739152165,0.2702413457559837,0.7842715495092192,1.3778890157653074,1.2135710167320102,1.6044027009120494,-0.4409910082438402,1.1456126657787933,1.5332740156123452,0.3708614505470908,1.753540287429169,0.8084778733266647,-7.884754736539976,39.23911774217466,32.32255336397457,-63.5506338095505,60.00372777981069,30.761876278422285,-84.33313495334129,9.22361997154351,2.1857166002159842,-47.61924493674565,0.0,0.0,0.0
144,2.88,2.4130480269057153,0.15563204213132026,0.5296957693182978,0.9994808177052444,0.03022948944074356,0.0012185498225610722,-0.011080981172169317,-0.23695124265020093,0.319907380313636,-0.849378021681523,0.04774243485716474,0.9547563978253278,-1.0276673586143767,-0.14129792220957374,-0.4042963816282629,0.8690012224093572,0.41907503966536974,-1.0307198288855206,0.8219612314500597,0.5769546437223344,3.954537846262726,-3.7375363339106507,-0.26409367987914945,2.0466690889795585,-8.308627625742577,0.4268706543518929,0.7027737802960315,1.415895901909227,-1.4262304649097388,6.03235738408313,-7.400447722411798,46.32517700327992,23.322901346199213,-132.77931437147407,20.371480666764228,4.918055558191703,-26.207809938098325,10.391970659468168,4.510457374909953,-14.225789305944371,-31.945583730544133,24.48009349106796,-98.405298712229
145,2.9,2.4330184875516863,0.15390240593830967,0.5269823256299742,0.9996921815121285,0.020432537989766877,0.005591217445533766,-0.012914793931579266,-0.2168875649089941,0.4035577843846942,-0.9522682978525825,0.030398158968490935,0.9550480275767818,-1.2452639248854624,-0.13672045561910887,-0.4230873101009183,0.933652297552286,0.4262481005416842,-0.9932809635360534,0.7842328536944377,1.3035119028352007,3.9493491143715853,-5.339102274876711,-1.4138117555376142,-1.5038917338535758,-9.006527644826495,0.19961948119923018,-1.8145105679330404,3.5066107404856823,1.2728757142701141,-0.5610868006937233,1.349954771843091,-16.926856343055597,9.17793360409023,-71.69827099082639,0.0,0.0,0.0,3.984414955406824,2.4853356252313215,-5.872164076176448,-1.5334257085864913,-44.92775614706087,-533.1827697536862
146,2.92,2.4510813824317945,0.15364772036554777,0.5244248106770835,0.9997396815354085,0.013209690107413708,0.012012493981388588,-0.01420469074259001,-0.20871847574517033,0.47519168139941215,-1.0462149511975125,-0.03648386190915574,0.8997829440680821,-1.3917860888692173,-0.16033980349515983,-0.49684204799073295,1.0995289702260005,0.44394702053962937,-1.0133344978880492,0.8365804728185517,-0.07639086471491036,3.2435749009467947,-3.999218925159808,-4.317856122806956,-3.4415747621541746,-4.7401714175259855,-1.8193486346653194,-4.471021189967332,7.937873502400315,0.502332805365215,-0.5681267486887103,2.402286006997074,-45.484167742484686,44.14671071941308,-79.29827862680703,0.0,0.0,0.0,0.0,0.0,0.0,-14.866830989255886,18.059851233547313,-274.06148687975053
147,2.94,2.468320278403608,0.154283633656958,0.5220905618108577,0.9997019167704723,0.008713145423141106,0.01799850415183256,-0.01400758903504902,-0.2067190576055598,0.5202327760318239,-1.0933077333019994,-0.11553937678130748,0.8089697603963717,-1.4045731980211287,-0.20416147346848254,-0.6114512770979889,1.2722344635302485,0.4499320369251664,-1.0007411593850084,0.8552937448068414,0.25104079610792635,1.7989425875174927,-1.5943520852134638,-3.379355175397334,-4.978016638355018,1.1089548511696519,-2.2335077182428673,-6.192766753114528,6.420731713770754,0.2543120710315586,1.093789927635269,0.26293192195492815,-21.94251096152251,31.579218036000768,-124.66307562854395,0.0,0.0,0.0,0.0,0.0,0.0,-15.5761110084495,10.348432968880095,-345.16522053729744
148,2.96,2.4848828318879477,0.1546683816315225,0.5208670051007191,0.999655495277383,0.002966618167896323,0.022592904086525773,-0.013024999935227925,-0.1997602528949793,0.5567807731966185,-1.1211032674070913,-0.15517142773214962,0.7007455794400701,-1.2820609961860971,-0.24624940208608925,-0.7510510717477641,1.319259671853376,0.45768871900045505,-0.9820002697289124,0.863263250400133,0.37856993784634424,2.0312590959081023,-1.5576929285402663,-0.9335815896900813,-5.38556794919991,6.539040224014437,-1.9651250971735776,-7.250517606085652,-0.17811573010465964,0.46765421924872247,0.8076224647095669,0.6073266245120196,41.213134796766184,33.94110854516669,-219.98371024416656,0.0,0.0,0.0,0.0,0.0,0.0,-34.25762730932415,4.577347930256819,-373.48248026366826
149,2.98,2.501159994486164,0.15402706461568402,0.5206721220789258,0.9996053404321112,-0.0057372859779761375,0.024658032631867482,-0.01217490681421956,-0.18473814406644828,0.6022314360467033,-1.153787324171704,-0.12349578406350756,0.5980662025829625,-1.1818656285064106,-0.2853469658485969,-0.9127769432885382,1.3259830519399736,0.4734896812283056,-0.9638999107451476,0.8781773287319625,0.897475032743609,2.2876641015250025,-1.45656530203002,2.895296370487975,-4.833959647681885,3.004368614835435,-1.955788782656472,-8.353651345788693,0.25590418441281637,0.8781735417783598,1.0387703011742158,0.7437002212361211,24.402253067722484,22.79024874904706,-208.3070068508286,0.0,0.0,0.0,0.0,0.0,0.0,-38.556971145505095,30.856994006332698,-316.89647937506885
150,3.0,2.517921494766358,0.1523392766633246,0.5209991569605422,0.9994811218550278,-0.01560588681287364,0.025501770329416668,-0.011983449514401709,-0.16337030967568222,0.6475647296290623,-1.178320377307207,-0.04464350110857296,0.5095564128445551,-1.165159102190618,-0.32224238880929496,-1.070709731953772,1.3494777774305322,0.4919285260239993,-0.9367879877096352,0.8862602731445091,1.0459337577493304,2.1360384611114243,-0.9234985666225017,4.303558523641333,-4.121396903756795,-0.29275743034644974,-1.6212412154909157,-7.313741860442063,0.9946411590893691,0.8372508628550146,1.461421743294142,0.27706703390263054,24.616166569636068,10.796762449381268,-157.721928499049,0.0,0.0,0.0,0.0,0.0,0.0,-27.45964156231966,17.981442707214768,-332.84241080985686
151,3.02,2.535599058971175,0.14998944215961202,0.5220062856679893,0.9993040532390994,-0.022837309499702207,0.026791884130295148,-0.012331318642798076,-0.14402487026839825,0.6870516659784048,-1.1893806759314722,0.04132754009960904,0.4303950932356172,-1.1040569457730118,-0.32918267394354617,-1.1787028473918317,1.3283341630457057,0.5057241732873384,-0.9064170871072507,0.8896605469834288,0.7618963636706508,1.8322933693936352,-0.289344404742253,4.093778609936305,-3.6996556318176967,3.6401498866030138,0.5038448905373303,-4.055608142424713,-1.8195482680376478,0.4694845335116383,1.5111594925811458,0.15144888179927898,34.409819567833395,-2.1272204499771763,-144.78329059326168,0.0,0.0,0.0,0.0,0.0,0.0,-34.75274968868345,11.527348194097469,-315.84902823280885
152,3.04,2.554134356100496,0.1470626790959655,0.5231662538773546,0.9991201380619305,-0.028345208004608626,0.027957271249216077,-0.013186731459377132,-0.12575098887451935,0.7248063804084547,-1.1917438110325433,0.12427447442251957,0.3661783410676137,-0.9555659026032111,-0.2869172200880064,-1.225449017708454,1.265077104258519,0.5175524563546521,-0.8782157036835104,0.8978393045928391,0.7938089445817604,1.886162081993869,0.0027913038167192844,3.373966662170936,-2.0994215088285912,4.45303817869995,2.601711680422218,-1.3827525304368282,-2.8210631085388047,0.4691775422346656,1.3904120889969895,0.5119379254103869,34.53532191534835,-16.7542191519909,-140.31271287987178,152.89480206921283,-69.98406311273037,-210.24841580663605,0.0,0.0,0.0,-50.025557991417,4.895879806109083,-217.3193443460314
153,3.06,2.573580357684658,0.14505895457754497,0.5249224061045111,0.9990812268495459,-0.029807394096557742,0.027467701774570037,-0.013919294996553594,-0.11710071955179523,0.759147865400976,-1.1805715834868293,0.1446767825128215,0.40131192791257153,-0.9560839612654713,-0.22752619201406102,-1.207543148015642,1.2158926616789612,0.5200766666210705,-0.8455587496322211,0.9074629430372682,0.22572471065644442,1.5765992484643003,0.9540454766198152,0.3243800927678519,3.1369768643135187,-1.8571160841523713,2.7823299184450496,2.0191948181744084,-1.4323798929854432,-0.07541155904369823,1.7466541812917489,0.482862594908188,38.358455003754216,-15.614277155316575,-131.75221309015512,89.32241765657129,16.49342357612403,-176.5819693879957,0.0,0.0,0.0,-55.846725875936116,-0.6612574924916175,-209.10270961405845
154,3.08,2.5940125264537848,0.14440503133511806,0.526945084002412,0.9993985054836149,-0.018397692974314678,0.025274175770718495,-0.015012267298781365,-0.13713646920463168,0.7906035181144702,-1.177996826783401,0.12539222259955005,0.47430120325926844,-1.0109619768798617,-0.17034294693521404,-1.0916949780407372,1.0741442245445443,0.49789694842999577,-0.8248097021953386,0.9419326584673121,-1.5690708482455984,1.398872942210181,-0.2775821739405349,-1.5877288369098808,3.6307275225308753,-2.7024265243094097,1.9823865122600237,7.313040341820304,-7.1412033871144605,-1.6606431478177783,0.7721091070884993,2.3243942009929266,29.062232875831626,-2.556175980892563,-36.46916716242961,-26.005280745461125,18.2245827896495,-67.58783254033573,0.0,0.0,0.0,-62.65513937685235,34.04943233765004,-113.35646652920806
155,3.1,2.6151379640734027,0.143744983181242,0.5283412070729465,0.9996087465518906,-0.0032105235222752646,0.02156000079248003,-0.017527484745347866,-0.1455524245194891,0.7946781343233787,-1.148748123421453,0.09878906105777638,0.532768717851066,-1.0383284953117333,-0.12576649887540176,-0.9027876045207465,0.860480117315837,0.4679925718999125,-0.8038781857107027,0.987120120601181,0.3595323648229679,-0.42243134329598236,1.9075917731829064,-1.0647168524949588,2.485765488025883,-0.467709953771686,1.687610481853599,9.922284749408645,-9.202745852021177,-1.3066414597186395,1.2582428166674005,2.1281726146203837,24.45663529773348,-16.59027499417977,-36.9494548621457,-10.939827931490235,0.9186416717133314,-76.54695450150845,-10.681776587563498,-6.741073933086685,-15.795514313624375,-42.17430567410088,13.122886910938863,-89.17883856813499
156,3.12,2.635858848153239,0.14242578762007888,0.5301563823242046,0.9996210758136654,0.007543873654178043,0.01818455357239139,-0.019238419134426463,-0.13546516714935905,0.7583920447846676,-1.047284348033067,0.07973776628535871,0.5735003125031041,-1.0325105208123397,-0.1276835741847732,-0.7938104619058468,0.7581264981132235,0.44477733383426543,-0.7603960019845293,0.9984798454478918,0.16506539545082405,-2.1312523885727015,5.784014888742949,-0.9611555275150386,1.8323581463961267,0.5349243014091661,-0.5564648515519022,1.8437464447201743,-0.8238965087024734,-1.0520508503951416,2.4397980721013375,-0.14878012261353674,72.78531527771277,-57.39738284236803,-117.14402954491895,30.014304865989086,15.354019960613423,-100.4352314400901,-135.8625715642083,-62.567919664993696,-476.7176573359216,-47.44397447899888,-36.21777023648291,-187.76400407892078
157,3.14,2.655903718190896,0.14082526687008803,0.5328459198367067,0.9995502459990789,0.014569847329210885,0.0159080079052446,-0.02083171995946536,-0.13201958910240794,0.7650114575892886,-1.0777518814407478,0.0682256766322126,0.6029218940010308,-1.0108843199639352,-0.1403217737672471,-0.790703162570912,0.8076276475845647,0.4292409389568732,-0.7190139186763869,1.0025032193605132,0.41973521246973267,1.119161691506112,-5.5088456057246535,-0.2664674439396077,1.5219133950981891,1.0567523770972382,-0.5285147685354962,-0.01607592551810627,3.314142703862308,-0.5610540958822052,1.9575167341813955,0.3954952493539096,29.43429701529213,-3.0317708035692728,-37.00479817970583,51.69288152608398,5.004555409175541,-231.17290988348714,-36.64528987822719,1.8087282906678177,-70.2660311263316,-30.405496555789227,44.191646801418365,-126.78034997389469
158,3.16,2.6759256355620806,0.13879048848389688,0.5344691328696216,0.9995487210970111,0.01583489928489006,0.012515360668759615,-0.022248053067549456,-0.12046209328014726,0.7612274562431862,-1.2950744602059039,0.06932344067406931,0.6466432812056867,-1.0062844119517964,-0.1347500263046868,-0.776651652644322,0.8664772330026842,0.42871519736146374,-0.6878495936468755,1.0288451222078716,0.7918881174815174,-1.277008737426509,-10.290707172082382,0.17229260107468397,2.341968673124187,0.06180064084816036,0.7419282272690901,1.287848594743012,2.453844685192781,0.14235979466019827,1.472866265055884,1.6725577754898582,0.0,0.0,0.0,-9.137210093329076,-2.7558844447965667,-96.32002785525854,-23.356020104210767,-55.04255675378859,-74.94001184074938,-5.23705975938628,10.316195831543244,-15.433883376413325
159,3.18,2.6959881858429315,0.1363249826007796,0.5346484032236326,0.9995216819962033,0.017755763874289232,0.008070488660764022,-0.024000151697362932,-0.09298944600279253,0.711536057253307,-1.3376286954717265,0.07061216567488124,0.6939757166302956,-1.0069726736637754,-0.12897439401714678,-0.7259207772635728,0.8754933636104476,0.4214596172351955,-0.660869757366126,1.0689308381885736,1.5933571190312659,-3.0438193806350604,1.8147013492912474,0.008907338781273241,2.294064165600053,0.02721453783608841,-0.021992364468600034,3.0546854062716653,-0.5198353903919497,-0.6367766493957712,1.3053014834839252,2.0043369276122323,0.0,0.0,0.0,0.8677667994881292,-9.14514529762378,-56.95566532721057,-27.234869864255224,-53.26761851010292,-92.43663705437405,1.489766466189786,18.23527486075289,-22.982650485240562
160,3.2,2.7154323092423938,0.13431004174371275,0.5345677852528198,0.9993629438787528,0.0245421678191581,0.0033429495787457844,-0.02569461205859587,-0.08676959803617389,0.6330939861876931,-1.2344087390686014,0.060214601684144435,0.7190958359080254,-0.9765424818582149,-0.1402689441706977,-0.6643699122515473,0.8548714611545439,0.3953998884170704,-0.649195095094188,1.1331272851850962,-0.4880567808233234,-4.27604806422361,5.151462799897926,-0.7584544405424146,1.0878055013704626,1.8375795164213595,-0.7560171698154685,2.4446639879598795,-0.4281923335505199,-1.6035051936586482,0.24132477511079728,3.005520380765417,0.0,0.0,0.0,51.645035541917906,28.22776523413017,-245.35880088835017,-75.6847902204884,-82.97636906080358,-332.7506516725846,2.3229170331812132,3.5963520707440497,-5.356126426053935
161,3.22,2.73395586369196,0.13324355517859124,0.5351601625890471,0.9989838758133148,0.03608335768618984,-0.0009320023708518184,-0.026987747862287602,-0.11846855249726256,0.5459945810905065,-1.1900205916636888,0.038167098015503303,0.7503100447158857,-0.9550138011732348,-0.16414324545325604,-0.6285492511441017,0.8655146370020458,0.34415731954806983,-0.6729889268752735,1.216840909112219,-2.000701277122955,-4.279241372684049,0.33784561503169064,-1.139164327202555,1.8335919499224989,0.5772487584032477,-1.2871545468508179,1.6623205686843174,0.7859313299662722,-2.9914953059300333,-1.902606513011684,3.488234152764604,0.0,0.0,0.0,59.73179371434967,18.20846250901918,-313.42550560848827,-44.50631586305035,-51.85636039400035,-259.1166698604806,0.0,0.0,0.0
162,3.24,2.7517493223516185,0.1323950568498311,0.5355926813697339,0.9984811584098338,0.04730937052667487,-0.004409343455411228,-0.027888303125463518,-0.17032969039117096,0.45862727721007196,-1.216816222140193,0.016432850136361435,0.7906279314704105,-0.9535877683926755,-0.18785127368630786,-0.59049527086077,0.8715169901886627,0.29849649351665847,-0.7482496367669926,1.342058159073454,-2.6995286474245765,-4.363077101194016,-1.7500091762255972,-0.9180443391729882,1.8970728849177838,0.08184073741116053,-0.9822419587695179,2.0571311617190062,-0.05602137037549454,-1.7780803760898838,-4.654046054319261,5.647751080018546,0.0,0.0,0.0,25.843537321332935,14.798323303699105,-207.97772643326823,-28.660026165834577,-72.60742164549704,-217.28374117093662,0.0,0.0,0.0
163,3.2600000000000002,2.7692548973312077,0.13101088508838346,0.5354230941347118,0.9980624922622202,0.054677700507662456,-0.007023407590464441,-0.028849304191561665,-0.21577073068105146,0.37611404808441545,-1.1304544356962287,0.0031575089598432303,0.8230352490947832,-0.946146069911985,-0.20316901023024383,-0.5496003783225877,0.8686193618807387,0.27323304154651235,-0.8550808799441402,1.3451067981842018,-1.9786765344864032,-3.7703864285042092,5.7064646807465405,-0.4214604174767819,1.4448891900519498,0.5875477553661748,-0.5550431688331597,1.9760090332451596,-0.08132142173520913,-0.7842458635355745,-5.662763710890932,-2.3517992108940744,0.0,0.0,0.0,30.942191759305196,15.474350813831885,-186.1065298878671,-51.79872821745988,-40.6732658075365,-201.34205094007834,0.0,0.0,0.0
164,3.2800000000000002,2.787274287085688,0.12876575731342588,0.535616676979066,0.9978826105646675,0.05702855675061032,-0.008379361924999206,-0.030130143400172428,-0.2489734871278239,0.31729523140309934,-1.0017202409728831,0.0011812575909817143,0.8415151305238656,-0.9205170625356593,-0.20758507126185197,-0.5023213993951129,0.8532604623876135,0.2902656693004265,-0.9735465331132747,1.2999285724644585,-1.4950995659433584,-2.284793324724758,4.945795220783437,0.12489058456420035,0.8348208520429035,1.4416398713973502,0.0026760250960295717,2.4035511076268716,-0.9274061146938994,1.8622470960897788,-5.960745956464667,-1.7187944649054918,0.0,0.0,0.0,57.01890174306462,48.480162972521065,-301.705725087189,-68.3917408762277,-53.244237371042324,-312.047758617825,0.0,0.0,0.0
165,3.3000000000000003,2.80623653980446,0.12544078259285904,0.5362813040368807,0.9981469582341389,0.05159196703095868,-0.0077098263469185255,-0.031328537845091466,-0.26124220833361683,0.28867536308292435,-0.9116313459945679,0.01667745089043778,0.8635529500007868,-0.8999934947495092,-0.19485188072107296,-0.4631523986558514,0.8456851487989224,0.3556700484736635,-1.074345825900305,1.2012624475926847,-0.19291966597206595,-0.8081168072450233,3.051745105442693,1.1077871506876105,1.1241584614262012,0.9251789110625701,0.940235193665954,1.857643761654443,-0.2222880143865068,3.9461227465794564,-4.449485297843305,-5.111809373869099,0.0,0.0,0.0,48.224786852061015,43.42527226835038,-200.38376939425052,-34.13238966204266,-35.63744280628462,-191.4084019247263,0.0,0.0,0.0
166,3.3200000000000003,2.8264395916626985,0.12155906404552697,0.5360922501555507,0.9986332248012545,0.040333561463628494,-0.005031304028789741,-0.03285684285617132,-0.25557730701872533,0.2936012021980214,-0.8321187839241864,0.04422427520742474,0.8929909948142469,-0.8982674708365971,-0.17034676466562984,-0.4294435351194732,0.8465685115594274,0.41459849772027413,-1.10081140229255,1.0228044934508769,0.4465681094924722,0.9464882301741976,3.0349172055645326,1.405493950924591,1.5610350733422853,-0.40146722922855005,1.3002602852084193,1.7039664965458101,0.039446198839837215,2.340297482230748,0.3070291732411128,-8.109394202086188,-1.043858432844164,4.192058770016567,-5.408391737975323,58.75298438771759,32.11916746669373,-83.7495460730351,2.1250401610534895,-3.8431772332863545,-72.64023128885134,0.0,0.0,0.0
167,3.34,2.847758571690636,0.11815999880627812,0.5340189312718896,0.9989639963683287,0.0302186771455188,-0.0015656499101034647,-0.03398991397091159,-0.24335836746324038,0.33816378262897845,-0.837121112160165,0.05660187965186438,0.9365438374069854,-0.9957714171099813,-0.150125417355144,-0.405446829556549,0.8599896205505464,0.41147593286331324,-1.0205011525268144,0.8433820188387182,0.7380753839953936,3.2325046536645408,-2.3144611805204054,-0.12851348856591654,1.920967550534996,-7.383258141130773,0.7479379265115602,0.9123472644731512,0.9829096401198086,-0.5976077025667976,5.280300903433239,-7.26151992820097,69.90668048088543,39.89134497469939,-141.07338270737478,24.782644638126857,8.644477376392938,-32.82283919284599,10.484621763418378,5.222298709977637,-14.762808879385544,-25.15182335978456,15.677376921982034,-69.86408773774565
168,3.36,2.867998698119787,0.11538231231478452,0.5313560569623277,0.9991469469754483,0.020473955234416717,0.0037158159117312546,-0.03567055114248039,-0.22378333078380105,0.4188868097039659,-0.9307088728644691,0.03829053618384365,0.9386909098599708,-1.2074134666241214,-0.14340451053843248,-0.4150510837705148,0.9118600594641523,0.4198290415630771,-0.9732421417613595,0.7897713489231303,1.202084518785996,4.064731363285688,-5.379266518165194,-1.5134394832206144,-1.3881447914625915,-9.227505831736021,0.2085205410845395,-1.2643417187236157,2.9622143175966644,1.1445449171780577,-0.01974632122601694,0.5207126022482398,-0.32289966916420165,9.95141774044041,-98.17444962570895,0.0,0.0,0.0,3.7145769754110867,3.251873975995683,-6.1754404759200785,-9.664093876419829,-52.84833690489157,-562.8262495797331
169,3.38,2.8863255432276116,0.11415271870722904,0.5288579887868491,0.9991631307440253,0.013324807212357223,0.011398134866348148,-0.0369536222327156,-0.2139599884159164,0.49169786717879976,-1.0318164077565792,-0.027597958439484673,0.8861327757221139,-1.3784601902254583,-0.16576347357397783,-0.4824636284599408,1.080237732484012,0.4370920667037887,-0.9885564147211289,0.8315750204712729,0.07799027624538529,3.245128542354979,-4.450701905731234,-4.258458090755827,-3.340549114755596,-6.043012988472469,-1.7336740329746378,-4.279310800785759,8.3137832754355,0.5382968687883792,-0.4696568273332626,2.0210511764382497,-45.90679853254145,38.86438438025907,-75.30051151033967,0.0,0.0,0.0,0.0,0.0,0.0,-16.558460860240658,15.961672051378144,-287.6255055749418
170,3.4,2.903787575573846,0.11383047622227323,0.5265197985639806,0.9991129532648716,0.008222450855126465,0.018887668066347327,-0.03672810797325275,-0.20940364857688068,0.5369163195279514,-1.087344659678906,-0.10725502579662774,0.7973088172128573,-1.4052858769444232,-0.20749347623464168,-0.5938740732380807,1.2719040789196772,0.44487175110538324,-0.9751956552365607,0.844657336824192,0.34191950660662446,1.8125870106416995,-1.9466783550672695,-3.4835030023098983,-4.8760430279506,0.824087622055699,-2.1225498657627138,-6.030899186759846,7.358615963008065,0.34694892450386045,1.1664452344942113,-0.04051007437980925,-24.28257987387319,24.926461208116663,-123.71891457813675,0.0,0.0,0.0,0.0,0.0,0.0,-19.72972207898445,8.413805541044587,-326.67330453782733
171,3.42,2.9206002155251687,0.113379843879915,0.5251347822180473,0.9990537900646151,0.002779396934131081,0.024835900084348213,-0.03559462848816758,-0.2030143791054719,0.5723082411780303,-1.118287599998057,-0.1545332982889529,0.6903914384174681,-1.278381678617309,-0.2480063023851734,-0.7305746053799158,1.3249389043008055,0.4523568410012749,-0.9546533093049747,0.8465001279006251,0.2930175688394556,1.9595351166916004,-1.645174584098826,-1.4345000204173401,-5.33242296009003,6.907837003102447,-1.8977498139084235,-7.122619188097448,-0.2273390815807994,0.40201077280099173,0.8914400056110571,0.32020463838235336,37.167725593266105,35.1105024272889,-225.6127815258746,0.0,0.0,0.0,0.0,0.0,0.0,-42.19174062494612,3.4368081191502826,-350.29252949044894
172,3.44,2.9370336116258433,0.11194030124777613,0.5247456776538717,0.9990028660566533,-0.005012271398036527,0.027908426084661184,-0.03448580141887714,-0.19012155208788992,0.6163276859141217,-1.1514507936118326,-0.1310272210791082,0.5882988756425577,-1.1643973065499895,-0.2848405365567802,-0.8919079125895233,1.3213778771109554,0.46665988476294246,-0.9355431001160103,0.8572825217085783,0.7896216180564821,2.2324929454634392,-1.4703675777346523,2.5726637867957174,-4.802906833627522,3.638705304950988,-1.8308805285230478,-8.415957362389822,-0.2870452128192357,0.8116034070466461,1.0548434150292696,0.607347049450169,25.75230838736203,24.588222440311394,-225.4726325604008,0.0,0.0,0.0,0.0,0.0,0.0,-48.00009181371354,28.938345591604026,-304.7059057658909
173,3.46,2.9538527723963153,0.10932520018999334,0.5247884541873128,0.9988863743998558,-0.014525157925042874,0.029264969704748612,-0.034038101794082835,-0.1696752809750428,0.6617102798476127,-1.1768773258568357,-0.05360415018856689,0.501742860230749,-1.1493317296059937,-0.3189641080463544,-1.0545962720610162,1.3396731924537413,0.4851216307137098,-0.9088651089060423,0.8646982434921305,1.038932337978823,2.1621920141831534,-0.9716278394261535,4.368776721364312,-3.9970810311282103,-0.6525589992755979,-1.5099904469437613,-7.666148958912903,0.9321037818091162,0.8745033571920509,1.435142742665608,0.2876854627384222,25.075264276373673,10.414428485491515,-167.99441927974908,0.0,0.0,0.0,0.0,0.0,0.0,-34.123393198696675,19.036729215033617,-312.4593509862277
174,3.48,2.971609218972578,0.10599444282707016,0.5253873369037139,0.99871029359648,-0.021451402657556618,0.03081136977332202,-0.034179617919866435,-0.1510346807026457,0.7021174263776403,-1.189479817168316,0.03275149616990815,0.4253353293882796,-1.0991578421992427,-0.3268161037982757,-1.1703005985750932,1.3173282051697872,0.49901616089567447,-0.8782860217792215,0.8675985201976876,0.7165001798177826,1.8713110567934828,-0.3585757254236396,4.084158085778013,-3.567397237951089,3.16215052358182,0.37940377316868623,-4.449092032970192,-1.8749841815378758,0.46149509654139076,1.5233580694106859,0.1240451536706131,34.52375954979962,-1.0891317263073248,-145.27558297768306,0.0,0.0,0.0,0.0,0.0,0.0,-38.66290851717247,10.42222401486406,-310.74268680088784
175,3.5,2.9902161168342576,0.10212789235137755,0.5260811336044287,0.9985231048239849,-0.026428360470943345,0.03214739424871473,-0.034924145494270746,-0.13384070017326222,0.740330391535201,-1.1924814624283593,0.11355826562275718,0.3635427530806171,-0.9443725987317574,-0.289294783756623,-1.2250316106788754,1.2534904177942692,0.5105011583275393,-0.8510837333982219,0.8771053250328654,0.7355329543758793,1.8991459149456347,-0.004528217556283076,3.1180094105989893,-1.8447500961915284,4.80953612985449,2.344145861711313,-1.760157133601726,-2.8537983123304023,0.44614561174979006,1.319262972516381,0.6193524215547648,35.62264298709259,-16.625967628739733,-138.9695524628268,187.52021587856606,-70.94171572813454,-250.67838125238163,0.0,0.0,0.0,-51.421940020109474,5.902284192980336,-206.47468201855526
176,3.52,3.009778430028329,0.09928016111726994,0.5274456060602485,0.9985068813135896,-0.027282909996988427,0.03132220179254085,-0.035476336710166465,-0.12677795647936552,0.7744785091603155,-1.179825130513844,0.13056581214756408,0.4077446599235755,-0.9492399165809252,-0.23273128587110106,-1.211146976983489,1.2111398171370094,0.5125125721084823,-0.8199202753836888,0.8903015051880758,0.13458947523292808,1.55011454329534,1.0736641265313103,0.20271788515466255,3.533227246074442,-2.272132885915111,2.7455369179858105,1.9485427648042473,-1.074878842216843,-0.10946271645812297,1.6834117293660196,0.6775203314006643,41.08038481015258,-12.325585160857763,-128.22585160278786,84.51344394288964,29.934357943084485,-196.9193664015138,0.0,0.0,0.0,-54.99080137891856,1.5843073817805398,-190.4529383957807
177,3.54,3.0303176494452355,0.09767287364062564,0.5289368129837191,0.998813779767413,-0.015208459743013313,0.028330857589342978,-0.036566358955087246,-0.14666942317316056,0.8054939065299139,-1.1990921775803502,0.1097383356385972,0.4866888595629942,-1.0118290740713913,-0.16903430435409214,-1.0912245446913955,1.0546788865581482,0.4889504596131922,-0.8038800159287282,0.9389866464675474,-1.4412566159569913,1.2539807530762235,-1.7924695570507787,-1.6425929608267862,3.8740741003386185,-3.0309135998740784,2.3790164014386526,7.599884858507044,-8.09712956010686,-1.7752928549966578,0.48376989969959505,3.317792937747263,23.284915023124697,-2.8690548093061867,-29.329554668958277,-33.89527487270877,12.270455324040833,-60.82961928990242,0.0,0.0,0.0,-60.06224786763874,33.10708996096596,-87.65234266922623
178,3.56,3.0515106894367614,0.09571135524115122,0.5294984473942729,0.9989605084240476,-0.0005876266753698533,0.023464609572445592,-0.03907645584840296,-0.13929639854134515,0.7941755404233966,-1.152717102766502,0.08469923843781924,0.5490211681544914,-1.042901301282886,-0.11625766369427948,-0.8993254424673794,0.8700915852602336,0.45999126745550395,-0.780932484164058,0.9898284006971162,1.4338314577823907,-1.4875630951441186,3.5939699746546285,-0.9208421851593377,2.640075020414608,-0.5610845083793659,2.214847138520626,10.138307311050529,-6.795640180582074,-1.1967197623147634,1.5463995763143095,2.04513017368885,10.551373806923767,-10.143452365240016,-18.30227528743067,-17.036291826193242,-2.708203891394759,-63.33240542096381,0.0,0.0,0.0,-34.830479025015705,9.259784653899747,-64.36417519066768
179,3.58,3.0723771850047443,0.09317599223538169,0.5300801280405429,0.9989334852814367,0.008951500366852681,0.01842059408278466,-0.04138169085842467,-0.1095759962313877,0.7424660109795603,-1.0447915338363207,0.06925099114764414,0.5856386088522589,-1.0260277664457866,-0.10774028861909941,-0.758267876985709,0.7548981962976409,0.4391640618058246,-0.7353073949555362,1.0035338604198485,1.0319050869267428,-2.827939092491874,5.297202158331962,-0.8672561608706155,1.6018496334809498,1.165820303935829,-0.3813955953027556,3.138705246577245,-2.100298164061418,-0.9774715640474063,2.3990334473301704,0.1457580905810208,71.28885271132916,-36.34512197306252,-100.05003400444997,49.75040949912452,21.9936746599209,-156.9524295550146,-181.43291231861537,-102.4063346728166,-650.1434032432315,-45.34490633731684,-28.95518228376435,-152.46370318551584
180,3.6,3.0921492920635623,0.09049640484901508,0.5321899914481452,0.9988322676672962,0.01733900635606997,0.01500631548384027,-0.04252376301306898,-0.09779905132915517,0.7181584156275577,-1.079169358241166,0.05477465055563626,0.6194701432301888,-1.0068312338731185,-0.12113854041217123,-0.7485112015833747,0.7955238379365166,0.42328163889513887,-0.6973036860595792,1.0163588734645554,0.6264397438941124,-0.8554644615871522,-5.446033872257835,-0.5055792125934342,1.8722203563645885,0.6721898969913098,-0.628816839606257,0.0758627497416023,3.11375355816354,-0.6162955683503581,1.7743004966190423,0.8528022298713063,11.139301922881595,-0.6171301950259851,-13.951412704703818,54.71693859494729,3.0969280707306313,-254.26534763295322,-35.77457720156581,-27.394744982627106,-156.87767230048914,-22.44705007849397,36.125294080050715,-78.74229093142996
181,3.62,3.1117532773451657,0.08745675968637694,0.5332523561735815,0.9987655585018487,0.021008031540059837,0.011051106678222379,-0.04363364301189725,-0.08829172512629065,0.683331512689619,-1.2790119864576999,0.05120605878450678,0.6690636771491286,-1.0111357275317745,-0.12396927288584798,-0.7362207638620735,0.8525886597077802,0.4153708853169531,-0.6744652385219142,1.065189452355241,0.5176703640176904,-2.468388804719713,-9.264833270728113,-0.011317431238746525,2.564372146361873,-0.3572680850974302,0.1737919288561789,1.111639076894302,2.3806172803240724,-0.3855307431312102,0.9029124200759452,2.8267236210998052,0.0,0.0,0.0,-10.224365696876449,-25.923915168413373,-79.1145054227271,-19.345797377388806,-65.84249562901526,-86.45722557256627,-0.501516356403969,7.808519306705276,-9.852500241358882
182,3.64,3.131322863809574,0.08428904901549077,0.5328129626004574,0.9986302463108134,0.025619275698989415,0.006250698382811437,-0.04519084681205865,-0.08375688744359376,0.6194108508647587,-1.3269169153410358,0.04655440608746647,0.7155312853977368,-1.0120453529384479,-0.1297026972110809,-0.691230681853832,0.8650952947782076,0.39365190308400755,-0.6614665198155931,1.1216411724859467,0.06367857522146511,-3.4959236283545914,1.0926750752204508,-0.310965197729005,2.145869571192768,0.20641156497084504,-0.45134486250217765,2.6650520399927866,-0.1261141657730685,-1.4331053656264956,0.5553369332474652,2.3765884690512866,0.0,0.0,0.0,5.866140562645177,-6.418391538616342,-78.3544905028498,-30.193421976225608,-59.64162695645726,-129.84493107710765,4.918135107021772,8.469855958901931,-12.249714098767459
183,3.66,3.1503413706931305,0.08163220929196652,0.5322952667986716,0.9983165043695417,0.034328243020914306,0.0012938124207220129,-0.04673387298198282,-0.1047086159113476,0.5419997952311808,-1.2358059256270535,0.031672690185325876,0.7403899551730088,-0.9820153837321203,-0.14642109237800455,-0.6368854575281934,0.8540681346515442,0.35334210911615666,-0.6688030818789413,1.176338289450814,-1.6515993728792453,-3.938295843548858,4.785974576791224,-0.8899939903438254,1.2068457010736564,1.6293096981072515,-0.934601800679611,2.2963048484771944,-0.16451028255680322,-2.232275297368554,-0.8221197161268923,2.181038771028577,0.0,0.0,0.0,62.7204224344545,36.01329250969715,-288.282582265182,-62.94184359021482,-81.63078562396554,-320.07236498025327,2.9327998887233915,2.1347772543544306,-4.534621335715443
184,3.68,3.1686089939867172,0.07976301795886713,0.5324797236327957,0.9977830956229558,0.04603429767581131,-0.003442448848761915,-0.047936281379456935,-0.1561318502777156,0.4686378849638432,-1.1948152491077855,0.009129998942317578,0.7744457471255198,-0.9649317971398684,-0.17099154861126462,-0.5994964186225765,0.8633213713977271,0.3032828391277952,-0.7209996547430594,1.2830399067477987,-2.8572450361266015,-3.412480300639272,0.31236757281462135,-1.098052109701342,1.9052259414276904,0.46433069830361207,-1.2359801788392966,1.789626397885807,0.620723941664989,-2.552867363614583,-3.4677253468460494,5.132479470557938,0.0,0.0,0.0,56.77322136226735,36.12186761525598,-335.31430215844915,-41.543294206634556,-56.18357991656085,-265.35402612198186,0.0,0.0,0.0
185,3.7,3.1863110891793096,0.07784574935373892,0.5325394086120198,0.9972482964606992,0.05527579596699984,-0.007660551974414264,-0.04880304836683484,-0.21424247719063744,0.40196784149195747,-1.176643949816072,-0.008461118096877216,0.8137607495651819,-0.9607528686355293,-0.19069168961972344,-0.5630940475032153,0.8734497223889172,0.27220449865186624,-0.8204340321276501,1.3770605423718127,-2.7662795978859602,-3.186809749778641,0.8774718397278656,-0.6340842064002611,1.7961452167809395,0.34463052709780984,-0.72237824081899,1.885844522698304,0.35189508583839285,-0.8576550371879641,-5.690164505046792,3.1361894735663007,0.0,0.0,0.0,25.78591016594356,27.201398302821584,-215.21167348653006,-30.84254323064033,-60.15076210013637,-198.30736199644682,0.0,0.0,0.0
186,3.72,3.2039976591343637,0.07499421343538054,0.5324440380818146,0.9970161795394452,0.05783108902472534,-0.0106841659727124,-0.050001514739565524,-0.25154206629343134,0.34869139321476145,-1.05745081536707,-0.011013631510096551,0.8399469665151001,-0.9422290540182668,-0.19614888654114873,-0.5211880872764367,0.872677233930751,0.27969003637762346,-0.939901260420785,1.3232638814420041,-1.3837391270631383,-2.1662302559647633,6.492677340221075,0.19937554163726193,1.0863090114976333,1.2192468308480164,0.011915650771342295,2.108847616831641,-0.11216522927339534,1.2155582926340696,-6.074632306230591,-4.5808858126665575,0.0,0.0,0.0,42.61973762367968,31.38443620901053,-225.23315319843923,-48.498591769974965,-39.267615609157,-230.52653312501454,0.0,0.0,0.0
187,3.74,3.222536303148261,0.07097239411865637,0.5329676353700188,0.9971682931157181,0.05356235378509856,-0.011599569745214323,-0.05149679061272655,-0.266310534599866,0.3204229091445507,-0.9405232429669986,0.0021758856419822983,0.8572833809208796,-0.9124534070967758,-0.18644897969884738,-0.47544216286190955,0.8618792576301577,0.3326003798404647,-1.0440941396897105,1.2405439930794928,-0.44593034534702447,-0.846570565010527,3.936308423143931,0.9038510724225488,0.8088441172215939,1.5482111051620637,0.7267318642345368,2.3092828793019953,-0.6767757879886065,3.3487008122958715,-4.606757658277335,-2.9597587597649295,0.0,0.0,0.0,55.57675938975365,52.08702433641082,-250.3768838702908,-56.917982579509356,-55.34810322803931,-283.29507461994893,0.0,0.0,0.0
188,3.7600000000000002,3.2421590695046434,0.06598425470004171,0.5335110890615152,0.9976472926634242,0.042409718752547086,-0.009565691298333923,-0.05300747821444032,-0.25928139724934046,0.31953102999912086,-0.8702285655709353,0.031052777621115843,0.8795708496454865,-0.892963640909943,-0.16130166757735467,-0.43774328724858586,0.8576494930847001,0.4006616936780501,-1.091502552737634,1.0830377977967989,0.6746962194026114,0.5004650663854715,2.3798853708937044,1.6659057465050124,1.1644869841555978,0.7802107401742598,1.45558129776846,1.8115448527353266,-0.13962808016219258,3.324568917550972,-1.1817532603522811,-7.883685473422625,0.0,0.0,0.0,52.658488219253414,43.39505460619663,-120.97871341743371,-10.794922870115935,-23.440838065246528,-131.5678516995339,0.0,0.0,0.0
189,3.7800000000000002,3.2631226368337423,0.06119017648024645,0.5324945112485208,0.9980262210924196,0.030654744813846446,-0.005778720908612872,-0.05450279824965481,-0.248658572079383,0.35298428254948644,-0.8625652430095572,0.054230660199019315,0.9213432188253156,-0.9471898530777978,-0.13582260754604603,-0.40518379628601364,0.8604911021889454,0.41789678781072653,-1.0403072102867508,0.9157615569798425,0.6171878749115239,2.435424239919684,-1.4227016583073908,0.6977202194595675,2.2345873379328283,-4.657085881191446,1.1126123213927912,1.5885317871020221,0.18338682566899278,0.15201123433827027,4.125310017039733,-6.395775175644202,25.0262291400594,39.34743132198984,-58.29405312412106,48.89225514218185,20.441553400405635,-66.26474847972695,16.850880479187502,12.420880801469862,-29.4923449796519,-15.875376567086448,16.652533504346366,-31.293800856456365
190,3.8000000000000003,3.283866059900007,0.056989163171881047,0.530004269860405,0.9982157819746059,0.021015784925643013,-1.3018007722916792e-05,-0.05588907971434205,-0.2296604709902095,0.4161623007473608,-0.9241805114069586,0.04706444947833852,0.947229966971654,-1.1526903097296317,-0.11931428876024293,-0.3936438067510522,0.8786576057960411,0.4260494868506573,-0.9781931251784263,0.8450955247299745,1.0669006103140088,3.4357030669460418,-3.973593540624233,-1.2207886444662321,-0.026798808969967114,-10.929661681407643,0.6782269279625277,-0.03901700023386645,1.2501258376392175,0.8704085142844007,1.0214679623998004,-0.7497659126735134,23.308664103819357,21.433847305013007,-113.2485327262183,0.0,0.0,0.0,8.249403401294915,5.196958666556728,-12.202067493886494,-31.11559002756803,-74.96051490744073,-545.563281492177
191,3.8200000000000003,3.302820525657157,0.054279245201876374,0.527889331547564,0.9982241946440282,0.0135373091112197,0.008618035575378422,-0.05736661008050866,-0.2152935496288331,0.4827326862086883,-1.0132208728208412,-0.007703544327757102,0.9135837974905998,-1.3671883254124808,-0.13259148060796128,-0.43698622114907737,1.0103175732369822,0.4434093326699062,-0.9819749048666747,0.8689882576248409,0.4968508276436935,3.076232592079754,-4.310928705421709,-3.6707485629833245,-2.7303773425704514,-7.801910034424416,-1.317192147070391,-3.151048647455101,6.965350904576752,0.6974280360229336,-0.11152547195063639,1.3346207779178505,-33.57219407057882,27.395061601004016,-92.76454792603208,0.0,0.0,0.0,0.0,0.0,0.0,-11.219742020117788,4.6598933048500895,-346.61925347353537
192,3.84,3.3207131952902516,0.0528306171213174,0.5262127508406966,0.9981523214005716,0.008459019775423689,0.017623934517178454,-0.05753073264979261,-0.2087657848204646,0.5326036123891151,-1.0812492899955075,-0.09156151681989845,0.8334930718420485,-1.4197986007650856,-0.17418335896665985,-0.534700632837073,1.229736948340196,0.4518079077804517,-0.9668772134702073,0.8751138491457213,0.2623520231748438,2.1694082453357644,-2.8290630051535213,-4.132958519073623,-4.540611162785027,0.06536534662282278,-2.3347354594793592,-5.559924601916573,9.523577661289389,0.2773901046573438,1.2293375031824294,-0.3414413919261856,-23.926037918602916,24.5552110125072,-124.65855966444286,0.0,0.0,0.0,0.0,0.0,0.0,-23.904664533165466,1.1494969001301016,-318.52598094248236
193,3.86,3.337845296438176,0.051656196511581105,0.5252772116112931,0.998066341947421,0.004033562624241322,0.025416853367229885,-0.05657995236086378,-0.20446853527470502,0.5703709069389142,-1.1236878322459607,-0.15810907981903266,0.7270853180058849,-1.3067920876599894,-0.22306218433119518,-0.6669644100475057,1.3385427041340405,0.45679067260475503,-0.941965705813382,0.8664199530178525,0.21072766243923213,1.8698697260466401,-1.9064842552427619,-2.482809939055699,-5.470730038055068,6.387248975775965,-2.3872274099449613,-7.027345312040433,2.0760616874103635,0.2693250221994693,1.1819527175807965,-0.3367007219590171,8.984738759025879,32.05622816405593,-192.26178630893796,0.0,0.0,0.0,0.0,0.0,0.0,-46.41587675152283,-4.12343280024614,-331.1056602719267
194,3.88,3.3544243393546087,0.049871798829031096,0.5251724654021773,0.9980049456099402,-0.0008025775265447448,0.030367060207163166,-0.0553473220832531,-0.19797930842095676,0.6082570136534388,-1.1541610374495828,-0.16308616684480437,0.6196110424564462,-1.1845422851336984,-0.27488733723531156,-0.830276387199113,1.3497790257046758,0.4644781923038419,-0.9199199217570748,0.8669730440630977,0.3675313498991967,1.928681033361028,-1.2889664778557528,1.0539740361394632,-5.115801011935817,4.311033153118123,-2.6826240758737345,-8.625898999490353,-0.4173000734264858,0.41207113367201675,1.111789406446621,0.21794346606753184,23.495663897501494,31.060577575118415,-233.7108627410011,0.0,0.0,0.0,0.0,0.0,0.0,-58.52248245867516,21.68869503617795,-292.7009543351913
195,3.9,3.3711594458396887,0.0468145409449599,0.5255429851547746,0.9979198518195942,-0.008366824248660521,0.033037766199303084,-0.05472176533071673,-0.18216544907432689,0.6506774308559463,-1.1789306094854404,-0.10266946515027996,0.5253610447830185,-1.149991776374235,-0.32664812280949185,-1.0058441394929867,1.3488903144718463,0.4784353214629568,-0.8911702121904262,0.8669742569181176,0.9533267502200209,2.1193301035928633,-1.0430139873753783,3.954425674770967,-4.401745148157966,0.21150193602473977,-2.4515294721596272,-8.602814447228917,-0.08313409381792342,0.7804617805364449,1.5735017355908267,-0.0787786001366994,25.31621857941265,9.723511913661483,-186.50616581870838,0.0,0.0,0.0,0.0,0.0,0.0,-42.05241740867291,20.462846900711938,-299.7131458441035
196,3.92,3.3887505772460167,0.0428147701034953,0.526414299756853,0.9977637183067071,-0.01458313526530358,0.03538044443428017,-0.05480071850112875,-0.16524477603329069,0.6911227218388841,-1.1941361301639808,-0.02292741074928989,0.44076623180333996,-1.096486037287323,-0.36197411266728396,-1.146678047421072,1.322117397490985,0.49034337785857396,-0.8573445420003545,0.8622122368945395,0.6578813572141606,1.879228917461531,-0.4840102047233298,3.8402499217469384,-3.974699764402917,2.9803109762066273,-1.1124105685109518,-5.832926672749494,-1.7710258397857577,0.38323916653684326,1.6882285721382084,-0.25109534579115744,33.12474866020935,2.6982021869534165,-153.12571904054337,0.0,0.0,0.0,0.0,0.0,0.0,-41.72927294049617,10.4002059173935,-311.0377043514764
197,3.94,3.407213867373359,0.03801946099007384,0.527353436982736,0.9975722962747684,-0.019004718716575313,0.037307988087904795,-0.055645740146222984,-0.14861597856770256,0.729052247697751,-1.1983779548881983,0.057180294135635086,0.3675264890209834,-0.9364094172494174,-0.34749357602230135,-1.2266037731320938,1.2757478142379697,0.5004575431332575,-0.8274997453299656,0.8654007326859986,0.7130933926213141,1.8650113521642786,-0.025365477598435132,3.2551029983685265,-2.6728514202285067,6.064754049470983,1.637850576326579,-2.806675112160017,-2.004938571640061,0.3684212302709672,1.426348346665977,0.33742689356012373,34.04464258746351,-14.019789423070078,-141.3350672170965,147.76759483144872,-62.718510851632814,-200.69007592202792,0.0,0.0,0.0,-49.50428375013755,12.241781178922057,-202.73276529904032
198,3.96,3.4266756702785868,0.03373611434005734,0.5287889301970528,0.997483494264256,-0.022481276843093013,0.036823859694693865,-0.056260769805068216,-0.13502871493757174,0.7647869948457783,-1.188046985295718,0.08108732196409392,0.40517922542317975,-0.9279564574887283,-0.2779091619389219,-1.2301812083037056,1.229975484040133,0.5079120743476335,-0.7932623770926845,0.8730225497550609,0.6327733177231533,1.6902980061444368,0.9080498892798291,0.6798486939407385,3.4662851483484194,-1.9876005998507387,4.082622961220854,1.1639140351431543,-1.5743878141363759,0.33494300556461104,1.880472104112081,0.3806253719659098,40.16394203996034,-8.696801495307742,-130.1319715208766,100.48655439049061,36.1137856819694,-225.93310918196644,0.0,0.0,0.0,-51.501828038091936,0.20794376522157565,-164.86761062926348
199,3.98,3.4472680627239294,0.030642950082135332,0.5302471309703009,0.9976929324506121,-0.013813703132124563,0.03367780844221771,-0.05730444452574683,-0.14936359531462756,0.79938103388026,-1.2041527071787677,0.06747614724132076,0.48558041841091426,-0.990699380801779,-0.18379567934708377,-1.1206869147604945,1.0931966956916581,0.49084637268332953,-0.7719597968386684,0.9163013922364862,-1.369524207056946,1.4750303219889462,-1.466702623950581,-1.3846796920887292,3.9897678542495147,-3.1582504415905546,3.8269975737872426,7.2293968564077735,-6.685785763858376,-1.5607737164305968,0.7486259010136664,3.0907912653556004,23.372127463044663,0.19913885707719559,-29.217895529313033,-31.735426914244023,15.490969624951228,-56.16632529512626,0.0,0.0,0.0,-62.54922534384113,29.62507942493565,-87.87592462726137
200,4.0,3.4684117888819794,0.027462851615870677,0.5308189873661521,0.9977772222141349,-0.0009283596390470329,0.028649150531630384,-0.06015795170084187,-0.1431293236331705,0.7975685935942952,-1.1769696626867994,0.046986805597504955,0.5466503587024983,-1.0212621310738486,-0.10829928496306956,-0.9326884830382604,0.8753103471015659,0.46243621261954654,-0.7519718860284923,0.9962942678883537,1.3434262402689305,-0.9402991926619602,2.2351457442743943,-0.728507855616228,2.489619937698046,-0.4362100951439989,2.9752950274505245,9.939831461953249,-9.28017472619874,-1.3832064455838966,1.3741169678285226,3.976090157150592,9.28045895623353,-6.53108299898494,-14.188924659761813,-16.534522463968667,-5.285985672688448,-77.69166646171102,0.0,0.0,0.0,-22.129758579204278,10.642723690824623,-30.843242676437406
201,4.0200000000000005,3.489741370993958,0.023873076242730742,0.5304618571791562,0.9977133468136797,0.0067557938576871665,0.02174039093030503,-0.06363797798009682,-0.10959016132772537,0.7512558929202235,-1.0594541133227133,0.03733463710319707,0.5875523834515616,-1.006734956246214,-0.07992598613005883,-0.7484833840491628,0.7645596975322418,0.4391591358463583,-0.6899962991548395,1.0029785363730668,1.3192279114577439,-2.592404746111875,6.355476118970204,-0.4610031570260615,1.9456355605201596,1.0804687099449208,0.24726041847168512,7.14255586329686,-4.928990603062512,-1.115257904574247,3.779002057754616,-1.162608879910634,66.56480216556524,-33.42401023738851,-93.19521503861883,35.52165876489433,26.394183538859643,-130.32338284969637,-161.3611728742826,-88.01743792381279,-364.3684257893247,-14.847213544621837,-18.631905839916225,-76.0368116377004
202,4.04,3.5099875030736327,0.019966782552762415,0.5321073391074354,0.9976812421849733,0.011773103646451235,0.017340549881455242,-0.0647521301007654,-0.09319546209533945,0.7308729740550282,-1.0224778901860703,0.03008795508563747,0.6183814967546213,-0.9789101485343357,-0.08299271404161176,-0.7032685473468425,0.762443979087256,0.42484268407534437,-0.622695994855461,0.972856104718054,0.8411985569141683,-0.2310034925112751,-0.7699125907468682,-0.14449065960286675,1.5238809830240685,1.2637737599364625,-0.06686074644227996,0.6210149536935698,1.9935719575826687,-0.29230614968597873,2.7754791873892604,-1.0035891987396783,86.3120783401834,-7.714239517305437,-108.34654393568792,65.1899280540375,35.937250755550906,-261.44293701636695,-55.100870973339056,-69.12693716418467,-309.64594633272424,-75.26477251419412,-18.198356918227446,-194.84809744502076
203,4.0600000000000005,3.5296929260238876,0.015893283987100146,0.5337396422414181,0.9976306989468504,0.013361497705610941,0.014472548114825796,-0.06591664622039545,-0.08264803496947566,0.7346785091839738,-1.2223675684429263,0.03086805092884524,0.660901666098209,-0.9742818226521128,-0.08440693381601395,-0.6943545597480707,0.8171239548123727,0.4225964300126203,-0.5923595935826373,0.9932282281455052,0.4648971206669895,-0.24641107842815574,-11.99465640439106,0.10939765140564858,2.2432793612925024,-0.05724386566117569,-0.09434638102551876,0.7319921069267767,2.5833802261086602,-0.2046802899087154,0.9894434609868263,1.964017984225419,0.0,0.0,0.0,-4.118273837512003,-24.85477950532799,-123.79079054859773,-22.97045846522838,-33.8055188208095,-71.58673298817891,-0.8056666111058668,29.69231248815015,-37.52626078088942
204,4.08,3.549119326177326,0.01171050113415652,0.5335695596267439,0.9975431635449089,0.01597977479408336,0.01062662531644416,-0.067374761570847,-0.07586240959235308,0.7007833321489266,-1.3667413977691307,0.030246001652149395,0.7088198887094737,-0.9796568703575478,-0.08563958396997721,-0.6618053693680931,0.8459909224305545,0.4145156064414513,-0.5835665767597854,1.0695608128476521,0.3249037896839365,-2.5434947284839837,-3.3438058812293012,-0.08729717770108443,2.351623946774656,-0.20023151094888525,-0.05032390712998501,2.106632299055139,0.7405277851541774,-0.5286615702095868,0.1924842206327469,3.701230702335927,0.0,0.0,0.0,-4.482516398120594,-7.014009245072645,-53.145112607259925,-21.771022911894978,-63.28438877760339,-85.00773105688508,1.2109398706510683,2.209853851626594,-3.158951016687243
205,4.1,3.5682105042591963,0.008184380422681362,0.5325668875567143,0.9972639490888396,0.02473619679834893,0.005822261495401812,-0.06941784847403519,-0.08800086914983063,0.6383853176615297,-1.3108276544140667,0.01631805781960356,0.7397567180889764,-0.9616056242780893,-0.10278715185494185,-0.604312630389769,0.8328744438172188,0.3751057347528935,-0.5922013615272382,1.1114834354507193,-1.134304261900089,-3.306255680729245,4.645116964088298,-0.9683033545517508,1.3720661899576196,1.1978147105531574,-1.1645087537525476,2.84060628217632,-0.8261007022044791,-2.658627174899997,-0.7613849038341773,0.9746722782486942,0.0,0.0,0.0,27.22514131013287,23.897405997948066,-191.27640237158892,-56.179873740665506,-56.36698615499188,-223.19950495167862,5.506552547067368,3.8543502402642975,-8.403178244144819
206,4.12,3.5864084942974634,0.005631857623454332,0.5323465161028781,0.9967282471820776,0.03842069085236646,0.0006153039974001705,-0.0711074762930046,-0.13348098045832874,0.5623296146064771,-1.2555579729344906,-0.010106919494095541,0.7659327383856573,-0.9355466122255082,-0.13211477535953065,-0.5542212495551001,0.8218453263714566,0.3209694460938741,-0.6475287298316316,1.2594543303047931,-2.709506174905572,-3.9894777335109666,1.2048206258926657,-1.3496012186005646,1.540256167225357,0.9868271093471092,-1.4435118145276278,2.196124958383279,-0.19653669490770959,-2.6328427990294996,-3.6640359933117184,7.985485938722244,0.0,0.0,0.0,57.79973931006282,54.6757235302253,-395.82102354262446,-63.59089697366295,-82.55979296869577,-330.8952493140608,0.0,0.0,0.0
207,4.14,3.603644194761023,0.0035311372980552295,0.5321767957214103,0.9960588081946476,0.051508003002064165,-0.004559477754745344,-0.07206238552255215,-0.19242013404989913,0.4761945594171876,-1.1986241099977493,-0.036836998428212364,0.8070449239375146,-0.9329708198736164,-0.1606651812740395,-0.5213656891638527,0.8351805352208385,0.2736704560684149,-0.7568073977025797,1.3769883927077247,-2.8996772604185903,-4.320218219175881,2.7300519039483477,-1.1620448287072649,2.053818155126241,0.002498870034654696,-1.2658676774500037,1.5230298884497229,0.9070978022378127,-2.0458562150539925,-6.351277282850653,3.244510024666759,0.0,0.0,0.0,20.59213232807224,24.493185087114227,-220.54249753973923,-37.18301427872248,-40.74335318103997,-151.25040644567062,0.0,0.0,0.0
208,4.16,3.6205602554881495,0.0007593354397848693,0.5316431072570815,0.9955999069754757,0.05782351875615833,-0.008736631385542155,-0.07321842105039604,-0.2366093937292607,0.39565418877422387,-1.078422146144696,-0.04864293859821761,0.8350229556409747,-0.917700736653975,-0.17539317464876372,-0.4794479373571437,0.8352727382656754,0.266402798146295,-0.9013328816629839,1.358190208703602,-1.8124254675076799,-3.647899708096601,5.7329695953289415,-0.195028344375617,1.073480689936255,1.1983704898918963,-0.36067199771145136,2.257751926749659,-0.3360805906605412,0.7951486771483308,-7.622635552486869,-2.6084071044043693,0.0,0.0,0.0,33.36065050781023,29.62180774547855,-250.62850201692055,-48.5820448460854,-46.47883770189386,-237.73956541591602,0.0,0.0,0.0
209,4.18,3.638084564031281,-0.003466140995214674,0.531585310881024,0.9956425955880533,0.055288869245659296,-0.010309351428543178,-0.07438198747911161,-0.25552150766124915,0.33437786222773325,-0.9525772831122626,-0.04026915737452045,0.8535635640939055,-0.8903714498161911,-0.16993143181824244,-0.43421690140594826,0.8232828675867232,0.3263143899925202,-1.0462695103727007,1.27820693240362,-0.5440330969320933,-2.5428180356886765,4.750866501549369,0.7528608172982933,0.8795811515996018,1.3933961462445592,0.6040777031687169,2.163627242421057,-0.5779486031605736,4.2048958546104,-6.898586190224596,-3.6863950745132086,0.0,0.0,0.0,48.64993586391186,46.377683358173684,-245.65400226219413,-65.09918076589712,-58.163140578392216,-291.1557660365172,0.0,0.0,0.0
210,4.2,3.656644263601098,-0.009102927936232064,0.5315129524367859,0.9961421401520956,0.04366322648974052,-0.0081375003681655,-0.07568447894691413,-0.2431526335564567,0.2962687733013899,-0.8283890633704478,-0.010768085539487802,0.8769123449170606,-0.8746199223593394,-0.14385732433581574,-0.40033713856833103,0.8227516838786513,0.4213460890625811,-1.1338866627769004,1.0882632956356757,1.1165515886766213,-1.324750262482963,4.963733209454032,1.795177157692681,1.2018076399877515,0.5794625046884175,1.5772405191129912,1.6224332119957297,0.052797514449689914,4.818072903302851,-2.9505957682359236,-9.550205346174588,5.002769075180416,4.382317269110386,-8.31861159529119,55.801372183415914,33.40416284620101,-103.73663588340443,-14.007613112120367,-22.568813609686398,-138.35830738146944,0.0,0.0,0.0
211,4.22,3.6766907076978743,-0.014751926456648874,0.5303722306229784,0.9964642969611981,0.03230332017831104,-0.004869477337690369,-0.07740599833049225,-0.22055828064025748,0.3182420232943411,-0.813290262832929,0.013608307893404463,0.9138163888967146,-0.9125809123684804,-0.11959754613529602,-0.368547855287871,0.8278788758935566,0.45040054962675585,-1.1073657006005315,0.9344991845820083,1.0593795711747012,2.87062232375136,-1.849929433694492,0.7025097748178745,1.950074934021464,-3.246800839643201,0.8694841660591758,1.6830927817175791,0.23759836217256436,-0.3890334926657024,3.5179360176829717,-4.565002959378149,115.03943572712151,39.07772264067738,-165.59570285393966,50.58668242451254,22.220786947550675,-69.08114274167214,18.108489618596245,15.40467353227077,-33.15173478260769,0.0,0.0,0.0
212,4.24,3.69744149871024,-0.019720976951409612,0.5276408889341021,0.996550360000109,0.025930778460570725,-0.0017507426493216644,-0.07881566857076817,-0.2058508025393078,0.40215162845887004,-0.9023151075847761,0.01624981140384851,0.9561816113296733,-1.131781655444104,-0.10988194247512201,-0.35558758539583557,0.8526889479358072,0.42150242003163607,-1.001350122057878,0.8119850380439463,0.7255794956614485,4.373604845411979,-5.224708871995139,-0.31236577054713927,1.232436949101093,-13.203045240099634,0.3981502883316215,-0.047684986435175825,1.7546790141169115,-0.47014172163536583,3.7921846599805353,-4.033402806555161,-12.813088726855913,18.90550807712096,-66.5738317395549,0.0,0.0,0.0,10.133553302905527,5.767180588078076,-14.594581579736133,-24.332804722902964,-99.14789287015424,-600.8327545742792
213,4.26,3.715753766111357,-0.023645608128415836,0.5252497907903233,0.9965909448986026,0.016474708117999233,0.00556062702128374,-0.08064832277032961,-0.18533987937150156,0.47400745842613123,-0.9992139549462103,-0.006487886508377317,0.9388157837047038,-1.3643577504910613,-0.11634361564289855,-0.4014818961464966,0.9880642270399095,0.43952053257136575,-1.0030785475995871,0.8273643905967646,1.0901526576475749,3.00656616834769,-4.222415828896136,-1.8721261528263282,-2.166933118207694,-7.836096505560629,-0.7016653615065558,-3.3171923399685306,6.960590024551939,1.2553336065276626,-0.9303622418670171,2.116420928478817,-32.255880197046785,14.343640279281873,-66.43314138093865,0.0,0.0,0.0,0.0,0.0,0.0,4.8437415910464825,-8.485853260194212,-410.3281883244082
214,4.28,3.732795157424953,-0.025995767044185172,0.5232442343615671,0.996569654275345,0.010214742743639815,0.013684301289552298,-0.08097729994520986,-0.1753561565216205,0.521479286325725,-1.0603566572378182,-0.07049625576677229,0.872750679149743,-1.4266295513127971,-0.15305736387862928,-0.5024518622749418,1.1966424110970624,0.4542877060162383,-1.0070484587131516,0.8593263920022722,0.21944476920133504,2.009229219688402,-2.405355789581793,-3.6690586393450406,-3.784497547643066,-0.45517331439613984,-2.328898908616609,-5.725260190987798,8.897872722657075,0.3745732906759458,0.48011352293286225,0.8639972630727696,-39.57793344304407,40.36921934786923,-100.46018082398989,0.0,0.0,0.0,0.0,0.0,0.0,-17.17925560840336,9.827532375149303,-273.5783360503049
215,4.3,3.749201450919219,-0.02775359087038446,0.5218921733922073,0.9965648753534201,0.006505492575243032,0.02038403192768521,-0.08000386878486766,-0.17185257473669907,0.5563783342425002,-1.09508345213362,-0.1290689875338902,0.7793959701311737,-1.3464435676241322,-0.20480617152834815,-0.6393005573809682,1.3110951942560667,0.4583825359705956,-0.9852263935455113,0.8599165116000731,0.18372508875680735,1.8043381011749422,-1.658397477437462,-2.133375453758665,-4.935847866770194,4.71245614713039,-2.6153282527562394,-7.2799406782131495,2.660257553048567,0.1901257600531119,1.1774893151876134,-0.13401732488243837,15.866491820229554,28.068234462326497,-197.1424056426856,0.0,0.0,0.0,0.0,0.0,0.0,-30.375288128876395,-2.616257917981895,-359.92843904470044
216,4.32,3.7649570589027483,-0.02988429844841228,0.5215255282085517,0.9965701100494438,0.0022966073567705666,0.024817861936990544,-0.07891017095130982,-0.16679287741590287,0.5957429720564813,-1.1279458916028047,-0.1350416720525969,0.6785429818857183,-1.238344017810669,-0.26369509358262927,-0.807046127286543,1.3343232434059533,0.4646776992146314,-0.9674960366845562,0.8668800335983914,0.2893176410297457,2.00874036694546,-1.5225683167176587,0.82433632394399,-4.907566018112715,4.210188949132163,-3.084204103185859,-8.819617006422696,0.03176721368453683,0.3632405049504344,0.7863763360031756,0.6186935272381286,15.091343208279046,30.15974551090399,-207.3762175471322,0.0,0.0,0.0,0.0,0.0,0.0,-45.9909299389805,12.802696697763816,-337.27949915331607
217,4.34,3.780679736796785,-0.033030409604120146,0.5216982663917523,0.9965264495582856,-0.004422206117780989,0.027536545496590566,-0.07846794304634097,-0.15343120658123446,0.6372517241015604,-1.154932623467344,-0.08371653629840678,0.5840330223057407,-1.1906637871008796,-0.3281340233752753,-0.9888257527885436,1.3485693030217372,0.47695128124358466,-0.9465772729032744,0.8764494125846667,0.8174522799177144,2.0162317271983308,-1.0874287226360349,3.4189061562741383,-4.518525913908475,0.9998037667964598,-3.185085733635447,-8.958743653769563,0.5486137131051787,0.6777093844032522,1.2102751183685543,0.3630887105794466,15.256522656899584,11.295090827454871,-168.06520407022177,0.0,0.0,0.0,0.0,0.0,0.0,-32.9996287433105,20.480843295823657,-319.79426393095406
218,4.36,3.797100604045614,-0.03709074206839041,0.5224745907702303,0.9963949689700549,-0.009993069090327796,0.030039627989336022,-0.07870721143314313,-0.13873739663430215,0.6749411845670662,-1.169932805560584,-0.015199537482454749,0.4938612860005217,-1.1210574246919474,-0.3789590529656792,-1.1380231474611682,1.3365564115230788,0.4870415358887959,-0.9184826028421731,0.8784148046437793,0.5744633766808742,1.7470941308265797,-0.4828351611935654,3.313961751582144,-4.329972608523346,3.565916293002387,-1.8142638560682116,-6.24475441336323,-1.2238733279846117,0.3141803860539395,1.4470082396710944,0.01446712255464331,29.125516197241996,7.977467118215566,-146.64755522337865,0.0,0.0,0.0,0.0,0.0,0.0,-31.92224063765303,8.46931888341716,-332.38689818066865
219,4.38,3.8142993326243664,-0.04211155685422143,0.523587307716162,0.9962006724339799,-0.014082348778454969,0.03227553478040305,-0.07965047111980769,-0.12369160234098978,0.7098220077695819,-1.1740095040038794,0.05612956535269649,0.41131009864604123,-0.970611408023301,-0.37268993876800777,-1.2240571196842494,1.3032394255089228,0.49570752766760856,-0.8921330612444912,0.8841647555462513,0.6532425890613968,1.713838153031282,-0.03040135728395589,3.007111164789361,-3.2702725948302462,5.673717995993672,1.530643546063262,-2.9949002538336957,-1.5187282730955345,0.3134066308486936,1.2819492296899448,0.4000328832133419,31.940752350341576,-8.629011656066556,-144.20165907687294,131.48127722405926,-41.1424244993277,-172.23465854993267,0.0,0.0,0.0,-44.86315261436071,9.652634407557805,-237.18149097743512
220,4.4,3.8324955753327066,-0.047125638839167046,0.5252438084043578,0.996045821966149,-0.019134516098059526,0.032595989390190684,-0.08039957906075512,-0.10728604230616516,0.7447412695685139,-1.1676813799529806,0.08262282392535497,0.4349825521786898,-0.9507556157171817,-0.2936061973036616,-1.2340603337886125,1.252709228195877,0.5056131020379965,-0.8603853537336036,0.8915528472313304,0.8758812444193097,1.7036827477245708,0.6102836110068547,0.9503817153424373,2.9097499937513605,-1.3555987677899919,4.836031470361461,0.752715257052886,-2.039922767096548,0.5516178562563177,1.7746600708553946,0.32754305183070676,32.84036238411971,-5.311920626611304,-129.32153668607936,109.38722551351435,31.93427540033918,-210.75952961215108,0.0,0.0,0.0,-52.29770257019475,-8.486427713625204,-193.44117120483935
221,4.42,3.8520028416011667,-0.05116982767520742,0.5272163948948907,0.9961333305387151,-0.013771047921347692,0.030447943320660132,-0.08125065400683136,-0.11543360182174481,0.7791472090938322,-1.156122515631031,0.07562639745165836,0.5062533411069156,-1.0024767577245568,-0.18789935973978314,-1.1370785659832392,1.1362821726199805,0.49500567500714593,-0.834036504713593,0.9145546644978447,-1.1444407809423127,1.604907052259275,0.6309719342845423,-1.054178910428744,3.57684376062724,-2.6828137663911824,4.339946028775319,6.552897689831632,-5.3294970074495644,-1.1682891713820218,1.0940312050556242,1.609367073252337,28.2744290067743,11.49624047039839,-38.33730116003649,-20.79370654925513,16.898593296810855,-56.21435295410835,0.0,0.0,0.0,-72.70012730705679,16.990326018877155,-144.4196737159698
222,4.44,3.8722119200075853,-0.05485094869589379,0.5288829646384422,0.9961167212175388,-0.002470177457665912,0.026660418111854118,-0.08387251063519005,-0.12521518789241348,0.7992342417335706,-1.1378686655165204,0.05734284236674206,0.558401750978138,-1.0241730402272624,-0.11227813176729098,-0.9607211310526257,0.8983800714647975,0.47204252825614174,-0.8143129158993178,0.9565314037976081,0.0025280538538783315,0.6812551825097635,0.8487125359874997,-0.742048160906543,2.0527629704810146,-0.04396488738112492,2.6404031021936274,9.376574611645884,-11.035548058917101,-1.0728187776825764,1.043271609813707,2.2397397457738246,31.587765855802605,-10.93328211500571,-41.79349362173968,-6.686441907766724,-2.238482097035582,-98.7350281463206,0.0,0.0,0.0,-50.212980848549265,12.636184406398641,-75.01574485421709
223,4.46,3.892671895684312,-0.05874441327940728,0.5302114938045531,0.9959258168303391,0.003912295160048495,0.02159628742265085,-0.08746463106285637,-0.1187072908688964,0.7872579256535268,-1.0591740722732341,0.04931457775968602,0.5950952040352867,-1.010952576488337,-0.08870753103252908,-0.7860025377121476,0.7850670248288185,0.4546910626600331,-0.7730227842320756,0.9742334183237711,0.35078703385850135,-1.0310383526595626,5.009548242388134,-0.2214384782109718,1.748344485340207,0.9127241703209901,0.33313652959770723,7.129985830062159,-4.980376916658901,-0.6930484961195232,2.365161268531978,0.36202288638287694,62.98663145221735,-28.888697191514993,-90.59626122638599,29.103065632412314,22.565292919468508,-104.92503694815821,-129.5585805067514,-56.79671300481847,-246.15647560645561,-45.075151003962795,-38.67823667195346,-184.93406212264344
224,4.48,3.912343334656815,-0.06284960557195401,0.5327168451086072,0.9958189337635133,0.0074397052442511154,0.01868835998609219,-0.08910694218190436,-0.11793285244334747,0.7866928975482396,-0.9860778917977725,0.04455513392732615,0.6247040903550404,-0.9890248158292804,-0.09088222261345912,-0.7353418102057319,0.7714156934722965,0.4444205009401287,-0.7264817665554959,0.9727295081062753,0.013898552247873099,0.7222069717798835,2.495876649183481,-0.1498684191336197,1.4240687626757815,1.0701874646882392,-0.13071797485764403,0.7695364655637862,1.518793630566967,-0.3379175133459039,2.2734119785083453,-0.22581542017991676,94.99484807106276,5.606153623229231,-130.8929122358685,44.43852839732868,31.919730909120872,-157.38623204644097,-65.31321008539224,-31.347190593404754,-205.146445998652,-54.889926806512705,-29.532498421148645,-201.54087678049314
225,4.5,3.9318537491298513,-0.06690886918688942,0.5350148182149649,0.9956852260998841,0.0076067720790059185,0.017053033665136958,-0.09089698338106451,-0.11637223317162121,0.8412350414972202,-1.1100721439813703,0.046965516403786926,0.6548540534619871,-0.9713699699006814,-0.09253250661824303,-0.7286287905961155,0.8277388497334454,0.441933365837596,-0.6879924026049626,0.9776190502649922,0.11510387403882755,2.8964931817102992,-10.758842857709308,0.22977659167786266,1.541128222506577,0.7973113583486431,-0.07437735166911062,0.41936107915959764,3.1603584895761334,-0.0607087613299708,1.8601397267286295,0.37955289697932937,8.079353198997927,1.2144597692009205,-10.21868143854224,17.751449666125,10.545422081976263,-165.43914119673968,-30.474479773635018,-3.4127076046641167,-39.15327628206437,-22.985561982615508,38.66617616712925,-89.6462664518585
226,4.5200000000000005,3.9511792098279366,-0.0712834665393911,0.5355900043270314,0.9955893267915323,0.005830919799770107,0.014720093126399884,-0.09247276145667709,-0.09912823132985571,0.8575403621831836,-1.3260997210572916,0.053507216888713315,0.695527160795904,-0.9677601394064538,-0.0800535787486399,-0.7030501555189823,0.8782221528972783,0.44622386014013404,-0.6563365659916205,1.0028770198234656,1.4135251812054783,-0.645519495139436,-7.923452871749976,0.3125102173126576,2.1586992959852496,0.03780081495098224,0.9368295717070586,1.8801831862347689,1.963209523705169,0.23460367063883755,1.5303508034858058,1.5763813694086615,0.0,0.0,0.0,-4.56633172909419,-3.2812395319675773,-51.806606412590575,-14.075788769811965,-26.76010849498099,-37.86475545785997,-9.675623335429998,5.155228438753269,-14.262151250895263
227,4.54,3.97049056149814,-0.07572033581765049,0.5347881938474218,0.9954137006050937,0.008504154715493494,0.011120740477932383,-0.09463388997326357,-0.06740747091982724,0.814975581775993,-1.3368274525648063,0.05176176552504537,0.7339186249914335,-0.9612834136061167,-0.07828178466129299,-0.6342213765149592,0.8544708391448607,0.4351903263147214,-0.6271546830186184,1.0367182508443575,1.5372476990324695,-2.837343585288685,2.6615073763247103,-0.2996881610695694,1.8017358967323553,0.4780667506660212,-0.4104150296326666,3.984402800561244,-2.385546592195767,-0.944999714194717,1.4325529081715225,1.6495295962463015,0.0,0.0,0.0,6.42363813650675,-0.4264253678659004,-79.46273444357246,-23.07887817874007,-41.882246776801196,-98.66586050387261,-3.2370441513925607,18.057977888818463,-23.059741951536324
228,4.5600000000000005,3.989177268956539,-0.07950802223851877,0.5341674079026256,0.995158295960156,0.01809093450555835,0.006940757848924945,-0.09635616197669024,-0.061342925667612076,0.7278985672949178,-1.2583970789390235,0.03407353038524232,0.7556650522340096,-0.9317583291006243,-0.09781775341274555,-0.5663617583699572,0.8121362197542448,0.40509820290888915,-0.6165700695040918,1.1361687902714066,-0.45848921948125876,-5.093609256899216,3.3203304496948833,-1.1588175499610434,1.114906722724224,1.4805679900514161,-1.1680975110812675,2.3878254015133633,-0.9375724260210019,-1.7824477111993422,0.13972852145054213,4.950341215721878,0.0,0.0,0.0,41.11523660393758,36.86585632487191,-281.6568478567937,-100.01286001578791,-102.02441340058607,-379.13979579066165,0.0,0.0,0.0
229,4.58,4.006914209898631,-0.08229031176896089,0.5342444034996251,0.9947077362575192,0.0327681601044073,0.0029966456674199297,-0.09733338187671865,-0.09249501750055328,0.6133618320578968,-1.2279368620048128,0.003809319971995828,0.7899259727764035,-0.9216274514278074,-0.1294478331110906,-0.5334099160869297,0.8184649806052434,0.3516313166776857,-0.6499485474501294,1.2461622367508371,-1.952585668071288,-5.934016291854037,0.30158165694229233,-1.5256487656930329,1.9132898913959988,0.08538708963705438,-1.6350164369291011,1.5754818569302311,0.5434145105599029,-3.0478503262643333,-2.588690063157608,4.15884565210227,0.0,0.0,0.0,24.683963212404407,11.505792899592175,-277.4528336042531,-47.43333188078106,-51.86284719336201,-207.3923134675529,0.0,0.0,0.0
230,4.6000000000000005,4.023781535683143,-0.08462317902773915,0.5337783549056362,0.9940811202174238,0.046632424485415554,-0.00035005600876810697,-0.09812247894685595,-0.14472020318839499,0.4881690282809488,-1.2269919324718725,-0.0254539739129407,0.8278234579581035,-0.9238546340112261,-0.1601732798420334,-0.4940556662095321,0.8148581424560962,0.30537478980585914,-0.7458283321456104,1.3709760646784181,-2.7659273037454435,-6.318791504152186,-0.11289122178270423,-1.2669168038800185,1.7321850880266747,-0.002782019064164226,-1.3119762651397866,2.161142502190687,-0.6161761190089166,-1.7460069840364667,-5.878135609010038,5.310406885044328,0.0,0.0,0.0,11.212289754338993,10.241800048196575,-213.68863619166765,-29.3730240109449,-61.31109035999356,-184.1796844712369,0.0,0.0,0.0
231,4.62,4.040135178076384,-0.08746654026767686,0.5323946001872829,0.9936127998747369,0.054445853114623154,-0.002587000546228877,-0.09880567003913317,-0.18986013849766034,0.3654614567638293,-1.0795982865306044,-0.04190356383294528,0.8573624995108401,-0.9178583259407366,-0.17778239947274088,-0.45383223336027206,0.8043259032599106,0.29586871778761115,-0.8842330181709176,1.3629753208524686,-1.9834726545224457,-5.71711864595931,8.516643206961803,-0.4721276260388775,1.3498417291586344,0.47175401319403276,-0.5503310480428065,1.8340168475303442,-0.2920532490796877,0.45537620416130664,-7.421547586845676,-2.8873758170377464,0.0,0.0,0.0,22.85154574913438,18.965711912445272,-207.84258867953952,-55.06695321758946,-40.69867822097302,-184.3962778002994,0.0,0.0,0.0
232,4.64,4.057191866626917,-0.09130490246028243,0.5310206217941261,0.9934932323350262,0.05521035379204494,-0.0028223587054005544,-0.09957433620164616,-0.2227594552387012,0.2688792936293466,-0.8875580793870703,-0.04243604222138496,0.8782195608228154,-0.900353673285598,-0.17993659160691997,-0.41155541700529014,0.7886547341110987,0.3410734796601676,-1.0284511855693428,1.271685289610263,-1.5197922123475218,-4.039312746078555,7.345335459666602,0.24286696345180891,0.9802498509793582,0.9819332963239702,0.1494162549968539,2.1252267906475484,-0.8621282523118337,3.332474121265132,-6.974172475471064,-4.210904075345582,0.0,0.0,0.0,35.5635920315116,48.73264661634498,-271.6866953068462,-71.83398173578779,-57.2299069256882,-287.49692768517974,0.0,0.0,0.0
233,4.66,4.075543623101183,-0.09640458539024968,0.5296846166667818,0.9938070255630236,0.04763608281681849,5.828734845301153e-05,-0.10039121554215308,-0.2341287130720539,0.2135963565797489,-0.7888212023967662,-0.023809937839488565,0.9034260507239288,-0.8896572314653706,-0.16354374424715698,-0.3778714280212443,0.7831929597778186,0.4309160887015618,-1.1339120133759937,1.1272957148955054,0.03450291320974541,-1.5054522645409494,1.2463242983365257,1.244390423390289,1.2790471736354685,0.44898922061048885,1.0790119485597314,1.623292717232782,-0.11891536360426677,4.873751104501715,-4.2249059162262945,-6.697888015626075,76.71476429697867,33.17055827377955,-104.50777763319529,41.98354529770386,39.16090708356988,-151.44115653664184,-26.99293360681084,-34.97177273613486,-163.53619970081152,0.0,0.0,0.0
234,4.68,4.095396109773163,-0.10229526376708592,0.5277624617230601,0.994093603868475,0.03719900618071099,0.003717372984492767,-0.10188386439986614,-0.21651115961048428,0.24436769930961824,-0.8197045001151386,-0.001580609415061448,0.9451225559046122,-0.9317340066724279,-0.1420013645358592,-0.34804447894052765,0.7898089336290569,0.47794095696236005,-1.1306729267127316,0.934153114723364,1.1381005081556286,3.0879787730318675,-2.9310607237195825,0.8537389961717552,2.271534013441177,-3.6016859399747436,0.9754912254390321,1.5266592563300068,0.43009709436353993,0.9848538042048034,2.3963316409786084,-8.15531120612126,64.96177388100737,27.312779598473156,-125.97069489724284,54.39776755131491,24.736512322823867,-74.71669248498306,20.44836708592101,9.41136425780447,-36.544885250486715,0.0,0.0,0.0
235,4.7,4.116304931034982,-0.10762630842169073,0.5240350285463076,0.9941768038799934,0.030593261783652664,0.006805233641940542,-0.10310297646274855,-0.2023006040801408,0.32902748889990274,-0.915311390659112,0.002378561281183569,0.9991395313519269,-1.1909943670563028,-0.1338872468218726,-0.34277601303600663,0.828022579753291,0.4411665211749898,-1.014548641968418,0.7716424332275569,0.5847638981893473,4.42327425431305,-5.293153157715188,-0.3669955240827204,1.849115011706172,-15.931466260302404,0.24201877362388274,-0.5090456302901931,2.6696568936267826,-1.2849247002223727,5.564574359237191,-6.415123305212322,-33.87023938416588,17.464099802103377,-52.56423685319833,0.0,0.0,0.0,9.82813861189716,5.9110844246980365,-14.359418146913777,-34.71095972837427,-61.81777532563751,-410.6341674065822
236,4.72,4.134696985005712,-0.11213748780231411,0.5206706849341042,0.994261277731108,0.017902855018130374,0.01301910050721024,-0.10466375881215285,-0.17512895471594092,0.3999429139512335,-1.0068946938076861,-0.02061661143132004,0.9787184794075385,-1.3613557030170533,-0.12836931562148765,-0.3924258112091216,0.9833016449214993,0.4611983243488553,-1.0090526713621393,0.775904419872405,1.6321975826598998,3.004142492779525,-3.916946615630122,-1.7534719374195775,-2.5764018583788246,-3.1783955072043932,0.27392770911925207,-3.3105674106844996,7.698248338156482,1.7528444894471062,-1.2862436323266475,2.6073054155999262,-13.422048991612915,6.747928245875054,-90.78086781796317,0.0,0.0,0.0,0.0,0.0,0.0,7.131125662220751,-28.368657966497935,-419.0875059261289
237,4.74,4.151796943741439,-0.11485318434275238,0.517671507249426,0.9942818725868733,0.01228512381900463,0.018592073618221995,-0.10443643222778062,-0.16790541041487475,0.4506898077414689,-1.0657295042583295,-0.09617753198129862,0.907312789069419,-1.3728070660041851,-0.14961563884912174,-0.48674194771597085,1.14022856329234,0.4772902869404269,-1.0312774482102451,0.8381984210059663,-0.2860925844829718,2.2831270225714237,-2.3956166060070623,-4.5329696467895895,-3.935964132133708,0.522885019907654,-1.678297696287088,-5.282367829163649,5.627646300755403,0.1632513043200115,-0.5453942506179226,2.716362093762162,-41.57174139122598,64.87208133029156,-124.15930737818127,0.0,0.0,0.0,0.0,0.0,0.0,-26.818636140506186,13.541554700639413,-244.9736643156411
238,4.76,4.168341697764204,-0.11721324475019065,0.51543076395696,0.9943761121786889,0.009111867066035404,0.02199859906910355,-0.10319487897160332,-0.1668259943256253,0.4947286952317846,-1.1044137276710921,-0.1390243101171817,0.8150684895307044,-1.3649349775934274,-0.18595270507263506,-0.6212371976179694,1.242583512378962,0.4808614244280366,-1.0162658873016295,0.8617258896327864,0.28958740426716034,2.226886836137577,-1.7831454809579648,-0.6388280436169055,-4.904448809273279,0.16826656981372343,-1.8238037924505623,-7.356660292220283,3.323402298464462,0.2907134442245727,1.1100313980414411,0.6612514220582992,-1.886795581176842,18.30881540291427,-178.0649543851127,0.0,0.0,0.0,0.0,0.0,0.0,-23.412422572031957,7.811363389847042,-387.7863550382879
239,4.78,4.184163172929373,-0.11980546852985574,0.5143166262295061,0.9944573159433583,0.0035726245248326807,0.024681273956579847,-0.10214067669942926,-0.15979853352711312,0.5407697974306819,-1.1419757169873597,-0.12940493232595338,0.7126683712722,-1.3317347295118627,-0.2369531763211922,-0.7907332615230763,1.3130508232175682,0.4895135880438568,-1.0012272980598742,0.8806333315206034,0.36957038832025674,2.269584476475895,-1.8037166062486043,1.1469940544145891,-5.091189402770177,1.813765086773063,-2.9205539262848763,-8.867880166600797,2.4387158198979098,0.4809785114040199,0.5928560435349262,1.1342202961164323,12.395109821803684,29.309018176769463,-159.51322022932817,0.0,0.0,0.0,0.0,0.0,0.0,-19.607961211133333,-3.698325486149387,-406.31254836931913
240,4.8,4.1998872010634765,-0.12291500420752546,0.5139416311853187,0.9944424786377644,-0.0033312027530738595,0.026840164181679983,-0.10174804841223689,-0.1472938856826881,0.5850316267488599,-1.17181635226736,-0.0822600734488342,0.6102954108734735,-1.260572058809496,-0.30631587420691464,-0.9737333630117236,1.3562028931195773,0.5018138871352787,-0.9860525943577183,0.9015911031889637,0.700910944999447,2.135535383208448,-1.2172428012319587,2.979045067926576,-4.962734131729079,3.3437979495551398,-3.668114586790652,-9.010522975434801,1.2162980951128288,0.5984115480683516,0.9433855348121807,0.8841470481536874,12.074858684501297,12.41173028155432,-154.42985303488632,0.0,0.0,0.0,0.0,0.0,0.0,-24.290264484869226,16.240631661707607,-346.9284846174546
241,4.82,4.216162912735801,-0.12688229765434397,0.5142711964837936,0.9943385568428932,-0.008672606036314565,0.02857451103109827,-0.10197606385552467,-0.13454792426133846,0.6252647404664671,-1.1883648998694587,-0.019531638017119827,0.5117051091141969,-1.1330719061690842,-0.3698723436402975,-1.1297773727839044,1.356676223179938,0.5107339890632785,-0.962889638571664,0.9142656030599048,0.49463065482607416,1.9168001106504435,-0.5839189732723173,3.167786791104143,-4.68811425401576,5.918793305954695,-2.511182448959226,-6.737682140701192,-0.7889719943788435,0.2715692633532675,1.2366173766646016,0.5301745847589067,31.4669962899306,14.128861447205864,-158.40441728163333,0.0,0.0,0.0,0.0,0.0,0.0,-28.409362740797036,4.911087652244769,-338.8095260050153
242,4.84,4.233064974545704,-0.13206864853893446,0.5151978944267644,0.9941517686126974,-0.012664684984827174,0.030008860318361395,-0.10296278464025337,-0.12062579721139849,0.6632565407176154,-1.1944087546065616,0.04995831756532235,0.4275900282320294,-1.006882977615434,-0.3770968362968089,-1.2263393962312044,1.338654720567764,0.5181870413170502,-0.9378394999112044,0.9258571670881519,0.6234930791493212,1.8690428391070462,-0.13199133035869529,2.832938958477232,-2.9833093040711445,2.837554391602913,1.011029226294147,-3.471947266480279,-0.8615486465096546,0.2638861384436745,1.2773055153268928,0.5901292831901707,41.24467049122803,-6.540499387993759,-169.860393298127,182.06994340256193,-19.76407041647424,-229.0001408103809,0.0,0.0,0.0,-35.758128067988345,5.727783176198745,-275.2107685730396
243,4.86,4.250968059638623,-0.1374155907919733,0.5168376357305035,0.9940095591051628,-0.015576236660724226,0.03020020686028628,-0.10387648802614834,-0.10930021373811415,0.7027094738826914,-1.1944856376179753,0.07287337146874522,0.44053815638845634,-1.0028884040385064,-0.2993146432105205,-1.2388795634010865,1.2879324191668815,0.5230970323606504,-0.9083190987295812,0.93730932895089,0.49153197637262247,1.9235626067088736,0.2216438557056124,0.6061428388620007,2.085645415006804,-0.7765113176120126,5.020132830133319,0.8259319396075747,-2.31975801471231,0.18241659480091205,1.5960377947076188,0.5491584568588046,28.023566236907286,4.023902783183003,-121.4102552765473,98.67774540402003,24.40776820981042,-156.92512590731621,0.0,0.0,0.0,-50.3982382821302,-10.421995762063787,-237.37482535333615
244,4.88,4.270038574852198,-0.1423705247552903,0.5192962258019372,0.9939836196321185,-0.012672393439917164,0.02854537714897586,-0.10498159739192564,-0.11065262723396954,0.7384376975220055,-1.1808238988812956,0.07121276637366522,0.4939733449010011,-1.029047747295859,-0.18610628898030498,-1.1563937341672081,1.1651635949981423,0.5157891995509034,-0.8770318687340046,0.9526933901594786,-0.39946798866669586,1.6287154482439172,1.074018298523418,-0.45136860227616254,2.72155003560064,-1.2786634948935849,4.837072710781077,5.4037164678118925,-5.600320516627702,-0.7077509352034101,1.5305418885273867,0.9227127472870381,17.047957777801425,6.089872602535651,-67.81138118911132,-1.9670324805092467,8.907258327083417,-73.8921629474318,0.0,0.0,0.0,-70.95002838455467,-5.881008954513106,-211.04617117658134
245,4.9,4.289976991478167,-0.1469501297100195,0.5222633898623187,0.9938787776227525,-0.004932474353391675,0.025494083229254755,-0.1073810868270465,-0.12018703127794646,0.7648278865725813,-1.1463430572582947,0.059586665417812996,0.5380849196232971,-1.0356485692955115,-0.11116881545015801,-1.0065473841028105,0.9755104747366613,0.49782133702688003,-0.8469559277516308,0.9752295723754054,-0.4613296293974453,1.198205769167898,2.0600659886600616,-0.5907164765417291,1.9260863509534585,0.2455430164562588,2.4195701086037626,8.084022825955444,-8.18981502667821,-0.9627236280180353,1.546725177048811,1.194900672556511,37.36891790935544,-8.167767663079958,-60.64989523740821,5.809278808304175,9.82034143998268,-99.07953269746116,0.0,0.0,0.0,-59.4943060362843,-8.80103162181001,-155.2355891004816
246,4.92,4.310450794481585,-0.1513686904802602,0.5253106423869284,0.9935922672395413,0.0014168964676712608,0.02156683303430598,-0.11093813861364238,-0.1257413070703106,0.7827713279420981,-1.093492739081508,0.050976891062134835,0.573119957186119,-1.0215656946187797,-0.09120398690947204,-0.8357028069336572,0.8556422894167836,0.4796560054599041,-0.808179049803666,0.9904799290923608,-0.13022795068232673,0.8562992845887676,2.7771529458404176,-0.28212896576099517,1.704202240771556,0.8656566944946658,0.20773739593449775,8.11299830500332,-5.557181829152528,-0.8022993576468217,2.0947281415338503,0.571129792340328,63.978812903099225,-6.513855065090143,-95.7031187454461,32.51777510622994,25.530122367391698,-118.81263306211233,-69.18554451927497,-21.158006728477048,-90.48701066018579,-47.733342898388926,-27.42770679079864,-179.83769259447632
247,4.94,4.330405207882078,-0.15593565656295005,0.5288661363966952,0.9933863501123397,0.005151360228471787,0.018938871781530645,-0.11312975750846747,-0.128349708779317,0.7985747024699648,-1.0435217969112176,0.04565717420882713,0.6060026439836443,-1.005284985524268,-0.09445833361113112,-0.7542560589102263,0.8020357935909571,0.466967202900396,-0.7621624471150117,0.9902386645511918,-0.13911617702479906,0.7612272668836062,2.2520635396540407,-0.26794370135573453,1.5841919861903502,0.7741579126207309,-0.2321359785117162,1.6852034059331322,-0.01660684628903808,-0.5335231044466413,2.381688189326875,-0.35262285251026115,65.48964129544883,2.0974424059025853,-94.71054613371557,34.67719522498648,29.053743322139482,-117.26083368014959,-89.79698953303745,-45.4696248005347,-270.8243866046819,-44.70525854410939,-34.78002076007851,-179.13557123162096
248,4.96,4.349967401191262,-0.1604211428743494,0.5320312437675573,0.9931927919521627,0.0068952435787080855,0.017498811377482413,-0.11495357858994423,-0.1303010035952266,0.8383866679699564,-1.1380797552799082,0.04396935090650614,0.6356760201713445,-0.9880956543092015,-0.10036395956553093,-0.7431042340390519,0.8477342830876679,0.45889526502317013,-0.7187428197618463,0.9872630918476812,-0.007919924298815273,1.993123949420295,-7.891483743853846,0.004527902216424046,1.4499307960838868,0.8931503663893168,-0.3530717103200468,0.35101374051629214,3.208120738600528,-0.3518202068256558,2.108365834556362,-0.050865259981496075,5.238940873989265,0.8961358687965216,-6.647088612457668,19.24522984459859,11.175244132644991,-139.17651851360398,-36.5406961686732,-1.3887656607716947,-46.30981884839915,-40.799976712926146,25.201138202050174,-114.46696316919248
249,4.98,4.369410412270234,-0.16507967084003594,0.5335084549454768,0.9930205058273435,0.007220757519778286,0.015239082982974854,-0.11673005618557121,-0.12084535830752886,0.841932009259546,-1.3226127954814684,0.04514860493461715,0.6730720643667298,-0.979797188944873,-0.09576069481005565,-0.7172509182860656,0.8943801805351107,0.45662920726419887,-0.6862415531433007,1.0121048345853192,0.8722653458897474,-1.092723705799156,-7.327041595701646,0.0437111578054072,1.9963817994824031,0.2916995054736148,0.5112356040976546,1.9197656785361423,1.6886308324272816,-0.10034497138248569,1.4953590043446616,1.8267350131008415,0.0,0.0,0.0,-3.5528809535354458,-3.3817046525959342,-65.88888959093421,-12.070671322790112,-28.521245207419806,-38.80095932082279,-15.668057612088925,5.560515085270103,-21.132689514112265
250,5.0,4.38887617069735,-0.16970137036919264,0.533554490581138,0.9927484419973278,0.011741491351997412,0.011477210163862214,-0.11908376018401728,-0.09946430310718164,0.791559280960589,-1.3508410577863244,0.038244904568698404,0.7107672647170028,-0.9714973451946995,-0.10104744729052499,-0.6459023991692397,0.8653767353658316,0.43595093053505185,-0.66263188588584,1.0823973246848133,1.1075570259846865,-3.2187647301504496,1.3654179374666005,-0.5322852379377362,1.8312348732091912,0.4811420261016177,-0.6721289253392748,4.098808042955582,-2.5843922240164554,-1.6025760520712358,1.1408036715261172,3.4992868577472325,0.0,0.0,0.0,7.389887167599537,-0.03262328923948318,-88.41834052583819,-23.002710046855338,-47.46215901150051,-122.68893363625588,-3.3154070632956785,5.626116647956493,-8.182731326392943
251,5.0200000000000005,4.407716183430379,-0.1737705958009593,0.5336013175631377,0.9923998988201018,0.022347272402616705,0.007099160610873854,-0.12080000892647592,-0.0970258808038534,0.6967909277245696,-1.2670907473260997,0.01702229776672201,0.7361958140899931,-0.9467906151230464,-0.12400261537069072,-0.5802073947050594,0.826105289075862,0.39545709138304286,-0.6578394576849363,1.1995550889190176,-0.48401758754149166,-5.4397717132590335,4.178419597504446,-1.2708798901203786,1.260478865995473,1.253859039851069,-1.2788449250800027,2.330220033200474,-0.8186832029105922,-2.192490754819904,-0.15416519865396425,5.191293554834658,0.0,0.0,0.0,34.99001779264035,36.42359886612486,-247.54560639144393,-89.62649968458429,-101.54294991890899,-353.3004591441301,0.0,0.0,0.0
252,5.04,4.425646783672469,-0.1769521341702219,0.5340869865451995,0.9918755817794115,0.03598743183727718,0.003069703330197002,-0.12197668605506828,-0.12229323872256559,0.5783466149582555,-1.210380725935033,-0.012265871516887898,0.767944060800243,-0.9338303500919312,-0.15508992036968602,-0.5460654593624967,0.8314861568941531,0.33640645254346424,-0.6943662475704792,1.2773271493760752,-1.529417685813048,-6.009216046964073,1.4370169492217586,-1.3986023991379777,1.7274171515496817,0.3408866263076007,-1.538803043336047,1.6506174120314367,0.47036780056491184,-3.2198136456790674,-2.7083593234386427,2.206852236684763,0.0,0.0,0.0,28.431557350737172,17.80543448384014,-280.21004434919763,-44.351470346849474,-46.006453037934335,-199.37568175932,0.0,0.0,0.0
253,5.0600000000000005,4.44280090861267,-0.1799425477876657,0.5340657830589803,0.9912972810693266,0.047074471107766,3.497131385828313e-05,-0.12293776267483111,-0.16252623487857365,0.4550723719374833,-1.2038026510599833,-0.03656002355321516,0.8028047823472719,-0.9315159450976017,-0.18109039921253228,-0.5033823894174928,0.8228022754322755,0.2979428098725789,-0.7935552275390345,1.3801509781926744,-2.113588831868244,-6.131732218146701,-0.2831846881231263,-0.9781025577987246,1.6171021110567585,0.17610125226267262,-1.0272122801905443,2.323434432919874,-0.8987611034175043,-1.0525366962478735,-6.080988800137243,4.893225920598866,0.0,0.0,0.0,14.107655261716639,17.035463081001083,-224.8987851092923,-33.0245651117213,-67.2803105036647,-221.49698883792178,0.0,0.0,0.0
254,5.08,4.45947847561773,-0.1837751075196459,0.5331717713771422,0.9910021031112273,0.05135228277170365,-0.0012852617722859004,-0.12359661316329484,-0.19065553210502845,0.33592917290525476,-1.0456096291151622,-0.045818413776395596,0.8328206689462043,-0.92613013568266,-0.1914556518059684,-0.4642469784051935,0.8127264561067431,0.30942748005619836,-0.9331760006060521,1.361690334533578,-1.082695909804929,-5.529741750584183,9.207557390548915,-0.10497315924142286,1.399842659892286,0.37941115273918874,-0.18422477336281942,1.7242647219806926,-0.17280223538646602,1.6618315765900515,-7.408674809829991,-3.3117188357883096,0.0,0.0,0.0,20.552943141624663,19.982337834110496,-176.87104359296404,-52.94254104621258,-43.566665867240395,-187.00007324233354,0.0,0.0,0.0
255,5.1000000000000005,4.476866676028353,-0.1886832075156065,0.5321213215162383,0.9910406120188339,0.048662061315552375,-0.00026694481840034714,-0.1243802148989995,-0.20495536359073863,0.24125601832031862,-0.8223649462952809,-0.03892761168930667,0.8533634717258322,-0.9092053036040284,-0.18638280630176818,-0.424384624464624,0.8003936710413798,0.3725631442248089,-1.066018149916964,1.2359585499958672,-0.6342812723490548,-3.958932116260762,8.84192572551452,0.5890599302476404,0.9291653030657611,0.997147965708249,0.4773980749378621,2.0672842445210184,-0.7727286980267661,3.9744931097494143,-6.107752567428013,-6.039760188392902,0.0,0.0,0.0,35.44766915959803,46.38110304645584,-228.30749113928528,-56.92148830907704,-47.27464682428916,-251.16430433025658,0.0,0.0,0.0
256,5.12,4.495635741325686,-0.1946553781200667,0.5312206457091341,0.9912355514220311,0.04120167711916752,0.0025651528883590125,-0.12549073029626356,-0.20086547877707753,0.21450475743122263,-0.779269829233957,-0.020369053829940545,0.8775722113820223,-0.8956211693529971,-0.17095638411516378,-0.3868441285211515,0.7920682352857698,0.45391637785789923,-1.1458033738162166,1.100610706430633,0.6192316222389833,0.8258541447391772,-2.447955132529381,0.9766441930537718,1.2537893860849416,0.6756369828909045,0.7528551039402347,1.955431493441128,-0.3530165742403599,3.7216637366764025,-2.715560752378595,-5.313593139758787,146.98047099950196,38.95013715892785,-190.196971912531,41.12117383920438,37.48230335699807,-137.50340457459117,-20.23020947420204,-29.038803095216508,-146.1505589347452,0.0,0.0,0.0
257,5.14,4.516107481202646,-0.2012494453540004,0.5296192366166097,0.9913542488466747,0.03150913498403794,0.005871589379530829,-0.12723777797636107,-0.17897099698011237,0.2755204845891862,-0.8524621464713877,0.0013005888776483803,0.9337653911826721,-0.9935000587976403,-0.15251672376450728,-0.35586807928389147,0.7999573162737471,0.45718032785142293,-1.093226382221266,0.8695806823697665,1.245836386556126,3.809930534186824,-4.128056715940432,1.008561907037822,3.1073522685919426,-8.264175433902183,0.9698277151689754,1.3454129558121144,0.7281390391985334,-1.2099552383969578,5.104161959838461,-10.751040241762118,-22.185746571319434,9.868114594507595,-31.731750503608225,36.922245873010105,12.815007101380505,-48.878500145784244,19.090483615095877,8.492798983184839,-27.33873680355836,0.0,0.0,0.0
258,5.16,4.536716908320914,-0.2072894631684717,0.5256152221269712,0.9914448281998092,0.022754782079189323,0.009509673337808654,-0.128175421362239,-0.16056033140435397,0.3535971747658673,-0.938474841107454,0.004104699929682624,0.9784569280632993,-1.2732558138066727,-0.13953544761677728,-0.36225874584597423,0.8614140417163934,0.4328023317966902,-0.989975589695816,0.7420335040794843,1.0029032910682338,3.639170587458688,-4.135015482775004,-0.5746552740599251,0.9718815915023951,-12.806072795982885,0.6266583168636829,-1.315326633480236,3.6822178095041127,0.05049727326533149,2.536602351817993,-2.8015746909184394,-26.594444380171428,13.966978042056382,-46.191685222520334,0.0,0.0,0.0,5.014336103221787,2.515808583511001,-7.019364144906318,-22.598359909165268,-117.44276850571316,-686.5631193529256
259,5.18,4.554994216950141,-0.21182210674298757,0.522215962696398,0.9913995508689812,0.012718816989689843,0.015538468768345923,-0.12932021581910588,-0.13904629553644746,0.4101666868284281,-1.0009982784584348,-0.033353120026131104,0.950894524481052,-1.356629638700666,-0.14158375917476765,-0.41291097997453374,0.9754838856872641,0.45358143379738264,-1.007521553255627,0.7843877348473515,0.9534248913146454,2.5271768997824555,-2.652338867433166,-2.537383018445651,-2.5018326943474656,0.5036350038689541,-0.5432904075406763,-2.9819006595475592,4.923267106052309,1.1499656327920886,-1.4648434210952197,3.4054278705013155,-0.9521023813718128,28.5737492941617,-120.55878145622052,0.0,0.0,0.0,0.0,0.0,0.0,2.3253760077707173,-1.9462368633422864,-340.00100385997735
260,5.2,4.572453034685281,-0.21500660730517726,0.5191289387302733,0.9914513653050474,0.010364858609663026,0.01903212164406293,-0.12866444064497765,-0.13830590029997686,0.4590194412002908,-1.0459096954340847,-0.09518034176323224,0.8902496458084205,-1.3645621733932125,-0.16669536105286278,-0.5037634103156946,1.1126022800155202,0.46104804585848375,-1.023086957975206,0.8479506445259977,-0.4471947834714613,2.4559921698114167,-2.0888547053374067,-3.161145110074074,-3.2343638052987105,-0.7994327255582456,-1.511043417318342,-5.202038060723462,5.656113414354918,-0.09607236823400972,-0.16680281529751745,2.6703294646403797,-14.636687306753153,51.64301158663812,-178.5373238912801,0.0,0.0,0.0,0.0,0.0,0.0,-36.073885970441296,14.834528452277269,-242.99818284836047
261,5.22,4.589221952290695,-0.21829996178815786,0.5169083746979848,0.9915921023019385,0.006301406665444045,0.02098842818545585,-0.1275338418176248,-0.13528312026574854,0.5115256350034405,-1.090695692728395,-0.10679665871322266,0.811350688903235,-1.4004443087938276,-0.19838277633412338,-0.637932691007641,1.253149359625751,0.46566661406563237,-1.0047905079883135,0.8726180299639293,0.5231496933466311,2.5975292700610906,-2.1555415869994157,0.8793106590801706,-4.343371753241824,-1.784697794328596,-1.5639387827749356,-7.344477102625748,5.509359789224087,0.5024119241549774,1.106138519417878,0.8407206543053943,-9.312104647208026,7.7748751140857015,-150.41035477624453,0.0,0.0,0.0,0.0,0.0,0.0,-15.376381267531716,5.309457549843273,-426.96682731181306
262,5.24,4.605371426859768,-0.22160266151118174,0.5156332068867994,0.9916745541114128,-0.00015458209899891627,0.023629792136334354,-0.12658273087550118,-0.12631759801117223,0.5603983855500687,-1.131135580093129,-0.0850089293512959,0.7171401859224431,-1.3761348540995049,-0.24330645310278629,-0.8012268599818922,1.3390760100327432,0.4766897891009917,-0.991711857417509,0.8964273894527239,0.35748828112928765,2.290310751079955,-1.8185819401239887,1.2283319998794808,-4.751923466438226,2.128665322014984,-2.5865033115444906,-8.37693374383461,2.4082364784687993,0.5005881108625242,0.542643166735746,1.2912269219480446,4.152494844104996,32.08822616522534,-127.25674830191089,0.0,0.0,0.0,0.0,0.0,0.0,-16.973952315912484,-1.2433366227815672,-387.4473823518459
263,5.26,4.621444691476803,-0.22521253881510434,0.51500186659885,0.9916574801839775,-0.006707225580330576,0.02601610859159837,-0.12606989019559608,-0.11494333257701565,0.6016992388313849,-1.1552788231711506,-0.039772000014465604,0.6191709590608591,-1.2723342715719126,-0.3029645567200647,-0.9738984162970176,1.3618883887976916,0.48806199990059307,-0.9757640084417752,0.9178996601027933,0.6104292272686913,1.992557753539595,-0.9140983274479374,2.8234938042431588,-4.7849571634773085,5.108420979083643,-3.1281016909921124,-8.513236087140712,0.07300660675633253,0.5186799710594828,0.9959871935866631,0.873615195598512,21.9949109335091,9.208962729089782,-170.80610230753365,0.0,0.0,0.0,0.0,0.0,0.0,-29.284254670379482,19.14554824506249,-331.31052822935453
264,5.28,4.6378713994847285,-0.22968108642784868,0.5149941738872457,0.9915577997138934,-0.011560529940888242,0.02757427841989273,-0.1261710867974565,-0.10407457088343518,0.6416332585544103,-1.1692083680189298,0.02198508681455358,0.5239516868663419,-1.1269886112047678,-0.3542712106649058,-1.1235930564807468,1.3525140330942265,0.49598922558203157,-0.9531555639934945,0.9327642937497803,0.3947245370928517,1.9757041955429742,-0.5625583000609575,3.1788646210915155,-4.525267681877395,6.198881750204382,-1.93210577312228,-6.559325176601328,-0.8697609654411813,0.2336197695700911,1.167722907625851,0.7134465785737165,42.34802674482912,13.413227011346372,-183.32645714841098,0.0,0.0,0.0,0.0,0.0,0.0,-34.38815057304466,4.1263875401507795,-317.7619610294867
265,5.3,4.654787044032682,-0.23536351261325675,0.5154953146986112,0.9913543817442307,-0.015590682942388892,0.02888096196571331,-0.12704058578989658,-0.09143378503800374,0.6820337688128659,-1.1780287749682277,0.08947725712593031,0.44828061607552716,-1.0368028222332428,-0.35402766647719913,-1.2203583526018171,1.3362554054261049,0.503369840938397,-0.9280403854870746,0.945909368835685,0.609095920120171,1.976411890782585,-0.28183192044832445,2.6961611551132036,-2.3502941040563683,0.44315468460647356,1.2382816580750826,-3.6088803477594613,-0.701451757909993,0.3064654250646149,1.3193374384264112,0.6105008297277853,42.71955928544909,-9.925089325708528,-175.15182397469727,188.710662048302,-2.07102624549789,-236.0112774422389,0.0,0.0,0.0,-35.18040496592041,0.2424354664477748,-274.34512937889525
266,5.32,4.672723850199847,-0.24102395518023073,0.5167492071927409,0.9912324661776102,-0.01603770639680783,0.029255717053087677,-0.1278479291529328,-0.08673435971758624,0.7209915919610355,-1.1793158205951726,0.10713939098932736,0.45285209966174456,-1.0396180238729171,-0.28099241859324486,-1.2316267846706168,1.2898622317367603,0.5032132687009032,-0.8994887528704328,0.9581422435322808,-0.014538237813493005,1.8216609411066227,0.21662441513459813,0.13954472485522768,1.3362477349097686,-0.08976173162817024,4.564990539844281,1.0207654491373952,-2.14313122216904,-0.22858421654455122,1.4851388555481913,0.6182516389781697,28.50124339400805,7.928528075665236,-116.68799013075855,84.72987485824561,22.461546096171777,-127.2711000011328,0.0,0.0,0.0,-52.479520254805465,-10.32694190324069,-251.78580425737
267,5.34,4.691672498836473,-0.24638203114833415,0.5190225568884912,0.9911701565170772,-0.012523237752776821,0.027911653486200373,-0.12901871548642707,-0.09046524916229197,0.753825551854084,-1.1632944042693143,0.10303849281309886,0.4928503134302681,-1.0448275445347885,-0.18461398517417305,-1.1595976544252529,1.159165153059436,0.4939932297729597,-0.8683261273314071,0.9727376272747261,-0.2884757539025456,1.4995439569058737,1.2121212454134696,-0.35243830674083776,2.2388830256356593,-0.37744617645642226,3.95846258870485,4.530959049775624,-6.208500672510761,-0.6084005237587429,1.6143163690158897,0.7861254602053712,18.035461786534444,-5.652779590413072,-83.24297541164496,23.479796014762186,12.09279690463222,-118.12259718243041,0.0,0.0,0.0,-67.47349531072184,-11.586410633386214,-210.2133902756609
268,5.36,4.711551564542924,-0.2512429986099824,0.5219746178703976,0.9910631295110944,-0.004318726801047715,0.024613026865761715,-0.1310321366344909,-0.10372378770668512,0.7789844627531831,-1.128552873737272,0.08789390834551365,0.5383822819521887,-1.049898730550041,-0.12754985907438363,-1.0244393352025363,1.008171983119466,0.47424690283302395,-0.8370142711732526,0.9935823301370458,-0.8076119790142147,1.142704323610191,2.0296009660832373,-0.917615648889787,2.239810198330577,-0.0820842613563551,1.667627983778999,7.5398815221377,-5.7500805418686785,-1.157866246425348,1.5926062076800902,1.144476160275043,41.24081331452305,2.7047601623398343,-60.03098603126231,10.803659790681493,24.766337993669936,-117.66955628381933,0.0,0.0,0.0,-60.64234257715848,-11.267900839766215,-159.477143304451
269,5.38,4.731940211165605,-0.2558648786651244,0.5249653205622373,0.9907512725923032,0.003481930235406688,0.01996906491339232,-0.13416791145819165,-0.11343028140920684,0.7977697514343138,-1.0891323546766754,0.07356303844160605,0.5770784190325204,-1.0392942392915328,-0.11012625432890112,-0.8509853670100821,0.8459287185754725,0.45326298838581724,-0.802775453376632,1.016562884221821,-0.20868804783183023,0.8559903149831806,1.6875966933951911,-0.5324837819273783,1.8001958092000123,0.8424365430617697,0.14886596476876746,8.455189860809952,-8.073369097169723,-0.9149270051468847,1.8247872726278054,1.090272912545473,53.35046467850947,-1.7092316254321647,-66.7784719201604,30.53309868819866,25.587382171785762,-150.99983648724813,-56.21012303094325,-28.531430485845245,-105.35562001187644,-41.552518368685654,-5.926403047686841,-116.96192697529237
270,5.4,4.7515012372925245,-0.26067308970669795,0.5286007966525514,0.9906058525920347,0.008755667786967975,0.01658197407777682,-0.13545634436119178,-0.11667546398217327,0.7982067546846974,-1.042702456463509,0.0619262757421656,0.6118635748957915,-1.0234647459729642,-0.11605831248467778,-0.7826026507405119,0.7946001714757688,0.4374298430840586,-0.7552586388137686,1.0164066776944016,-0.10400575217228233,-0.3383141795339849,2.3526872790323794,-0.5731619047730332,1.6516534812338735,0.7970582790711069,-0.3754099493142174,0.9469012986231786,0.7193214276761342,-0.6819549688455873,2.58397828229866,-0.5667544078473676,60.42278732225929,-2.0828023040731636,-75.61607661620168,28.206143430508224,31.739385406880604,-120.0197814032167,-79.24943926589168,-57.94204090513074,-283.48617161023736,-35.77425293184035,-34.099022885397304,-151.58800938576354
271,5.42,4.770622776092651,-0.26555449734101116,0.5318861051715855,0.9904305821331545,0.011399386497197843,0.01436487736948168,-0.13678803405645382,-0.11399488792336898,0.8138888968762346,-1.1567835807559932,0.05647281149137522,0.6415318723463866,-1.0038190946884797,-0.1239086705702452,-0.7778129794559591,0.8463101463348469,0.4270614295153904,-0.7104691264616267,1.0124677787950682,0.3952843324882045,0.736780954780231,-8.953626455090099,-0.1073587835815437,1.4214989311028947,1.064892164614738,-0.38190427012371064,0.32602927930398556,2.9480432302840867,-0.4372902307271226,2.098783510291615,0.034013967940003,0.0,0.0,0.0,16.010456633324033,-7.027319645849421,-144.78908552264863,-34.831771304659334,-5.303496862083313,-50.77826897675062,-33.930180266109744,39.14881011303952,-89.08370347766802
272,5.44,4.789607259304972,-0.2708430758570746,0.5336078031768793,0.9902694312567386,0.012205317440305138,0.011325066786911597,-0.13816376734480793,-0.10075792791584016,0.7914464403979626,-1.3376742819670675,0.055482945827552095,0.6791122211838425,-0.9928492206745659,-0.12205351512639298,-0.7511253385483664,0.8840872812462527,0.42593358065990244,-0.6803265175647608,1.0672324802083328,0.8844459215062073,-2.346974254019321,-6.706531793781772,-0.0511032597258304,2.0155048823057995,0.41409535389708196,0.3213625257393545,1.9520564045994804,1.160050993882673,-0.04176992395018919,1.4229860986175764,3.4591253973755265,0.0,0.0,0.0,-6.222791244793494,-9.533808408049492,-59.62647491052968,-12.04332756141194,-61.442201573004354,-78.54324378636878,0.0,0.0,0.0
273,5.46,4.8085430472221775,-0.2760405447430618,0.5340351753291837,0.9899649814947875,0.017613902580106276,0.006823155343711048,-0.14004474428225103,-0.08451043763185283,0.7218725332792131,-1.3222521805671514,0.04552055047413594,0.7157025616917997,-0.9809712135191414,-0.13275910491477366,-0.6910048364297701,0.8698743510888054,0.3972261438830593,-0.6569721611454266,1.122200879279817,0.6818429860299904,-3.954717919964022,3.667671828663555,-0.7031774301148148,1.748962777645465,0.6624794730361303,-0.8512577566081179,3.1249522834942245,-1.151367820482267,-2.146614561902544,1.0328602280414219,1.8078585154054414,0.0,0.0,0.0,11.498846956218378,-4.501571273008877,-90.40374658361783,-46.85989794854292,-58.061908665662806,-195.52326636286423,0.635468664893093,2.495656926338233,-3.220309002349057
274,5.48,4.8266931737052206,-0.280556667962389,0.5347029902693315,0.9895224817212758,0.02850835497233261,0.0018458413586334304,-0.14152429026360716,-0.09669157811099403,0.622398171368863,-1.2379781860017016,0.022542621154945694,0.7356964230721659,-0.947810012932949,-0.15713974589275193,-0.6383308337720975,0.853414453658536,0.3505216287970629,-0.6657635611652031,1.2308218080061755,-1.2723446400215743,-5.391972628848163,3.240438840075543,-1.2637853916553883,1.0137102213223246,1.6690061595610954,-1.268841582239251,2.13657755839158,-0.28895407856760297,-2.343021520338265,-1.1355861362377482,5.417324205367597,0.0,0.0,0.0,45.282805072831884,39.08716893673935,-305.3044796593293,-53.2207525941979,-95.04118973402353,-342.7495603946863,0.0,0.0,0.0
275,5.5,4.844049205765516,-0.2842437295867286,0.5355594525494157,0.9889202764419904,0.04161334105011743,-0.002916929639269916,-0.1424658141801853,-0.13804366064248214,0.5109382626098162,-1.1994883489496901,-0.006470459670425123,0.7694821612288967,-0.936045161010889,-0.18743118924885588,-0.6036609472826238,0.8600979404107847,0.29629096160539253,-0.7261401690712782,1.3168591734278154,-2.3112241331241403,-5.523531961404014,0.8010101890976138,-1.3922049908244212,1.8822271017501513,0.171987967853273,-1.4968817607354605,1.702037269385789,0.428021238011384,-2.7624403448489314,-4.002954188239913,2.5627916240240785,0.0,0.0,0.0,24.280992121792572,18.159008706546242,-247.59705812872437,-37.81739378940068,-47.8715914757365,-198.1102871662445,0.0,0.0,0.0
276,5.5200000000000005,4.860764878870818,-0.2881445190129858,0.5358273717953044,0.9883514295486222,0.0509749267148692,-0.0064230261288544845,-0.14325415627812063,-0.18464640885238556,0.40183866519528944,-1.1614873387087132,-0.027210543242903583,0.8028097461091107,-0.9310103981569301,-0.20952379044765235,-0.5622153249776304,0.8545929560399405,0.27422504170701567,-0.8424069138315251,1.3781000524031388,-2.2323239408239774,-5.2562819740834446,1.7899450972869742,-0.7298089039690199,1.4459712553332082,0.4651015596607684,-0.7754126541372317,2.1683701970672584,-0.5620458522441625,-0.002327345184267249,-6.712875936792283,2.3348848552528647,0.0,0.0,0.0,17.09110260354031,17.506937334290818,-209.1374462814579,-34.67315988925139,-67.52140485282565,-238.9925478062016,0.0,0.0,0.0
277,5.54,4.877220868700372,-0.29324413434444074,0.5356416061330659,0.9881625266530548,0.052561051076892226,-0.007640325392481184,-0.1439228343809262,-0.21215717630922395,0.3059115587719683,-0.989706093195453,-0.030159046446798284,0.8269065425142698,-0.9160970947283303,-0.21367673056582337,-0.5245091646255178,0.8489020101679117,0.3146674788776741,-0.9871681450670802,1.3210767768339344,-0.9954698380556026,-4.229826102166715,9.106526263213844,0.20856648263131186,1.097899024397712,0.8799889456600388,0.11973697461551713,1.7091090165042662,-0.04758794372522529,3.2790720809301006,-7.4454029559217485,-4.471061326453688,0.0,0.0,0.0,28.960100885382158,31.0091057908122,-193.56377281102402,-45.7340516117183,-47.27200372126481,-223.56040644309186,0.0,0.0,0.0
278,5.5600000000000005,4.894547581097611,-0.29954770169765305,0.5354354624846089,0.9883273116915939,0.04691971788637689,-0.006012080175502686,-0.144815468544946,-0.22081953133499582,0.23678774510707057,-0.790675319256948,-0.016051875500995592,0.8466433942675224,-0.8965045005156123,-0.20171157648653978,-0.48878056029430295,0.8449970772155739,0.39726772536529126,-1.1017514815013814,1.1712402134670306,-0.2512130846244675,-2.737370375651028,7.498717264643018,0.9527204903350668,0.9441973165121331,1.0130938104117426,0.8144230809479502,1.8532739873087305,-0.31334532371314855,4.420051611186356,-4.658016849689241,-6.942580266505481,0.0,0.0,0.0,42.63328760443561,43.82213318919895,-182.0872491050098,-37.419193278072584,-42.620830053138015,-218.4792056246958,0.0,0.0,0.0
279,5.58,4.9133882147798404,-0.306705311877917,0.5350365942189708,0.9885295654829008,0.03792754613196905,-0.0024876260089884113,-0.14616638165950946,-0.21471668713770006,0.22894358476514867,-0.7688801625313513,0.006621098007746398,0.8699183995818183,-0.8819944205393931,-0.1826427679487321,-0.45246938232291906,0.8408599724246972,0.46320136869201284,-1.1388512517092606,1.0471870296057306,0.5987929616465923,1.3425214949121118,-2.5275660750872038,1.1173520395019496,1.1978343918128804,0.6986652832301751,0.8908192920910791,1.9298113569188178,-0.26432328861250265,2.349094185989681,-0.26338062582930477,-4.183457784941373,99.89821630872072,43.07069604824281,-136.06612404905997,44.80589827768769,41.40400466099654,-106.56920894714654,-9.265814494950702,-25.576263927304957,-128.36108273627673,0.0,0.0,0.0
280,5.6000000000000005,4.934092451137502,-0.31412091196601943,0.5334041691516038,0.9885624351975805,0.030039656158361353,0.001477105802040688,-0.14778277617018123,-0.20038193665796344,0.2947975043959444,-0.8487849027503117,0.023149651363007232,0.929394645036902,-1.001458327954886,-0.16688341097211198,-0.4189852682809585,0.8448144177848701,0.43743950781016194,-1.0499982761006312,0.8604451415106275,0.7066780257051662,3.9963672360275266,-4.476443594344013,0.5136296144177197,3.2631702093976642,-9.933228522585322,0.7030606620450259,1.5668010557303216,0.3908667804752477,-2.51529843518384,6.502326556156577,-8.592357241948708,-19.791141679560525,17.289949017516147,-32.876952498509034,25.262317690312642,10.659899604446037,-34.29268256515537,17.560321389433025,4.718886024521583,-26.41758960638196,0.0,0.0,0.0
281,5.62,4.954389182445918,-0.32114322302491305,0.5295259583468006,0.9886078695687377,0.020862713203042813,0.006917929416991583,-0.14890053618825602,-0.1815254925281911,0.3721080989324314,-0.939343908129926,0.020287827857656354,0.9657325959519798,-1.2557528423051403,-0.1503248327663415,-0.4182744359415538,0.8960181745132283,0.42672197125018735,-0.966555462176025,0.7658905653912962,1.283479296069157,3.5108393886745457,-4.309167961870225,-0.7376978671942898,0.37972619662835627,-10.35869009902872,0.992728411932006,-0.8734981814533492,2.964988368780171,0.8309360621022067,0.8140321084564972,-0.63065901444687,-19.90929182890709,8.31046254833446,-45.327528755334086,0.0,0.0,0.0,2.5671582802265975,1.2218162593041384,-3.5584156238200553,-26.09456577259294,-102.40185267087134,-642.3202880388798
282,5.64,4.972859454865784,-0.3265120321528968,0.5259259111058704,0.9885075100325604,0.012276585193464256,0.014562192943211885,-0.14996709839794586,-0.16388121737063305,0.4298795601537959,-1.0083855306689358,-0.028324703040994166,0.9365508376307837,-1.3523673015663507,-0.1511449088024841,-0.4572314281356337,0.9792270437533678,0.44822406856977215,-0.9899995799645659,0.8192566296827101,0.5819066424024664,2.602537648297879,-2.9937634654945304,-3.3040761452417446,-2.3742483318640875,-1.3102560622552972,-0.6183697092603861,-2.3876910481469844,3.479099894078141,0.8855776006507307,-1.2269159720731548,3.225350312374143,-22.849707875871133,38.81605872215438,-105.86815610531845,0.0,0.0,0.0,0.0,0.0,0.0,-13.35821713061069,4.774965618343694,-289.96082285475694
283,5.66,4.990805736547543,-0.3306522210293059,0.5225672836455271,0.9885239490157801,0.009999851595870683,0.019778582380338243,-0.14942962513950006,-0.16304508633362796,0.47944665185596863,-1.0586782196025895,-0.09490718461139089,0.8740532513729916,-1.3763657573842873,-0.17552842501098254,-0.5367532854768334,1.1186840170385008,0.4542954851584278,-0.9930163550121878,0.8649340869681872,-0.23485071319089465,2.4997818351519383,-2.368615882569645,-3.1013229087310967,-3.4611128386617054,-0.9667025266248643,-1.4124379013505282,-4.645989604600352,6.415135454124782,-0.019521598512616173,0.4941033645793328,1.596440847791697,-9.49990534548557,38.32741388070004,-181.5949247505399,0.0,0.0,0.0,0.0,0.0,0.0,-36.59125404907006,13.182164125624963,-270.0580237435189
284,5.68,5.008007550204261,-0.3348079302926774,0.5202112318114424,0.9886362338108236,0.005937875509231423,0.023600788410970124,-0.1483446716844518,-0.15986418364719152,0.5319890454527321,-1.1080393066175966,-0.11778152120009494,0.7899146400440584,-1.381020960821041,-0.2052380765616716,-0.6565886259107289,1.2716913284007356,0.4593772736411814,-0.9721346726514445,0.8802266526109919,0.3983038830269236,2.5932837656554764,-2.380829470342184,0.03645277774111966,-4.549671867453569,0.05266152489488188,-1.4405836372183982,-6.52809026006906,5.9180762983691455,0.46289640624058415,1.054198896674882,0.6398952149644674,-0.26238088379871444,17.415276003421507,-171.4947553657795,0.0,0.0,0.0,0.0,0.0,0.0,-28.485408497356698,-8.08308181450841,-410.45933853608085
285,5.7,5.024570255668286,-0.33919735964609543,0.5188197788128522,0.9887046667796788,-0.0006127913986174807,0.027524030179519897,-0.14732662399397584,-0.15040497053216537,0.5815579454348484,-1.1515682731920098,-0.09691140535526545,0.6948054728759041,-1.3576383859315109,-0.24187955293438593,-0.8053832886583991,1.3581259711750628,0.4713487926921036,-0.9566707953740612,0.8988070245355257,0.4591150681560973,2.3461569703234066,-1.9238402160653072,1.5703293277383328,-4.736822332285559,1.3086364141694329,-2.0265152879811197,-7.733209463310395,2.3155239607803475,0.5871686013080183,0.7622126377389052,0.9671634871988719,4.238675842680032,25.286865979230665,-152.23120854914325,0.0,0.0,0.0,0.0,0.0,0.0,-33.454555903404895,3.211255152310657,-346.0946379342306
286,5.72,5.041048271297609,-0.34407812501259766,0.5180595652782443,0.9886804340868323,-0.007731408779012603,0.031062930650237856,-0.14658212343796465,-0.1374690893044824,0.6253172372483262,-1.1807547131038858,-0.04491148192722995,0.5994174277860896,-1.2806354144217824,-0.28775676774472575,-0.9657403553518055,1.3677780582147616,0.48425570571904364,-0.9346818238735676,0.9108587098134012,0.6675760541980718,2.112819670042967,-1.1973050410927828,3.1091144066146135,-4.620105273717418,3.912038132702803,-2.419124304520008,-7.9507315582238975,-0.6336640372567834,0.5929741137476149,1.278892172421942,0.3922693471785772,24.801680309440414,12.903864185355998,-175.6678630220725,0.0,0.0,0.0,0.0,0.0,0.0,-38.126731325826796,10.283342846911133,-325.3014741344146
287,5.74,5.057789992218687,-0.34973830878141066,0.5178856728620896,0.9885578783017196,-0.013368953603087602,0.03379791082712718,-0.1463977238582675,-0.12460561839742658,0.6665754968762488,-1.1985359130601225,0.024029168806830706,0.5078587732803344,-1.1459648378864722,-0.3309272231208157,-1.1102594754076673,1.346463228634824,0.49434466546324196,-0.9078804499194288,0.9177116334796823,0.5102230901059623,2.022752500787042,-0.7074870141634539,3.5551104970758263,-4.340667025447924,6.111433454921842,-1.8263449614525837,-6.52818833114209,-1.2245326982267644,0.35127501654898297,1.342346235660464,0.3621551412430081,45.19997869624331,9.331142253467108,-194.2156739760484,0.0,0.0,0.0,0.0,0.0,0.0,-43.284940595484166,2.3892330608731065,-304.5641966823989
288,5.76,5.074974098816986,-0.3564054467236805,0.5180658343458684,0.9883436108124514,-0.017040317900054114,0.03573841845458198,-0.14700102033127158,-0.11259035622486521,0.707725281211859,-1.2088573124570479,0.09513538785618596,0.4338912136483642,-1.0320294706668705,-0.3398633132849055,-1.2105233497428616,1.3307858393596723,0.5017531590296497,-0.8812277962147106,0.9273398108894894,0.4886278904262386,2.0146362191580396,-0.32853900004634196,2.7270274072969056,-2.250807226901526,1.5039422722464968,0.45435529949408815,-3.8956500268653076,-0.5378335621965765,0.23140849332271962,1.3533900829119427,0.5206563637722245,46.05221384828713,-7.319260685511122,-187.99171933264992,209.4130888458438,2.539245936532941,-261.9059626749259,0.0,0.0,0.0,-43.573955794118284,-2.0512562146411466,-248.88241724967102
289,5.78,5.093201445158528,-0.3628204071391118,0.5189548326101724,0.9882534263797386,-0.016205000120316358,0.03589345678334591,-0.1476625307244473,-0.11084114557698861,0.7472480177837139,-1.2090099773811167,0.10838083633193783,0.45557424866337154,-1.0393062852396757,-0.291341258430034,-1.2314987459461568,1.2899373959292433,0.4993873945466913,-0.8521716706390007,0.93961614406549,-0.141018951823759,1.8414757543863964,0.338563726580709,-0.0223374007946468,2.365562266432496,-1.1669214119477485,3.29912067588248,0.49323808969045957,-1.9700826649288028,-0.33016269104834434,1.5231394699953622,0.6519777581614433,32.566170605123126,2.9936509449941973,-128.32190109272653,87.15193010760254,37.84250447629133,-159.6017743061195,0.0,0.0,0.0,-54.402078692884146,-6.358573954367648,-220.82250716667474
290,5.8,5.112552856438617,-0.36872658639445693,0.5205527849599221,0.988265905097319,-0.008621464522742291,0.03330876944463602,-0.148817663769269,-0.12379298346242221,0.7826460291853247,-1.1932880154445897,0.09513700707741285,0.512333222599061,-1.068653014543394,-0.20835286891895388,-1.153459369683032,1.1537044518499295,0.48289070979616916,-0.8254696696292598,0.9635355045062173,-0.9019654531928438,1.6446849979953555,1.1755443964190149,-0.9631909396378193,2.8532359713749,-1.3179670308058642,3.5948971282598374,5.262129113250829,-6.5745907161005785,-1.1039764284713718,1.2948875420856107,1.448677215037157,24.47236951605079,-2.102868692497678,-56.022819354725755,-6.804827859254302,13.212156077211299,-107.67595286565566,0.0,0.0,0.0,-70.47024364418367,4.423197187151806,-155.4097507282072
291,5.82,5.132624483124288,-0.3743450876038163,0.522464507345508,0.988076273775479,0.002329696713590839,0.028099490416080352,-0.1513613832968748,-0.13955488830001753,0.8068887537775111,-1.1588201672497405,0.07420515749788131,0.5592495818077663,-1.0733174096912377,-0.14565463495769093,-0.9993036377774548,0.9573499481921046,0.45827157739296664,-0.7994562931685238,0.9989882108409174,-0.5959742153530597,1.0220928737496273,1.8459617297466828,-0.9961858961548734,2.104357889351417,0.3718492753359352,2.16209507424159,8.480923311557088,-8.143220053106681,-1.2363965344408052,1.3989709309070446,1.8523584522736165,48.51124027454058,-7.507174359690393,-61.51745191834819,9.14589177596786,22.4244819465247,-146.1255307081425,0.0,0.0,0.0,-51.179709683527925,3.5432359893642946,-96.04104172682173
292,5.84,5.152861857173277,-0.38005789510902277,0.5245682972009007,0.9876651326356058,0.0087974879542131,0.021383207636342588,-0.154864290308538,-0.1416213623651242,0.8154026204030067,-1.1014812058593455,0.06236232604198228,0.5971749287383584,-1.0537545689933172,-0.1218143331638534,-0.8260826240524042,0.8033490409206202,0.4393745447614015,-0.7600305816299323,1.023221377000728,0.13680307741212164,0.15722608434013488,3.0994923062803443,-0.40389237405935163,1.8121865348221464,1.1987867109209476,0.2694087473228588,7.064806525729921,-6.481859293162371,-0.7572211148710648,2.2157499575910693,0.8536242606640704,68.27665215582668,-9.715687884067552,-86.43908189424278,37.974657365868175,38.69178467097104,-173.85581130768608,-114.36095592980014,-80.49895004497785,-373.43653079520385,-33.969135514495626,-18.312286289826798,-117.42974226405629
293,5.86,5.171870484072282,-0.38595098810820105,0.5280811095267316,0.9875489692738292,0.012610773493366416,0.01669304817434206,-0.15591454011972575,-0.1377210347390674,0.8147995827730939,-1.0744334359804202,0.05330672285807239,0.6305853731850285,-1.0302696766155244,-0.12592271899265833,-0.7883144683319401,0.799224199285951,0.4272274953688453,-0.7091860059297042,1.0214912818080006,0.3850445262488579,-0.1403303630212931,0.1545280061121037,-0.35407305787745547,1.5613569554538522,1.21987316723469,-0.22579049254430114,0.2432693866091351,2.271613031707329,-0.43483779037607273,2.663806496096576,-0.5021123224026354,55.96693466064429,3.8774777713855593,-70.1337264922123,28.63408470481241,34.91404602745162,-155.57124500423512,-48.21223292307322,-56.993735724132684,-234.72305199169912,-36.716406636820466,-22.335734964414637,-129.99654572827558
294,5.88,5.190459466691881,-0.3921730318547926,0.5310874660317109,0.9874028832492345,0.012469390903356692,0.013474001681998369,-0.157157601535118,-0.12037356240944348,0.8157482229085913,-1.2311897382076855,0.05414845273684393,0.6631721540600918,-1.0097578980115618,-0.12751301739575632,-0.7844194583164991,0.8602636152702852,0.42365859540961914,-0.6644414540272502,1.0218029850743404,1.283661369786862,-0.4287006657251527,-9.909130115281021,0.21639614997868103,1.604952107122319,1.0075614671847737,-0.017484270257956368,0.5437338213080128,2.892351647505438,-0.11717723262679541,2.058268597661579,0.315070795102529,0.0,0.0,0.0,3.3313854500851536,-22.71220483465887,-109.86372142179643,-23.122458797580837,-29.19334396680476,-64.88402206433544,-19.720405561297174,39.0859893268527,-57.4704804528134
295,5.9,5.208784027048851,-0.398944644900182,0.5325401487101112,0.987238194541996,0.011250404265443752,0.009683983913358377,-0.15855723287472406,-0.08882055915213777,0.7698734387127425,-1.350650257614344,0.058432767708154976,0.7001077203224922,-0.9952168147509471,-0.12171911653144522,-0.7522069130614542,0.8912466190399408,0.42461181208764054,-0.6328676673565139,1.074243199399501,1.663351379526763,-3.3586835204957968,-2.8271101708727597,0.1837502933557275,1.8997949270861805,0.6724125994804849,0.3695232410071543,2.1708182037933064,0.7346263146212383,-0.0007096645897558818,1.4204631635250473,2.974447072721748,0.0,0.0,0.0,-1.4104427542297722,-9.405694133667565,-48.9917041752742,-6.6530127404155595,-77.26436062075697,-97.90377446216033,0.0,0.0,0.0
296,5.92,5.226927434094714,-0.40524322588632095,0.5330947805366852,0.986904081946186,0.01630617874232356,0.004680548146631949,-0.16041363421425725,-0.0727058727191554,0.686542508060183,-1.2927221055967644,0.04953470478307971,0.7276062921346687,-0.9693619110109708,-0.1320168278254161,-0.6943815003364766,0.8785228322647554,0.39351952294469295,-0.6160975459365213,1.1165767052142364,0.22717172803306285,-4.446938227016285,4.484270859816139,-0.756293773682053,1.2631998658444241,1.4090448641141042,-0.891949459218631,2.768169061412776,-0.7264125741154223,-2.3539152185349943,0.5103345376390498,1.2678158908402926,0.0,0.0,0.0,22.43378004569057,9.165897563583894,-142.76267332877347,-50.149873537686354,-69.37620271665962,-256.1612875990152,1.75406221502404,3.5298512677763165,-4.927859602529253
297,5.94,5.244371214097092,-0.41036671837389316,0.5341144670404656,0.9864069643422634,0.02855055643864261,-0.0010992848527663435,-0.16181766898870023,-0.10049782966554173,0.5841146004243084,-1.2371991803510447,0.023488661228943036,0.7485181611080991,-0.9361312600027687,-0.15960146419647253,-0.6475662432887629,0.8713564596932777,0.3400139406412066,-0.644272259373009,1.2533389551524825,-2.113529815011485,-5.374749284412936,1.2659255844036272,-1.436821306347719,1.23330011994462,1.3897888136761951,-1.4655760362862633,2.0763305902905116,-0.08421099232002402,-2.759479844320823,-2.29854335308882,7.24760541678368,0.0,0.0,0.0,41.08772528978569,45.48444656446376,-334.32216609030075,-37.977536544572516,-87.45242180775358,-320.43604714394627,0.0,0.0,0.0
298,5.96,5.2611617073694115,-0.4145911960643759,0.5349294908570581,0.9857024651701825,0.043384883467321354,-0.006986677563363504,-0.16266403530152934,-0.15673228168703776,0.4728921883631419,-1.2040417049267522,-0.009421392232218667,0.7864573795401517,-0.9303691969941971,-0.19380098363859266,-0.6119842018022005,0.8782066035071452,0.27926075533546685,-0.728665002100458,1.3529832949554221,-2.9836004071034434,-5.504502061053229,1.311947509948488,-1.5897164255509988,2.0139323466136037,-0.031161175834759913,-1.6810347026909775,1.7530942718872957,0.39973530258589773,-3.0013637998861777,-5.216137658467424,2.5800081801992305,0.0,0.0,0.0,13.20076667473529,16.601248845286403,-202.03472287283807,-34.8887776078679,-49.9674587450354,-171.87579682215883,0.0,0.0,0.0
299,5.98,5.277410423441117,-0.41924677554627887,0.535071319552124,0.9850267285240171,0.053353080217220024,-0.01146177512737008,-0.16353721483361655,-0.21000506433047897,0.36897505627566296,-1.1222238974555026,-0.03147174781941791,0.8161267845551985,-0.9200359552941895,-0.21743006165697432,-0.5685824899239896,0.8714409499837104,0.2555431825903828,-0.8632480710071706,1.3685205396711382,-2.405422385370635,-4.8149821107285256,4.111983272758778,-0.721851292413457,1.189632643152562,0.8850494123900456,-0.7941388277795592,2.2253438283721434,-0.5426607366681997,0.08055694076586739,-7.485474988920886,-0.28654125217681115,0.0,0.0,0.0,20.705902237309868,22.741238941451105,-225.5377098016796,-38.85744857502806,-64.74532938563803,-251.40630742143884,0.0,0.0,0.0
300,6.0,5.2936355381794735,-0.4253457516169756,0.5352078203106502,0.984793983248088,0.05486504998998558,-0.013174316799624407,-0.16430786416000792,-0.24140897426639435,0.2861553406301084,-0.9600064760356773,-0.033982211339404295,0.8362870427172946,-0.8975007644056155,-0.22132246897685795,-0.5283796857418596,0.8639576639132404,0.3057051266638766,-1.019289589984835,1.3048242553112759,-1.1793884693185326,-3.4889386015032198,7.545596494040886,0.23028115826417755,0.9556623154490523,1.1955325255829248,0.1425009050114389,1.8547092830479361,-0.18338349083851288,3.9685332604028014,-7.8622884502777755,-3.7396182488015026,0.0,0.0,0.0,33.56921098537974,45.26519796000642,-227.52380817028134,-47.65833161043671,-56.77323249645792,-267.6560552391064,0.0,0.0,0.0
301,6.0200000000000005,5.310665768100746,-0.43302747797129204,0.5353804176537367,0.9850557746997605,0.04692136965913598,-0.011024358105835215,-0.16535407260880736,-0.24291348781391028,0.23158488806347152,-0.78022882749925,-0.013955316543050069,0.8571826816667787,-0.8785773396926647,-0.20394447632698756,-0.4961084320018567,0.8663090093328155,0.4047341264445329,-1.1325379476128048,1.1252296476158319,0.3833071587490129,-2.0369075158960808,7.070940802583069,1.3748626397698716,1.0168226659405541,0.8917462313836408,1.189950649607749,1.6091812505446799,0.12646379842155162,5.246554470778947,-4.33782421994515,-8.993691371901168,0.0,0.0,0.0,46.64387334692705,41.4557549576593,-138.21040167385237,-21.745662340686312,-36.4753101432802,-178.14915797047084,0.0,0.0,0.0
302,6.04,5.329293134027262,-0.4415347693324154,0.5350918549952469,0.9852471114059982,0.03639397906369246,-0.00679430378188932,-0.1670851435351644,-0.22928795507428076,0.2357251323394631,-0.7583951612945191,0.012528084049982197,0.8817923173223681,-0.8712474946027956,-0.18120870869657438,-0.45986119424824595,0.8640448926722237,0.46167063840462436,-1.144833487906496,0.9972989333774182,0.8312501616645738,1.9132556424139748,-2.3568193404524855,1.1489803787338817,1.2718707682303094,0.10916610184104589,0.967485437117916,2.0337245372386117,-0.35528408034944126,1.2098710654152693,1.4515392814859873,-3.442559274968178,101.7583964440946,50.82112259554321,-142.27546994716167,51.06486376439563,39.8069132166067,-81.08771630967772,1.8192308319256356,-15.425881568015445,-108.12096759616358,0.0,0.0,0.0
303,6.0600000000000005,5.3498045665234235,-0.45004142440682665,0.5333011884064837,0.9852066776034121,0.02966291698504881,-0.0025902016991115754,-0.1687637538594764,-0.2169392122001481,0.3110690465592035,-0.8482301605544892,0.024970546310392028,0.9407640701474929,-1.0210378111561271,-0.16699803699324325,-0.4247738983360369,0.8648879612422887,0.41846511282217014,-1.0331514563589717,0.8450344404259058,0.4688410773960755,4.364283478030094,-5.139566339197814,0.17746492146935577,3.037764738497544,-11.906283172926182,0.5842094529712576,1.5823208165873242,0.24188615014181056,-2.811433401397862,7.122192688015204,-7.357114573384438,-21.071586746412564,20.30025929733776,-36.702995899737076,8.706092216463151,4.170130139297698,-12.07319720418282,17.66558694004686,2.9696548663705338,-23.580326352892328,-18.220083076861144,11.144607721081599,-26.725397467971252
304,6.08,5.36932728342359,-0.458040682883613,0.5297151461174782,0.9851965266570527,0.019828126008505878,0.004366440261722145,-0.1702221591958878,-0.19608646197353252,0.39120849990401807,-0.9499305796876458,0.018996882530601625,0.9649560203526394,-1.273239935440401,-0.15095095137795642,-0.4266380414958731,0.9168031727380778,0.41655297209475906,-0.9697909287831152,0.7818492406258362,1.47726421431277,3.544248758342955,-4.7425740921795185,-0.8302364971054762,-0.31995330544673806,-9.428085306436076,0.9710070558277588,-1.0399342435462031,3.015999335668216,1.2588964289007305,-0.09206313790733223,0.6519572301986716,-24.565351121420676,2.079964406129242,-41.85117969105993,0.0,0.0,0.0,1.645987638534797,1.3182539751155526,-2.6390005055491654,-17.12341539845967,-67.81997044626912,-556.6748419576935
305,6.1000000000000005,5.38736434428128,-0.46414215737397235,0.5262271421911355,0.9850761781519496,0.012215879202475074,0.013055845052425614,-0.17118773449878324,-0.1831640431163247,0.45151716446938583,-1.0263294957085185,-0.03795022084113629,0.9284878773699294,-1.3676234372181795,-0.15623249908733963,-0.4711908967081433,1.0020635405201146,0.43764306257215385,-0.9940849207676752,0.8378051564692555,0.2425142131857186,2.648147527182,-3.2311207401542235,-3.8336869577735015,-2.559921080266745,-1.582653045718619,-0.9040403125087664,-2.7475710150501933,3.5658053647226993,0.699293143005519,-0.9853239353452626,2.905990142098797,-49.01274863471455,45.73601754791897,-86.01675846463206,0.0,0.0,0.0,0.0,0.0,0.0,-22.661862729130316,10.958587677731431,-258.3760002922512
306,6.12,5.404965567483874,-0.46910735465470765,0.5229830245505943,0.9851169594678236,0.009673198241808852,0.01939692019109776,-0.17051323963770476,-0.1820136486300016,0.49696282574969136,-1.0735442426066586,-0.10458882266985445,0.8604653789390718,-1.3858754343122734,-0.1832009468089079,-0.5574421905073152,1.1471812729752477,0.4433210910762271,-0.9880404601935611,0.8688147833189276,-0.05399642013890113,2.277908841738458,-2.162586788493348,-2.800984984575709,-3.7768662694887194,-0.5234727406025524,-1.4660565228520033,-4.95289353649071,6.698239516118811,0.0771042785872163,0.9100911409552719,0.8255958160241423,-3.58657934207062,33.8434230709242,-190.64120661723163,0.0,0.0,0.0,0.0,0.0,0.0,-37.07483271290186,13.202825712719573,-303.580778701052
307,6.140000000000001,5.421779354514902,-0.4741056072183545,0.5209158883356513,0.9852447727414142,0.004888089094239105,0.024381381007713792,-0.16933514883473677,-0.17702888331384817,0.547291114740707,-1.1221486812123977,-0.12499459034662808,0.7720910683698927,-1.3685373438462527,-0.21277789771808003,-0.6805624002271433,1.290053541624735,0.45049924215961884,-0.9665389616455815,0.8784244427341469,0.4175686474382973,2.5504190381190264,-2.4494576492158915,0.06146811723122281,-4.665852062608115,1.154632436276971,-1.4067521188557268,-6.613387518007143,5.215729590438228,0.5364195900886669,0.9860889110709694,0.5348538685618001,8.839372496044323,26.053888320095123,-190.29871936624193,0.0,0.0,0.0,0.0,0.0,0.0,-32.19286346066652,-8.658285372904,-399.07244974826614
308,6.16,5.438005928354614,-0.47944445511204525,0.51977452520906,0.9853074494970622,-0.0023107422176381616,0.028984504895172278,-0.168296728761968,-0.1658027599847501,0.5971583409773286,-1.1674598036793706,-0.09621247084796906,0.6775070587480164,-1.3474129594147748,-0.24721636435629857,-0.8305963335442086,1.3651732430225214,0.46425332510605016,-0.9496352599094846,0.8933705420817644,0.5793833394274691,2.3653886001208444,-1.9735266098224793,2.1203389348223802,-4.652472244066947,0.7229531157078812,-1.8889638845194243,-7.7876690542067255,1.9610427077880346,0.6776027975829723,0.8993590838974885,0.7401771493242475,1.5251163456548897,22.583007940494216,-160.07483626655582,0.0,0.0,0.0,0.0,0.0,0.0,-40.256195553629965,10.752306607768103,-326.82067396714996
309,6.18,5.454236722726392,-0.48531208449787194,0.5192349709575004,0.9852660883192029,-0.009773253545897665,0.03312312912219495,-0.16750545376332648,-0.15153647964274772,0.6407814840878621,-1.197335538313056,-0.037481920368070736,0.5851018492391866,-1.287235730246019,-0.2889339640182452,-0.9880507368967415,1.368698748886861,0.4779903592440986,-0.9242395243287098,0.8993733034649487,0.6954788805637777,2.075276902686596,-1.2039708028798985,3.294834169109435,-4.449874828745752,3.1851648941768302,-2.1628145597109922,-7.6876612911548365,-0.833326240988571,0.6080798724413473,1.418483049036553,0.104016999015012,26.274912566307666,16.89902897526952,-173.12530405164162,0.0,0.0,0.0,0.0,0.0,0.0,-40.120172281448674,7.462144182384833,-330.79813399795137
310,6.2,5.470762679773938,-0.4918865915277129,0.5193084847095947,0.9851195967380003,-0.015363514052139104,0.03642054785309313,-0.16726292551790659,-0.13814358044423777,0.6807723866952029,-1.2140038757505105,0.03394633800959804,0.49690469805621784,-1.1535424815552875,-0.32589510092873486,-1.1253285427084339,1.3453192452723972,0.4883308559934196,-0.896219085103371,0.9026573374723157,0.5251994461617577,1.9569109150101218,-0.6335952748097204,3.6342953023270974,-4.172513162467535,6.372253428697672,-1.5001711130687412,-6.117431233573368,-1.2457087030296239,0.3515449777576354,1.3770699753960916,0.229748449049422,45.83990034844118,9.37298587480668,-196.01561852007907,0.0,0.0,0.0,0.0,0.0,0.0,-46.325445486941106,3.8293163123577956,-297.33171481277725
311,6.22,5.487724506531692,-0.4994042418383927,0.519625299088433,0.984893935100867,-0.018720733878532392,0.03852113753335701,-0.16777840351997897,-0.12648597533337044,0.7212515697110268,-1.222945005618989,0.10574927190019341,0.42633352933446605,-1.0272744771622233,-0.32680867091307936,-1.2163626292155516,1.3287088068212611,0.49552890754082896,-0.8697830009327541,0.9118913192086984,0.4475408179613266,1.9982816425998613,-0.2631628140801351,2.7312427473975185,-2.073522384995065,1.978968674690674,0.843443169246822,-3.433209674640697,-0.5560575014456614,0.20738564925501896,1.3286973676685732,0.5509672926401545,45.10545750835104,-3.565861049204731,-188.65717752401696,213.63471249729034,8.627492820412956,-267.38543980802353,0.0,0.0,0.0,-47.2180368332907,-4.775802844455677,-227.84977771621965
312,6.24,5.505753530744963,-0.5066287144499357,0.5205559178594782,0.9848136038865813,-0.0175277271720911,0.03839480952774022,-0.16840660017181985,-0.1253664791289885,0.7602213614013739,-1.220853929737163,0.11828391084253279,0.45423037726962295,-1.0376138285358745,-0.27480390759427803,-1.2297286070204634,1.2796609440394693,0.4924643193788363,-0.8403726407900697,0.9242707254798286,-0.16010017833595724,1.8123453036689323,0.4705914453939728,-0.04773800819197588,2.6442245567918015,-1.484901552142515,3.269135399636868,0.7774096900171668,-2.412062251926776,-0.36511066111750956,1.5458170751781004,0.6596339997398404,33.27362394909232,1.1999143782825878,-132.17297984368918,80.15086481575032,38.10227457643218,-157.71693038483866,0.0,0.0,0.0,-56.7828481311262,-8.17152433517569,-210.16609244673324
313,6.26,5.524971679708458,-0.5132821413792529,0.5220867040357775,0.9848466575882162,-0.008483050859145328,0.0350738256176502,-0.16963173536216855,-0.1413453866185113,0.7950612939845143,-1.2026770049253361,0.10182956241769144,0.5149549237289525,-1.0724198943418428,-0.1968527878771261,-1.143789388643262,1.1371171037721353,0.473034466283367,-0.8152255382676347,0.9514991572429057,-1.1088745931786899,1.6146406855643756,1.2969726727500972,-1.1860637325169106,3.0004748060402138,-1.5184912942607114,3.2363824366345844,5.704346222196545,-6.7505153340721185,-1.3001683845061893,1.1725555078885155,1.696273361007476,27.558560759945426,-1.5229074372426814,-52.38625603413525,-16.36220662247162,12.24225363943227,-99.10555701378566,0.0,0.0,0.0,-72.87564519528564,3.035213288088977,-144.51628042882575
314,6.28,5.544843628455792,-0.5196782867334692,0.5238334528476488,0.9845919288869814,0.003724079840814254,0.028843478912847255,-0.17243235927214093,-0.15802354331962537,0.817514969585085,-1.1654898096267765,0.07800042448181181,0.5615066900607129,-1.0753605343604304,-0.14265992953478057,-0.9831378983411753,0.9368731742022386,0.4457063996390096,-0.7921139251520459,0.9936511416814849,-0.5305524779828298,0.9117680569364356,1.9590940577795777,-1.0810398539248793,2.0327652546469888,0.5733550221632181,1.7723450513167123,8.747593788804963,-8.307411363627617,-1.3252733060745234,1.2681222352945545,2.195627339970799,51.728544218194365,-9.462195506780715,-65.84937069851883,10.061923211755477,22.81972668878381,-154.09905236224952,0.0,0.0,0.0,-47.37702902007895,5.1322740602452575,-79.31398432981827
315,6.3,5.564722380136642,-0.5262371715398169,0.5257958949027247,0.984100440442572,0.010408393271033094,0.0210603362010783,-0.1760524089847909,-0.15854280362202802,0.8218727253360306,-1.1018420344047775,0.06508635007130098,0.5990733286330312,-1.0523410684265246,-0.1240222920873654,-0.8116821174929346,0.7897121139366812,0.4260324378104652,-0.7529415526277304,1.0213972704501915,0.17396537476751586,-0.10946332308138132,3.50421174002946,-0.4783558448544517,1.8197628861330226,1.3269757996041762,0.11001169613180789,6.470833088659932,-5.6866072521209645,-0.789430754561152,2.2528991019923437,0.9245108831701563,73.18709407708558,-9.498586793515482,-92.50857909468824,38.92563979408049,44.87338710345692,-183.0381600572302,-131.94176724069197,-104.37269691493353,-482.1394455433267,-28.890561858966425,-20.795746748193302,-107.88287807305957
316,6.32,5.583255157000911,-0.5329860465084072,0.5293153774865522,0.9839625602118589,0.014268509297600956,0.015535685826867707,-0.17712349423392865,-0.15247983717474697,0.8204138388238703,-1.0895229382596732,0.05561044095342836,0.6324777526115721,-1.0266564082225216,-0.1294346473499533,-0.7810700879603566,0.7986971145749153,0.4138040014073869,-0.7020084265573957,1.0215029189714369,0.583148202819127,-0.17423095878469116,-1.2179124971894888,-0.33051883905436613,1.5508700785642107,1.3369558887764892,-0.24373542002859588,0.12268744122044484,2.6578290864147034,-0.41244915033892104,2.6521870712234428,-0.3823985853756121,45.97011498698947,5.584808500071588,-57.898656009305455,26.82891777543186,32.35482696322602,-163.83674422397337,-39.06891845678369,-59.32398712676668,-231.31186333839437,-35.248097461043294,-16.54640657772861,-117.44050980455214
317,6.34,5.601290917397729,-0.5402448010730009,0.5321939489640504,0.983813510080079,0.013268382500760241,0.01176599570669378,-0.17831569968670022,-0.12695280326459174,0.809598924438671,-1.2566082813176351,0.05836557461229927,0.6665950581221637,-1.0063795559476532,-0.12902041497335348,-0.7771014404056619,0.8626546728895228,0.41247981230266073,-0.6580157380880204,1.0249987703424428,1.791580577201503,-1.171079152083959,-9.518600527392511,0.34201964210250824,1.6998841063081873,0.9613491852169306,0.13507428060470317,0.5921765103463683,2.9364140776816763,0.023898174160466756,2.002981482384633,0.4989588834202021,0.0,0.0,0.0,0.2969706147393258,-28.78450786327814,-89.1406844310565,-16.933480626467297,-40.700718315925855,-69.05877353261253,-16.619148712133843,33.542805955815915,-48.49366212238176
318,6.36,5.619006909141324,-0.5481282141400368,0.5334907458941852,0.983633354710078,0.010984522568506684,0.007683134034803137,-0.17968231192063067,-0.08641971526195912,0.7517782764681044,-1.3394129033962638,0.065243049953148,0.7028823475604459,-0.9899666378280797,-0.12149990473003004,-0.7435530552256905,0.8922015540790852,0.414649619195901,-0.6260760420871271,1.06541206525432,1.999774649066773,-3.8013452510821972,-0.8907192021703256,0.3119471754589315,1.8223820277292289,0.8119969098339838,0.3963831108778194,2.215890416998265,0.6273942400396658,0.04646191177309786,1.423682234270748,2.1836033232030987,0.0,0.0,0.0,2.8345152967761824,-9.57324712568443,-45.85204241890851,-1.0456859557575906,-80.86408019297807,-104.06885064332765,-0.19468899434854725,0.5202884638166438,-0.7027423653700466
319,6.38,5.636511734154937,-0.5554552038496954,0.5340529772490314,0.983280292620649,0.01514172713486703,0.0026114309022874553,-0.18144909664108566,-0.06881332035243129,0.6628667517341539,-1.2630117451311185,0.058336467567932856,0.725891753985823,-0.9575201119507895,-0.1300566205760411,-0.6869979097498459,0.8802055213167114,0.3876564363116224,-0.6117954797375179,1.109659192641752,0.1523255982944287,-4.629192550097942,4.726382479305456,-0.6745427997323267,1.0494787967090713,1.724800166801801,-0.7975184672219768,2.637519450272879,-0.6035909905438931,-2.0705224584203092,0.33690275889680166,1.8113422920127233,0.0,0.0,0.0,30.295825043651373,17.386044660231303,-171.23297957768497,-46.178381183903625,-74.52642991777513,-282.00700340222653,2.37254641571088,6.6400347060909715,-8.81582002143669
320,6.4,5.653488407329725,-0.5614377735208925,0.535099003635711,0.9827920392996466,0.027099673366814393,-0.003438808641261658,-0.18268439940997214,-0.10111505726915475,0.5603876843109119,-1.216555427812141,0.0328015066162212,0.7486222731184243,-0.9262809764968352,-0.15699196090767734,-0.6430101513568524,0.8770091819782584,0.33726267759767914,-0.643578239357909,1.248947923826421,-2.3951290606091526,-5.285020904671944,0.6464646567802983,-1.439457855230455,1.393834338873237,1.17110743653258,-1.4711829260523603,2.0087130757630827,0.05006491971924645,-2.6800525310526933,-2.484001865180886,7.159069591977128,0.0,0.0,0.0,35.98823454228557,47.4867616519829,-331.1978158809727,-32.38289126355793,-81.64102755230041,-297.7914982895181,0.0,0.0,0.0
321,6.42,5.669974591093422,-0.5664962696386537,0.5357568477251227,0.9820876868458317,0.041994051602281465,-0.00971357346878696,-0.18342824609719896,-0.16237461655306695,0.4528286048476556,-1.197951349893785,-0.00013632484862591103,0.7884265739183843,-0.9236628185815803,-0.19127508629927176,-0.6066672500003326,0.8830818169421906,0.27939193347332564,-0.7312809467601188,1.3494037647405959,-3.2059782377016104,-5.285228617650595,0.7374794465752414,-1.5962068803130471,2.066552810351235,-0.13708712958262226,-1.6882934795100886,1.8193325485532976,0.30031446521222344,-2.8240783268599414,-5.365057396684726,2.6621760533776966,0.0,0.0,0.0,10.077275189892436,16.43952507708119,-188.8441288067293,-30.688413767712138,-51.835514982914816,-170.2349480840914,0.0,0.0,0.0
322,6.44,5.68597182415163,-0.572039635022648,0.5356702276385125,0.9813885018198624,0.05213801221808891,-0.01449016677570253,-0.1842505664700233,-0.21846132740663993,0.35456325142677186,-1.1114239030818336,-0.022360481571367965,0.8184523535497847,-0.9140103816562298,-0.21511223197416937,-0.5630321941424351,0.8760354922923902,0.258532310735004,-0.865703585023702,1.3541027891281416,-2.504169995275787,-4.489890667558811,4.635958715313524,-0.7323477808888762,1.208524138192389,0.866434107942079,-0.8088632029528666,2.2056971921343766,-0.49574143636423706,0.20818062448326013,-7.392838842809549,-0.9640355259283135,0.0,0.0,0.0,19.986856290632268,24.97468294375601,-220.42456110755816,-36.89909009744809,-65.56449717774257,-246.13569324419208,0.0,0.0,0.0
323,6.46,5.702003253322666,-0.5790374106741546,0.5356493852961937,0.9810920863297404,0.05415028575311905,-0.01641242488326477,-0.18508564775115288,-0.2519334723630894,0.27995508150797804,-0.9500688562662958,-0.025598092903040694,0.8389019353506232,-0.8915113456580414,-0.21994390898640023,-0.5220829293499238,0.8683056819166883,0.30853135788423225,-1.0165481617530825,1.285375294827984,-1.273198627197219,-3.0418460912721983,7.2728122098191665,0.18197458374070688,0.98290571951766,1.1832718000192097,0.0800006370096055,1.9147619435224084,-0.22245322234975845,3.8678355265336184,-7.505631518215853,-3.7389704108399173,0.0,0.0,0.0,33.5953854840815,50.708824139274896,-236.48231266290958,-45.53693287355134,-59.26922222024402,-271.2147336888933,0.0,0.0,0.0
324,6.48,5.718784488098243,-0.5876592443975562,0.5357205488595018,0.9812901359348134,0.0467050445919508,-0.0142687239709847,-0.18623831894360302,-0.25446360370976134,0.2347486183037939,-0.7874893200189703,-0.0061111736449438875,0.8607694958104372,-0.8734339587179377,-0.20335957500913904,-0.4891469092450488,0.8705411101932538,0.40505402600001833,-1.1227921461219894,1.114843821967588,0.36640213608471733,-1.5850653469804208,6.204341711289157,1.3589724942317325,1.0654601941424655,0.8460067359083301,1.1638432953281084,1.6336668088169528,0.1318196457479758,5.104802748712134,-3.998008775804725,-8.452659682163537,0.0,0.0,0.0,44.790037584074575,46.096235492435184,-142.28923047326768,-17.132824021757184,-38.10171642587337,-175.10227021718276,0.0,0.0,0.0
325,6.5,5.737121377811644,-0.5972083215172905,0.5352515512483916,0.9814622614386156,0.035994843515943356,-0.009379233134298462,-0.1880112512534125,-0.24214148941413158,0.23934861338746635,-0.7658885382447527,0.02115563606134779,0.8872090531056109,-0.8708731592822797,-0.17952906647781738,-0.4519054617352359,0.8660443511268041,0.4607357769593255,-1.1280338052236016,0.9909199689317136,0.7802850745433507,1.6045805130585449,-2.0660257370364166,1.229665585905812,1.3788268322744284,-0.2636490015823212,1.0878311544483772,2.071621085574422,-0.519555107876711,1.2464965070061003,1.794221593842124,-3.4383267976047693,70.63065740533608,45.773713795669536,-105.26181857813185,50.12412887879394,42.720242318676846,-82.38356544865609,4.5655582098932435,-17.379316029540213,-117.35502298450463,0.0,0.0,0.0
326,6.5200000000000005,5.757297074820893,-0.6067829101561582,0.5332237404969283,0.9814031928761803,0.02982784656447751,-0.004258834013162138,-0.189578308133111,-0.2323492240897075,0.3074513338961488,-0.8495533927007249,0.030411171372086036,0.9436562648708638,-1.013911220092921,-0.165183376886108,-0.41408378947482394,0.8600024586927456,0.4253238084541834,-1.0198358301252193,0.8513980699385832,0.3627250556357229,4.0044237895903265,-4.7945410393939225,-0.13014161767281618,2.820339562629574,-11.074742755469394,0.5441739812612147,1.780790483205711,-0.2055222476884716,-2.0259557327382707,6.547654216844599,-6.971332946353491,-18.22517979824205,26.449187766635664,-40.38035828407239,9.302921045688487,5.483086848550473,-13.505262197902939,20.88966380710116,1.9994369280226039,-29.82997006045202,-35.339457102568375,22.57834587220779,-52.69809786165764
327,6.54,5.7764636164073035,-0.6157726468400857,0.5297190377549064,0.9813221593696475,0.021021960955912477,0.003992776525457721,-0.19117780839646975,-0.2124882660840281,0.3838458773082593,-0.949359526955077,0.019402174326585062,0.9619295341796671,-1.2612039974032536,-0.15122449900933113,-0.41170100432567797,0.8962165045731036,0.428517036201372,-0.9678470042665559,0.7993220865835486,1.398922554802323,3.494737061970069,-4.837993347768014,-1.0538274611057585,-0.6167257913306354,-9.507550871943485,0.8228631124035329,-0.8223981348623831,2.3657925364944394,1.2966910589507963,-0.21669245794158631,0.7921322650408391,-21.879305442608104,1.7355542745740502,-51.00774084125279,0.0,0.0,0.0,1.7528735707986085,1.97922526983489,-3.3091706898548567,-12.26958528203166,-62.333829600245465,-524.7607174713089
328,6.5600000000000005,5.794342753148375,-0.6227891608598752,0.5262411882608647,0.9811704547444859,0.015034014883503224,0.013805335666894496,-0.19206230718208347,-0.20152222417257099,0.44428325119650897,-1.0320733396279125,-0.04391067876444234,0.9213736903476559,-1.372696117149274,-0.161178746639505,-0.45885962839910166,1.0014122373088552,0.4474046736154791,-0.9882813222256684,0.8485548641045539,0.11544931414615811,2.679281501760025,-3.613217209102885,-4.208567065009079,-2.739211987507488,-2.537908483274313,-1.158295230836276,-3.041102460215331,4.97362860818997,0.5436407660239706,-0.7187939402289922,2.414406269302324,-49.41023434607831,39.90571533879478,-89.18976084794306,0.0,0.0,0.0,0.0,0.0,0.0,-25.00535104191398,8.5874512385992,-262.4819496457067
329,6.58,5.811745700974079,-0.6286890035633654,0.5230896493806448,0.9812036559315438,0.013254500189716351,0.021399593079435078,-0.19132632131342267,-0.2013245222958417,0.48999259762180153,-1.0857901773609595,-0.11714964276979455,0.847280156583921,-1.389408371232986,-0.19179189591795623,-0.5511471645725389,1.178926525994985,0.45175812596406467,-0.9776715067427252,0.8693199495459537,-0.04063846683199761,2.2531588022146405,-2.418755653755815,-3.065212367632721,-4.122354037868476,-0.07485537177149909,-1.58727279466649,-5.227682087454855,7.95633938406436,0.07500724769043836,1.0695465099314605,0.36745153943101,-6.087214779012178,27.45971774238077,-192.22430557283874,0.0,0.0,0.0,0.0,0.0,0.0,-35.62186811857116,2.8418996589606156,-320.08048233054586
330,6.6000000000000005,5.828332736415575,-0.6346610410784328,0.5211128364558295,0.981349922986273,0.009236932592671965,0.027557221373479355,-0.19002001810674288,-0.19744920204670915,0.5390965349169644,-1.1373963613008662,-0.14524979897809412,0.7527111689511436,-1.3523313371327275,-0.2222713906485513,-0.679122933015852,1.3167651596279712,0.45847253380535463,-0.9561706393256255,0.8745983060375101,0.3278549333738793,2.489404594398703,-2.5590987780633356,-0.3472361154216641,-4.917219784673179,2.0958464984061727,-1.4046465341107661,-6.851907623104742,4.391742552349198,0.49196401607843243,0.9769125751915467,0.37931632421223405,4.701315611477689,27.482038045142758,-194.41536173833487,0.0,0.0,0.0,0.0,0.0,0.0,-37.09345490488691,-15.626269759272269,-376.19192277936264
331,6.62,5.844310416891318,-0.6411428120397054,0.520014174039953,0.9814634020984205,0.002583332428854377,0.032840937076016,-0.188797218165218,-0.18662585638621076,0.587951451570546,-1.1832680366979578,-0.11785542808455948,0.6550429053101247,-1.3191965171470723,-0.25448934701669096,-0.8355318281798347,1.3664945950256164,0.47204163592139586,-0.937308393466607,0.8851871443605855,0.6035169142776939,2.3379207084062203,-1.973151397468058,2.2415974851825498,-4.747586667972462,1.0228208821558287,-1.7423423686258777,-8.17071055868163,0.8422108799104517,0.6961495171610014,1.0232317948170797,0.5217401451582521,1.3772418398667092,21.243703830643582,-173.35362649045496,0.0,0.0,0.0,0.0,0.0,0.0,-46.99979039250837,7.474244298603948,-316.8644059482196
332,6.640000000000001,5.86026899175997,-0.6483502816648733,0.5194795794287098,0.9814616074751753,-0.00509605521818959,0.03744954840523308,-0.1878953820552857,-0.17072952283159665,0.632582759184523,-1.2148871822399154,-0.054290641175741304,0.5618006132866012,-1.259136657942191,-0.292659806737751,-1.0007804298679985,1.3554048954340527,0.48711567575382503,-0.9093509456562916,0.8869074583705526,0.8040940254036174,2.1514955362138113,-1.3195562536112253,3.5832153849902753,-4.465126649325865,3.0519821125575555,-1.9887272632836166,-8.080185346596927,-1.2347416604092618,0.6984413551580637,1.5315028063273657,-0.08612006765255358,27.59592315140359,17.00321695934988,-175.681431859114,0.0,0.0,0.0,0.0,0.0,0.0,-42.55664393097971,1.5917763231494801,-331.7554636984
333,6.66,5.8765761416031195,-0.6563360351334371,0.5195050888632843,0.981309925076381,-0.010873723708575391,0.04121563380675822,-0.18765357606292454,-0.15541710041526757,0.674295990512256,-1.2341502634312025,0.02082351019535336,0.4730739249262139,-1.123277817887733,-0.3271761287293517,-1.1435322743842422,1.3298482239977125,0.498869205573149,-0.8796225840637145,0.8871332868437372,0.6051786268449236,2.0302763287918975,-0.7447556562669637,3.7468374364860035,-4.197860051191815,6.54722144879605,-1.3954632751209706,-6.304936538495104,-1.210647730144514,0.4003794165707012,1.452845558804624,0.08903528956591256,44.70612343386472,9.091330284146624,-189.9566850038977,0.0,0.0,0.0,0.0,0.0,0.0,-47.29333576412612,-1.4211441929467108,-295.51873277442223
334,6.68,5.8934201617897735,-0.6650754145454953,0.5197969602936008,0.981045969507374,-0.014232956821178967,0.04358289167013835,-0.1882731000624679,-0.1424015268054455,0.7159143836138859,-1.2439444657765806,0.08129322043453466,0.41868705165599457,-1.01181749168647,-0.32718496254497637,-1.235867441349274,1.3171741572016633,0.5066289379071983,-0.8519898281189456,0.8945952415551518,0.5554257417792481,2.0576738003073283,-0.24655901132928118,1.7076380452037774,-0.0804355456693382,0.5322429173734613,0.9457917987193556,-3.413443064765609,-0.31516234069838106,0.27757174813713653,1.4325315477686518,0.4660269641344565,44.953149306383175,-2.4543775493016864,-183.66796247533745,301.67118031443687,75.53465462467524,-389.00575430650184,0.0,0.0,0.0,-47.14627945203562,-8.244388791686957,-216.07701073543709
335,6.7,5.911662419219381,-0.6731865985662082,0.5208902142265691,0.9810610737358267,-0.009812341075188587,0.04244339095355945,-0.1887364462081822,-0.148306248362064,0.7555241681678161,-1.239915931440973,0.08006825029312215,0.4736202495242236,-1.049398778973319,-0.26877712195385123,-1.229034999055537,1.2708869459892633,0.4976044310373218,-0.823883854564084,0.9108860194153028,-0.7824581793207744,1.7916794115227033,0.6451275197749287,-0.7700229104788916,3.4341347238962405,-2.582323407976307,3.5446319099797114,2.281252276667645,-2.280661431145841,-0.9013240829652482,1.3806077850341503,1.008189755844255,27.649067898111976,16.280892318099482,-100.73707102739478,27.5071541834575,42.09419950094714,-130.90128110053647,0.0,0.0,0.0,-61.784350425974935,-3.6999745781508233,-188.93039098347217
336,6.72,5.9308665039450705,-0.6808635050591049,0.5223392867920014,0.9809313124030148,0.0010170342769109126,0.03773314924141888,-0.19065396779742813,-0.16404009089841198,0.7917350847994995,-1.22307569216422,0.06026727899398704,0.5348133102549587,-1.0839456236715315,-0.1829114778151263,-1.1151386443884819,1.0620086127103685,0.4737550183523328,-0.8053244400982666,0.9583036507982805,-0.6431298997592183,1.7521343183791225,0.9568858611999167,-1.0267059931514249,2.691403518616061,-0.9231659242799404,3.4514962647093363,6.839865725269844,-10.561908131931963,-1.3512401206821616,0.8478328053710436,3.035038444329727,25.992681191372316,-8.990446566616333,-34.53922619722067,-20.322569629351992,0.3277656154311128,-123.28504041861954,0.0,0.0,0.0,-67.64342778991299,10.20946233203114,-86.79246968976975
337,6.74,5.950582452024819,-0.6885823216888315,0.5237927701511733,0.9804554253110526,0.011079505922335255,0.029738356046306917,-0.19416496518759996,-0.1714187988236608,0.8052826389116842,-1.1660957527627154,0.041598508553997764,0.5778704968593372,-1.0746722233461872,-0.13024443050485393,-0.9420333472341275,0.9346524499015274,0.4480808451281691,-0.7731530280050122,0.9994921500426605,-0.1562386724381726,0.2689589895217103,3.592565339596346,-0.7963047894791146,1.9602248208056725,1.0952758809787912,1.823375726988886,9.303954359824724,-2.5652794933697916,-1.2086517273149644,2.02500462486473,1.5541436485691,65.00149949733905,-11.819191102503112,-83.30159807622793,15.334333001532048,37.042121354440354,-155.43391552786102,0.0,0.0,0.0,-35.72051715531637,-5.277244384137004,-71.427089002062
338,6.76,5.970069602853187,-0.6963584702532818,0.5256668946164129,0.9797808232096283,0.014991664856117578,0.020591980561095125,-0.19844585859139255,-0.16301192954802018,0.8128499173634243,-1.1287301424819383,0.035333568946443225,0.6099612960781194,-1.0376526341215864,-0.10541598166978272,-0.7555751332402068,0.767305017204593,0.43216650484980373,-0.7288382110632542,1.0244264040060047,0.6522669947780214,0.17120929190984935,0.6969193474007134,-0.22721175548427466,1.5495187883040298,1.9349834680271023,0.27674908521003094,6.623811693370542,-6.382578523405993,-0.6146794587904378,2.2425507814392556,1.0680229870762803,56.07086703857549,5.475777467237971,-70.42847765170383,55.936295741061386,67.67399764318903,-264.7062477217304,-147.53661765342812,-170.41172418836024,-703.1799797878178,-25.182011240739634,-1.9204948760351213,-70.02999942322894
339,6.78,5.987727858599785,-0.704313439671454,0.5293665927645301,0.9796928475611224,0.01727586166408378,0.014470359626441665,-0.19923372639596545,-0.13943026088252533,0.787875174486323,-1.178803397405114,0.02955466936196588,0.6448134387216946,-1.0111927313771056,-0.106876377829115,-0.731106157652627,0.7824876605730534,0.4249039571100262,-0.6791389779479569,1.0284671190445789,1.6763852484580544,-2.257596343679912,-3.7506655495978043,-0.17159889843225734,1.6968979600147827,1.2287808140779992,-0.02725840387824259,-0.12498831628395168,3.0524001809364774,-0.14729037833234818,2.617140487926782,-0.21436337892711652,0.0,0.0,0.0,15.562211332179334,21.414656028052917,-145.91277134800015,-26.80138179298855,-87.54728033312362,-265.0186559897772,-20.94384265323832,-14.847708078755133,-63.087888819826745
340,6.8,6.0046851017314475,-0.7129076521061515,0.5319404437169969,0.9795513489116413,0.015097069340422641,0.009888789216126487,-0.20038324578305308,-0.0911288282632339,0.7302515702507136,-1.2668222969775924,0.036731081710032365,0.6821965872629345,-0.9944786874749606,-0.10255677414629306,-0.7315745163126676,0.8572752224654793,0.4230548782500397,-0.6405361226158665,1.0437123152951022,2.762622522662074,-3.2344196884562635,-3.572990217187779,0.6345523438193793,1.8796853458440062,0.7342170729137917,0.3482844481571399,0.37945575361056283,3.539318171624333,-0.1624717327564994,1.5572613124141776,1.3327280823349423,0.0,0.0,0.0,9.446853284657161,-44.55729615574824,-60.3785789341246,-13.747921676569229,-41.41009884593417,-58.00851951851175,-9.643918903892619,26.049428224920447,-34.86193766889833
341,6.82,6.021408246431646,-0.7214638803858398,0.532984414596822,0.9792748751317661,0.01338286824739071,0.0046782455270463754,-0.2020389363264572,-0.06109762028623831,0.6470542763971554,-1.2641662407665453,0.042919124045762105,0.7085836812881618,-0.9637232094390484,-0.0973237713588261,-0.6940984374964762,0.8829696757591342,0.41417862619905194,-0.6221800916198751,1.10487590702054,0.6896944166495684,-4.562436382469642,1.5864671583103844,0.15804490987424102,1.1207694520245863,1.869210015902969,0.14817874902811692,2.5874661232935017,0.07353804448159751,-0.59976899788802,0.5944912263088786,3.098518369998997,0.0,0.0,0.0,13.221249081500801,3.7345263371717845,-103.17536507591129,21.514053483711585,-77.08952288009363,-111.01732288927735,0.09152153054483973,2.820843180621563,-3.5350325629637567
342,6.84,6.038189867677718,-0.7289167810900632,0.5336281856063545,0.9787976430393599,0.01915295151862962,-0.0015881367121459446,-0.2039260068027206,-0.07602992752211431,0.5538723961056512,-1.2059600679225044,0.031470067181181095,0.727826076485062,-0.9236745941579481,-0.11142456721200278,-0.6333476116999888,0.8631986888675196,0.37247095340545966,-0.6310778922357742,1.162067997658321,-1.5068202535659412,-4.592130403481026,2.6387368415793175,-0.918389406383985,1.1775301624824777,1.6374012831547446,-1.0754826662852843,2.666366458245781,-0.7383455913090269,-2.8440105340981954,-0.9888999946411834,1.8075417276716634,0.0,0.0,0.0,42.99358111537056,37.890214193411644,-245.2107093390995,-56.00906862723238,-82.91226296287533,-331.9485035798256,0.0,0.0,0.0
343,6.86,6.054625765333767,-0.7353116176081045,0.5345524950346772,0.9782400243997889,0.03188989689640943,-0.008113013630353567,-0.2048503554990117,-0.13554613047621916,0.4596259976821896,-1.2067983486647285,0.0035559983817389715,0.7591278968016077,-0.9058300281439028,-0.14073588899658937,-0.5920952175381634,0.8618692275819319,0.3197636379632315,-0.6946367915200967,1.3016275717835153,-3.517433996434906,-4.69837034149255,-1.2291148185852154,-1.4787519629931536,1.6939969066546179,0.5704004345298407,-1.4992156144094133,1.8933307678174998,0.11382793938712243,-2.398668488430776,-4.217820795344283,7.17704990877155,0.0,0.0,0.0,18.44123956590056,41.4619176995904,-272.9814378965499,-23.0092096152229,-90.57306164148353,-290.45773536205263,0.0,0.0,0.0
344,6.88,6.0707592464785165,-0.7413569013395565,0.5346460578739756,0.9774717998519843,0.04570539262533843,-0.01445450660120668,-0.20555039483786638,-0.20721023696181817,0.3702251025425402,-1.1478012093145378,-0.027106606899919672,0.7982403871164707,-0.9046322323101345,-0.17297717569948068,-0.5578649901512773,0.8711312510927596,0.27353073777770526,-0.8075538938387476,1.354449952034542,-3.435322552132579,-4.135005888097447,3.892610957403121,-1.402148337885467,1.9376154838154263,0.0009826885761146271,-1.5274593015934514,1.7249391077750245,0.5163738736633731,-2.0274860447356158,-6.368695252300165,-0.09921461782627916,0.0,0.0,0.0,9.384827080973837,20.684969255656572,-166.1273967881278,-29.523680092046977,-40.483480175411756,-141.45290321398758,0.0,0.0,0.0
345,6.9,6.0868580398134,-0.7483364459460489,0.5342140833014285,0.9767660260428741,0.053286374684876826,-0.019066512691577612,-0.20670065489769884,-0.26198382983325974,0.3030626164133721,-1.0134583512050899,-0.04332635499055492,0.8228036216391073,-0.886251815522144,-0.19186429466068014,-0.5108607681179358,0.8616873749340863,0.27599068592695164,-0.9470810826033519,1.2957607739774066,-2.3238234507809112,-2.709205623342543,6.056586962364001,-0.40593758715567596,0.9727995898592434,1.3187524975898226,-0.5442253722192112,2.448931558884067,-0.7175192914292815,1.5798183454252994,-7.24021249289443,-3.4774485456425817,0.0,0.0,0.0,24.009337751127838,50.58192202369431,-256.098193473166,-39.36393881767191,-66.42998826165727,-261.6904963219436,0.0,0.0,0.0
346,6.92,6.103335167035272,-0.7571565711612356,0.534094493563302,0.9765744735449152,0.051258045805323636,-0.01961240841520988,-0.20806312454841053,-0.2843330547387656,0.2641433012206129,-0.8805689214785646,-0.036420972208491026,0.8452639405769603,-0.8650632139746843,-0.18811386725185755,-0.4687021345145707,0.8537152921208927,0.3471124994651552,-1.0703320414825996,1.1808896178441748,-0.5159500538753143,-1.3287993784463485,5.027488028037675,0.7530144010993662,1.145554571115144,0.9465118078501655,0.5569174067821446,1.938893992991778,-0.19675252751401795,4.57524640653091,-5.448137641382779,-5.337635067346984,0.0,0.0,0.0,39.53179825158875,54.30064470677141,-193.74228758150352,-35.73597146384791,-59.49987585753561,-248.02136380575652,0.0,0.0,0.0
347,6.94,6.120620143351127,-0.7676466898217588,0.5336706624768753,0.9767614719204248,0.04089189138424747,-0.015262050253605353,-0.20983791366891238,-0.2760818164238294,0.2552087734250529,-0.7892203271583514,-0.008768026002643542,0.8728523946252631,-0.8590749495981698,-0.16458443222774696,-0.43486021019948634,0.8547097598655581,0.4348413918210147,-1.1169232990315616,1.0129531064224737,0.8665391091415369,0.23137958971635658,2.700118590225185,1.635602211814419,1.402608884776065,-0.0034006195052858346,1.4203202843377625,1.7072100443243745,-0.01789278009828392,4.024440227106513,-0.5999592754640406,-7.4807009258882164,8.968487211961351,17.398039432810116,-24.47175609307263,50.38145927545881,45.34484098858019,-85.22970243067542,4.125737395515267,-25.180496449075125,-128.2432330055645,0.0,0.0,0.0
348,6.96,6.139623399606297,-0.7787080515504607,0.5322060170143192,0.9767440734493568,0.031903097359294905,-0.009222724732702439,-0.21182102990247842,-0.2605682750390194,0.3026583328451409,-0.8266578183724724,0.011429900908898163,0.9175620513429605,-0.9354356056139081,-0.14342537892302573,-0.39407196899620495,0.843969207387884,0.44536795311002697,-1.0462799895171275,0.8853154993690245,0.7662410325004042,3.51782475825993,-3.69867646480989,0.5110520076633072,2.270903355688543,-5.875019061553898,0.8104739422682165,2.240342202881972,-0.876078522616106,-0.8539340217462462,5.351556066707201,-4.748472077259455,32.07199867756517,52.205490563701545,-86.18012625600248,32.843193428744684,23.068472415888667,-50.18842720826922,22.60981049051187,4.667883962852551,-72.8596098106982,-22.410060034220887,-0.2042352154988238,-28.0512530373408
349,6.98,6.1586903502535035,-0.7892827849056399,0.5291352483908861,0.9765874358383523,0.02527529450841008,-0.0014801926012454956,-0.2136257210170386,-0.2447958065380552,0.38628047957736744,-0.9334283182703158,0.0070959915567585284,0.9446225987712321,-1.1551929297177628,-0.12829988125684058,-0.3726203406450874,0.8465526166197527,0.4448817905188957,-0.9762241221001027,0.8222918089354008,0.936505464818688,4.146799131607881,-5.7820994956366025,-0.8104474814724998,0.14727633990632583,-10.729067194370527,0.802984064388,0.30536486705861565,0.6583778459763101,0.7712824702627356,0.8563221568741193,-0.3612298701380139,-19.600324708811907,12.15359469188303,-49.804601484492295,0.0,0.0,0.0,9.226607209228124,7.0362864897176625,-14.531606671238604,-4.6949393013117,-98.33035183562043,-557.9528071668444
350,7.0,6.176331599043104,-0.7979323694745338,0.5259452969295366,0.9763208623317403,0.020573225259431026,0.009226043787521784,-0.21514924190957121,-0.23507973412427152,0.4579197956966525,-1.0378802442021584,-0.036501368596146694,0.918042027109637,-1.365140304091811,-0.13795655649645502,-0.40960056196587846,0.9524851848351232,0.4613951568531528,-0.9880241867648758,0.8564824020261818,0.21157518733977457,3.1181753656444506,-4.560332495479368,-3.0758828899909783,-2.2747361509845923,-7.599348158455303,-1.1356416105069616,-2.874407716866108,5.746614651884884,0.6321659437041895,-0.5393454237404605,1.8660555287418752,-54.37520830530379,13.23443563107104,-70.08871019707554,0.0,0.0,0.0,0.0,0.0,0.0,-17.92082250435565,0.853378826380056,-321.3305263160327
351,7.0200000000000005,6.193285286265872,-0.8051257856643173,0.5230504586404918,0.9762525201157067,0.01842688795263049,0.019474242583776957,-0.21497027851287248,-0.23232179743697293,0.5032683674117855,-1.1000462636602615,-0.10488706769023622,0.850345745921958,-1.435444412170452,-0.17444527859063322,-0.5058086243157656,1.1931960138874103,0.46832158909257654,-0.9775236722357401,0.8691093130897357,0.0923694087573461,1.960411118384599,-2.5073851455598475,-3.3606893367180373,-3.8848578531422984,-1.023879577037065,-2.0508431475949003,-5.538291264490083,11.241902278886203,0.1857344996577709,1.0767048219722115,-0.0983529535589438,-23.17304352281235,18.908744745820062,-146.68943655372146,0.0,0.0,0.0,0.0,0.0,0.0,-23.59556908890169,-9.733330273961242,-325.6050585371712
352,7.04,6.20951135557295,-0.8120255994181709,0.5212557353874299,0.9763662562803073,0.01533973001917521,0.02839452894981302,-0.21369926767734929,-0.22892348424934453,0.5452181334394739,-1.149730754706478,-0.155233022152755,0.7533707941123616,-1.3373463493458064,-0.21402949917786424,-0.6364664046172737,1.342187453515197,0.4741748599268495,-0.9542076714323291,0.8632644271636832,0.21868595130755958,2.247452976152301,-2.5926030288197977,-1.7016102088849032,-5.130626718416167,6.004183788054048,-1.8340697697425907,-6.897378631214758,3.671390650501728,0.3737342005780506,1.1204163595305983,-0.23007201777078562,11.508267997990927,29.561393093609496,-214.19305664738405,0.0,0.0,0.0,0.0,0.0,0.0,-34.60701473817943,-28.049101759738797,-353.2901204170752
353,7.0600000000000005,6.22498170568307,-0.8192937777574706,0.5203960646545428,0.9765418837162139,0.012200174308274157,0.034546522038181544,-0.21218775391125244,-0.225212082691294,0.5897037191634273,-1.1941673481649182,-0.15156015983722204,0.6533269100808422,-1.2551460393824656,-0.256080826054499,-0.7987616230718108,1.368066240547667,0.481614442745128,-0.935921654844333,0.8685799283937393,0.15197385927474802,2.145871677519214,-1.83542945265534,1.2372930697631466,-4.782616207772176,2.188801847289178,-2.2407726459790243,-8.627561320419266,-0.22840451951033203,0.3239913662221228,0.8909853589485284,0.4956093487922002,1.775065562745349,32.17246314529822,-221.4689168251035,0.0,0.0,0.0,0.0,0.0,0.0,-62.74125776104347,-0.971442759514822,-292.27988027027567
354,7.08,6.240125169776561,-0.8277978890759989,0.5200358753712827,0.976631248274972,0.004979189071076255,0.039385352083492586,-0.21122359387701892,-0.20933527673450936,0.6351858588130115,-1.2277889092633132,-0.08555802198166344,0.5613950639217572,-1.2311096932999888,-0.2979563297613541,-0.9795915474209327,1.3457516685201556,0.49668433987981253,-0.9073610482825039,0.8681393831303135,1.0795213404014052,2.2645285769449424,-1.4644287474966684,4.277780486349974,-4.411361260769611,0.52785988128605,-2.0349245908653852,-9.0580545372894,-1.4274770048100192,0.9208143057289058,1.6401579665175532,-0.2383553359404209,17.84875702240652,5.706216578563491,-174.69811344766262,0.0,0.0,0.0,0.0,0.0,0.0,-43.52696605614263,-2.7268840165738317,-321.1374569915692
355,7.1000000000000005,6.25573456713531,-0.8371764201103867,0.5201956947379328,0.9765169359808273,-0.000503120990055051,0.04385640278769223,-0.21092898460479442,-0.19324245175178528,0.6776112347894994,-1.2505146108971934,-0.01206683041349265,0.4725154102320806,-1.1392787151109813,-0.33771689600801486,-1.1360369739291931,1.3071881392235258,0.5085695773087233,-0.8744255845658493,0.8616889806979087,0.5266089915360499,1.9855163690736357,-0.8780419946434147,3.234671061454097,-4.255059171444289,5.047448500283589,-1.726075213910363,-6.799361390337168,-1.8957513885338768,0.30804874434385204,1.5833975085031402,-0.2802248962274696,38.175712949001735,13.434837709186477,-162.30682861676115,0.0,0.0,0.0,0.0,0.0,0.0,-44.11932686406796,-11.444604207724502,-335.25750586537316
356,7.12,6.271937096383576,-0.8472151352409903,0.5206958777000359,0.9762025997132122,-0.004187356994058384,0.04708326844486913,-0.21164620522730573,-0.17767198829451444,0.7177549901634948,-1.260220347128215,0.04127703381846004,0.4161935567827521,-0.9876816908922148,-0.3496330138983781,-1.2432106590793288,1.2925572718698737,0.5177219388033584,-0.846454211752265,0.865658598261943,0.7998510365463933,2.0064356407187995,-0.19821086896506945,1.4683912127437297,0.3187031736553019,3.199192909177615,0.28094397973382623,-4.252956287713525,-0.21147051295796782,0.4411709166142261,1.4524374955927848,0.34854448759451107,40.240490256723724,-8.468881911369376,-170.07783802609873,355.7389535602995,150.22229521382198,-484.7976241239333,0.0,0.0,0.0,-49.9602641122316,-6.297872257584009,-210.10107269344604
357,7.140000000000001,6.289716451311605,-0.8567084296855824,0.5221642019432065,0.976244408937148,-0.0005225818469791944,0.04564666698933717,-0.21180878810837067,-0.1812717846127,0.7561554909887077,-1.252947727712568,0.03899008777866865,0.48626213153058917,-1.026461600848093,-0.2842560625519171,-1.2365418479239207,1.2757213205973255,0.5109898902534392,-0.8187600635846561,0.8833515256538387,-0.765726165657265,1.7161086748091083,0.8745813709732038,-0.8447687990036407,4.273009983950154,-3.42442064060008,4.494545831321332,2.811873572349506,-0.6097090853557431,-0.8598263449597686,1.3551358496195218,1.1481275507019504,28.25222608892978,27.333340755368404,-92.85652049311146,22.242532447018817,72.37188734321445,-174.9571455716694,0.0,0.0,0.0,-57.87450093457959,-3.4911228286546554,-158.7313557131203
358,7.16,6.308273504286096,-0.86592260255107,0.5239747673359683,0.9759892576522587,0.008351362026553004,0.04057239819018048,-0.21384364429365826,-0.18104982767188682,0.7916787204991672,-1.2592519067453516,0.024168961917883626,0.5607775230905472,-1.0818246594063683,-0.16872690603900237,-1.1052447241567565,1.0267536024584167,0.4871177980173865,-0.8091335523472174,0.9809529253369225,0.623225451738866,1.644780660059227,-0.690388600438972,-0.6236414037655724,3.127218077548436,-1.7699057920344876,4.790171052902781,7.698334160887053,-13.458105596859163,-1.629168875563444,0.44376744420540376,6.623607024601769,16.810578264509502,-5.172950612682457,-21.99136567257962,-29.522632136515547,-7.6447840489842696,-125.88700566501151,0.0,0.0,0.0,-46.87409567638097,6.16361912201829,-59.24831642891229
359,7.18,6.32739746672648,-0.8752933322911931,0.5253393059993905,0.9754015176688621,0.016362759314253433,0.03183036813233232,-0.21751084364110695,-0.1568624847442561,0.7813908349077885,-1.1755233428451226,0.01092180140967006,0.6082672340182391,-1.0800064047697382,-0.10181550086817256,-0.9219221532257831,0.9831087187995323,0.44823732119944626,-0.7671097666343977,1.0612247295034691,1.3416371854455436,-1.477571678396258,5.761477841550927,-0.6592001038648543,1.9693596916384433,1.1266638407141831,2.36842620911024,9.840023981057799,3.464830277088913,-2.1477588307315725,3.1259063954709188,2.0746459439249274,36.000281610563,-16.72721880980901,-49.71133008197803,-13.562213501724422,26.09134845494893,-90.85805227221375,0.0,0.0,0.0,-2.547102901866842,1.5435666611745404,-3.7318095473956907
360,7.2,6.346806360372009,-0.8841565370034119,0.5264197183364342,0.9744949012654092,0.019380766538294462,0.02088218067923211,-0.22259381803228556,-0.13003305837660947,0.7644807478864436,-1.139838861562687,0.006813588279779339,0.6279330611679906,-1.019756394244655,-0.06428399515038392,-0.6991293101799902,0.7788537520627921,0.3895826539226817,-0.6932026131450247,1.0618536564337833,1.5175569666627235,-0.6238763476631797,-0.5084319381872915,0.11848599531999529,1.1283528221793506,3.102050822574919,0.9176858574478098,10.883054585802968,-12.376811499737563,-2.9365828075944487,3.7834980578672988,-0.22645452177548073,24.686531336011754,5.27894556702181,-31.5623443682545,82.46551009469142,97.32624971061858,-358.66586586233257,-3.6179501223159245,-54.51456272621157,-74.56611054128633,-15.408904421363836,19.994685545086238,-31.579911398065104
361,7.22,6.364487911880424,-0.8930461872392147,0.5288559496728863,0.9744583427178672,0.01826262206651392,0.01278055120210403,-0.22345933064827522,-0.09279251955658496,0.7067226528672405,-1.134103258489348,0.006409900817126211,0.6648916621733246,-0.9850219698381951,-0.05649056513906952,-0.6280983022640901,0.7184394296288731,0.3690856145722839,-0.6090588003067876,1.018717953023939,1.9152021985162455,-4.108675984118385,0.396438747346907,-0.07657336016666472,1.9211573820000136,1.3235736577819284,0.3659094841813586,0.2699953092589409,1.856560429257975,-0.25206865275647383,3.9713342011682506,-2.38180700717542,0.0,0.0,0.0,14.187723667925685,52.70033966810112,-160.02180739169393,-61.76284487609905,-148.75384897152816,-407.8046529635926,-40.43616148325745,-54.40523661983936,-115.36628363735389
362,7.24,6.3807549039652125,-0.9024459897646122,0.5308960133665617,0.9743662987784177,0.013018930984272231,0.00889107197725625,-0.2244142867109183,-0.04225590391615656,0.6302498599028025,-1.1398913110221869,0.019766642075261173,0.7005870579149037,-0.9667906114389708,-0.045800116571903186,-0.6414331401852779,0.8058059546238447,0.3765813742607871,-0.5582390612462227,1.0065329955929885,2.762877777983322,-3.5240303731027023,-0.5947808301617982,1.0643277974301628,1.6346471301081504,0.8091449923437858,0.6004320036540317,-0.5337614072063495,4.705609242315857,0.5530619583671473,1.8677012969826097,0.33776894983556693,0.0,0.0,0.0,35.566137731043916,-52.61720618705908,-83.73257985041553,-20.2599446837342,-19.162543000095113,-76.22612241896272,-5.763251539172563,46.332394462293266,-60.13889266276568
363,7.26,6.396802162711488,-0.9112727159378432,0.5317932209696307,0.974150362274188,0.009549599871807464,0.004882233253238508,-0.2256458300563484,-0.036665433388485866,0.5494939846568255,-1.1678703998910842,0.02848362375009598,0.71884630137815,-0.9281113868870339,-0.03876446535510758,-0.6201663493829858,0.8528286401522565,0.3878508432075631,-0.5442484743536894,1.0586469468793505,-1.1017072852478575,-4.294931881689664,-1.4134917686733843,0.1215465996227994,0.7294699402134355,2.3346044186909762,0.22287439559373196,2.0071703187743615,0.791047388780022,0.5524093656663048,0.09408970277744533,3.009984068059354,0.0,0.0,0.0,4.6687278164352355,36.778281345596504,-169.6120696091625,45.160296173193245,-68.11190814806649,-103.62964682679034,1.9079253078065865,0.8114717953387953,-2.5991951520424963
364,7.28,6.413297587814796,-0.9190406223182502,0.5319873819610865,0.9736458023570259,0.014098451836686555,-6.990619259576687e-05,-0.2276292606882454,-0.07456268954637449,0.4728627661733214,-1.1845197014291515,0.019138295007277678,0.7433503880599551,-0.8993455977586582,-0.05214191905183456,-0.5578442000546123,0.8278890559795722,0.37069791026889065,-0.5704049675847258,1.1233586082781633,-2.2191508113364526,-3.5229660662095865,-0.4115041418679586,-0.749897302257988,1.5567126331148027,0.7672335950897087,-1.0616148343594203,3.0809712292071882,-1.5248361091009681,-1.5984083202533037,-2.039388804868461,2.6040765677941815,0.0,0.0,0.0,33.52088946551039,22.07292050821159,-204.8501106629817,-57.137134065240275,-73.11598304775056,-302.8772998076408,4.5772175072886006,3.7129684233818034,-7.368042384814014
365,7.3,6.429387194856433,-0.9261960155594746,0.5320604428838426,0.9732178444818196,0.02573081094987323,-0.004868014150675115,-0.2283883862814676,-0.14760293544637618,0.3936512806415377,-1.1747261464403442,-0.006144578990774035,0.7770611151192465,-0.8923121456613448,-0.07862352341932556,-0.5126613703075105,0.8123832064837314,0.3576630266022476,-0.6571035808816843,1.282989963135553,-4.2330647642215045,-4.105180044869598,0.7231911298981737,-1.3916807308379717,1.6873852082121867,0.2299500322400514,-1.3096951556791634,1.9023201130587792,-0.4272441170342422,-0.016324433131299276,-5.402865865528528,7.949542655685469,0.0,0.0,0.0,-3.2137874984018597,50.39408872664724,-227.81513872580527,-19.83919716969207,-116.50699557135425,-288.94133480612356,0.0,0.0,0.0
366,7.32,6.445189474062112,-0.9331782033387127,0.5308935906710585,0.972587930480613,0.036427156462759874,-0.00925891452000222,-0.22947778162033058,-0.21514241379021648,0.32570562442183043,-0.9997457633070699,-0.029565034746586623,0.8142551111742843,-0.8944929040310139,-0.10454109218043581,-0.48706025837209893,0.8295695876048089,0.3542976584455258,-0.7810961463715982,1.255567280107981,-2.842019519431366,-2.693174838927468,9.773110891096998,-0.9264797744403936,1.8743604752521927,-0.17616572966915356,-1.203623382416057,1.1314294684467383,1.3688753665153905,-0.07928931197415465,-6.597695726616315,-5.163352473147025,0.0,0.0,0.0,15.018973645275313,23.69342922261368,-163.2350427466399,-32.38505671547945,-1.4641455131310943,-70.15736383705472,0.0,0.0,0.0
367,7.34,6.461768126871226,-0.9405241015345676,0.529135231682839,0.971846257053979,0.043152749767382495,-0.012872010288941232,-0.23127257552249358,-0.2770446056955097,0.28634773888238757,-0.887817000104804,-0.044290698736292905,0.8389638941982049,-0.8792418879328141,-0.12407884083852906,-0.43897636536400464,0.818856824809352,0.3714712891855965,-0.9049908866377571,1.1959025014493136,-3.148160913703157,-1.4524353747374465,2.276551127120714,-0.5579566907554323,1.0677600297710192,1.1091408999312717,-0.7565725151476259,2.780988957100648,-1.2584039293181237,1.4834553075879229,-5.789471261415595,0.6628068017385744,0.0,0.0,0.0,14.209213622222272,76.89686666030306,-301.60707159118544,-30.71653541865235,-75.38100995522635,-249.08606549463028,20.16297746182851,1.851621100384759,-25.312235578204
368,7.36,6.478914814339836,-0.9495193760249004,0.5274681328537516,0.9715864986139005,0.040749665294120274,-0.011705989105676386,-0.2328564156484787,-0.3054229134108992,0.2780458948460581,-0.8589476193879343,-0.037681256050075954,0.8712264151601163,-0.8746491450213932,-0.12116324649593598,-0.39872936984440127,0.8102358102449789,0.4222374222579577,-0.9815803603512235,1.1626244749954215,-0.3299275037926729,0.4233878206055217,-0.10396082835653186,0.8285378112249348,1.6836879269708607,-0.05173391520893861,0.6060654308762982,1.6910039259629897,-0.014706967409924693,2.938306073978629,-2.620077028122167,-3.3757341698010945,32.675322171172255,42.28335226818718,-66.80172169765385,36.66110506822829,43.40920067877491,-120.58699206921126,-17.496004846449043,-40.08220335480323,-165.71333214638355,24.723909953111345,1.7208996244241246,-30.99572584805193
369,7.38,6.496954108714815,-0.9601551723252765,0.5255202443322766,0.9715413842202127,0.033566759519115294,-0.005887738388006115,-0.23440551601772108,-0.29456690642730826,0.32131911666341023,-0.8972777127328653,-0.01926308176704541,0.9311639520084158,-0.9825212614929284,-0.10470638280936154,-0.36389588171636145,0.8055929900566696,0.4464234739408194,-0.9502027335579424,1.0555836914379995,0.8572756033309388,3.103653418287105,-3.122645998643728,0.8895999272748407,3.1132423517860244,-8.406962984825423,0.8941694678451716,1.8806620446176219,-0.553118879728901,0.44966508816178646,3.4632965423948905,-4.770437112775286,36.70651087802991,37.12903439240483,-117.18248394961562,31.757645705012205,18.699649315190182,-46.091663673893535,23.15644638886027,2.523223481379572,-75.97017699032267,12.345796412083859,-22.3076624200128,-132.20383918583047
370,7.4,6.5149675311516635,-0.9708500781146221,0.5230971826631122,0.9714348939597229,0.024850438050668208,0.0037446324470018213,-0.2359717785117303,-0.27526991319424565,0.3983248569929423,-0.9979123366995895,-0.005534010436841087,0.9744666270347171,-1.2778062114610529,-0.08889231837832905,-0.3547741186273386,0.8201649468667412,0.4610246819641501,-0.9035332308239906,1.006643668925907,1.057880763165594,3.9183908359349,-5.617666478814804,0.14629349142910608,0.9758275457068153,-13.654592546374964,0.7644940644763613,-0.37882529970052214,1.4025242534355957,1.112588381054802,1.19353465591167,-0.7977637469907718,-18.89367693851934,4.252843060329393,-76.29900423142702,0.0,0.0,0.0,4.708783147282704,7.603464268223353,-11.193014258173196,-47.20165117077056,-74.9183126900281,-434.988259347575
371,7.42,6.53230294446307,-0.9800188715264323,0.5208360489956873,0.9713316218537963,0.016196944441957066,0.01609249505605793,-0.23662960715111156,-0.2583092030098753,0.464953540783503,-1.099554158863741,-0.034190980147656994,0.958816554971793,-1.460592994441559,-0.09647005599690978,-0.4090895672416816,1.0124428348505576,0.48189613971376943,-0.8850505627352888,1.001628681555396,0.6838474026544391,2.867977285318898,-4.456433307662634,-2.447334156039405,-1.8270013175747493,-4.839650780053832,-0.9642731377154833,-3.716122258858361,10.322848190049804,0.8459231211192024,1.1736200270960564,-0.5287185288294299,-38.408690401548625,0.21598145018768733,-92.89847942115644,0.0,0.0,0.0,0.0,0.0,0.0,-42.24259657619022,-21.34289858196768,-313.64050228229746
372,7.44,6.549313712144308,-0.9878957050378429,0.519178333760473,0.9714842471227529,0.009976490880738409,0.028159118688842077,-0.23521456429548054,-0.24921814970647294,0.5091928462669213,-1.1643966479004406,-0.10169157817224575,0.8934323995785342,-1.434732513866946,-0.12471864678716234,-0.5118667444326473,1.2533315914471674,0.49342017501828656,-0.8484225934195476,0.9721016378421342,0.29415663552295696,2.028055284618997,-2.8104800638882463,-3.4957578941395275,-3.846277127594787,3.3828211942115676,-1.5412897970206014,-5.633141309453999,9.34324748969614,0.42162505055122723,2.0940426412817783,-1.90934530673486,-7.338199273293776,29.848368377282355,-181.93732736076973,0.0,0.0,0.0,0.0,0.0,0.0,-48.42143671136549,-44.799588076423944,-316.43445291485745
373,7.46,6.565826729205234,-0.9951569371115865,0.5184557656212931,0.9717652550241184,0.008256036425953813,0.03728116253229057,-0.23283951964966193,-0.25157189637744226,0.5490441431426897,-1.2125800148806147,-0.15369833369439437,0.8032808338766223,-1.3630011431719375,-0.17050736868443228,-0.6517642259113785,1.3764741971613912,0.49565576515070076,-0.8127019563091985,0.9427363227527757,-0.3265636278109114,2.047512255569965,-2.2580670144038013,-1.8370407058451468,-4.6942222101755835,2.5916759210727442,-2.6087760473128525,-7.575179212068444,2.9941257752292834,-0.046066274307379945,1.6252551011930292,-1.1357858989113514,12.267613814746738,35.249028306977486,-253.34243470714895,0.0,0.0,0.0,0.0,0.0,0.0,-75.40276102452597,-23.097496167758127,-275.230584743877
374,7.48,6.5817879190168105,-1.002805416265697,0.5184643027515904,0.9720082104842754,0.0062602819776843765,0.04348987797938499,-0.23080181570788344,-0.25225914142696226,0.5931483252872191,-1.2544499791362753,-0.14565890890263586,0.7065930521541608,-1.3215798444996498,-0.22870926375378514,-0.8258799387324846,1.3885180471835805,0.498983227486532,-0.7776066824573776,0.9221688739195363,0.14218944831389785,2.2069882849714557,-1.812878949830805,1.6562020614220057,-4.800607788607731,1.2901193498881378,-3.0682117955204564,-9.169989727655445,-0.7572337455133001,0.2691872688568795,1.8417447270253213,-0.9665014693752187,5.793607095373417,18.56238942826077,-214.49220274714384,0.0,0.0,0.0,0.0,0.0,0.0,-72.27147837188669,-13.007884007981417,-254.03290821881467
375,7.5,6.597704664597151,-1.0112713742299975,0.5188024187378526,0.9720734755841486,0.002811771062281071,0.04818603083939959,-0.2296592224170253,-0.24569091720074904,0.6366254361682911,-1.283321590781726,-0.09582246599384789,0.6065108555730334,-1.245690215028758,-0.30385816876006283,-1.0127399993538369,1.3599827937973765,0.5044305754320064,-0.7358821554882307,0.8978949544247142,0.38820276167362167,2.1175813585925543,-1.1564120203555919,2.9404144417343607,-4.94588346548884,3.845432548304729,-4.0595914350117175,-9.189107354825671,-1.6004906870402682,0.23341910328157375,2.1413647980988606,-1.247632003421703,28.629542092908096,11.402497742174782,-190.2865818305541,0.0,0.0,0.0,0.0,0.0,0.0,-65.56974099941374,-15.378119730020135,-276.13864046890217
376,7.5200000000000005,6.613984640434032,-1.0206854238867038,0.5193391980229398,0.9718658271203031,0.0015675723523161343,0.051358815880500966,-0.2298621952910997,-0.2384981450608253,0.6778478493775418,-1.2975613914794357,-0.03744836749362394,0.501082022024604,-1.0661167891770191,-0.3800775268852221,-1.1719812339743925,1.3325296705381275,0.5060222709109095,-0.6956177951234033,0.8791521374048954,0.2367953026046723,2.0240257020911656,-0.4574481584336543,2.91534868479144,-5.165489450936351,8.71593019204484,-3.2249821699711223,-6.875479144547072,-1.2599009952277498,-0.10659773357113687,1.9499693463379348,-0.758902341181148,44.42956058627075,6.6265961400261375,-197.67384056208846,0.0,0.0,0.0,0.0,0.0,0.0,-62.023996229121124,-10.490648512952486,-228.1799677046205
377,7.54,6.63085765867315,-1.0308074434107077,0.5202472184267333,0.9715731905327272,-0.0001483118678106009,0.05217860256553496,-0.23091753263006404,-0.22797590243285484,0.7200304902022114,-1.2984963885684506,-0.014436181228085748,0.48800488473549125,-0.9781752394133112,-0.39282155593584733,-1.2644035993197134,1.3220207615164412,0.5086079608733471,-0.6559239413732829,0.8715923669035113,0.7116531761769944,2.1248647057657175,0.31271514573875436,0.6803665674068202,2.60562721670016,0.02205625249551657,1.382095522531225,-3.03536551317325,-0.18140384024408127,0.3170719579806027,2.166697249484165,-0.285088858067963,50.57770257202873,-1.9617653617313668,-197.33277014868997,165.527122876033,129.79847972078974,-348.85128590144313,0.0,0.0,0.0,-44.922392707118654,-3.5109555314540515,-139.48655798933916
378,7.5600000000000005,6.649128096567065,-1.0408572905024915,0.5215198056364754,0.9715193995278653,0.005845199023937186,0.04823825843714859,-0.2319244713529367,-0.23613231027201087,0.7643472947864727,-1.2890127704171934,-0.02580541039882746,0.5684765270012071,-1.030744742939492,-0.2765149367833147,-1.2062711255455776,1.2353249813283453,0.49565336772547947,-0.6202334715967455,0.8866260599841501,-1.0486824380956996,2.070960161515773,0.8372513773622206,-1.2560555018471786,4.25018357599627,-3.2175077267726677,6.931400662228173,5.6846953052665326,-4.293690071463978,-1.2872090115397712,1.6017977530507206,1.3046965305180525,34.461514513217836,14.895874317744353,-60.706440626708805,-22.812701800099163,41.3802181251964,-93.20552527946407,0.0,0.0,0.0,-53.26445978023423,17.398027902427966,-74.43806387434604
379,7.58,6.667637237997319,-1.0508754219537202,0.5228294305535849,0.9708632684799875,0.012258733346386833,0.04138137072551906,-0.23571554791734659,-0.22615842572108108,0.802491347877027,-1.278563044744965,-0.034591756558705396,0.6247394958555481,-1.0530124842319768,-0.12998657597554944,-1.0325515351343384,0.9330031967237968,0.4693788584717956,-0.5959412192843301,1.0179208964892885,1.5093894780671224,1.723510311720878,0.42647691559375184,0.0654674625241865,1.8580361852722973,0.4723624364271235,5.884559140106111,9.345611724961493,-14.962070631691738,-1.6542916030377528,1.4323105689847027,7.380989852846247,30.76720507642458,-13.091373275042457,-41.82610624735905,-25.327986649646853,9.2219237190001,-169.50915513043165,0.0,0.0,0.0,-1.2676697946601907,0.4470461115192354,-1.6836293960687523
380,7.6000000000000005,6.6863044505529885,-1.0606973709501133,0.5239408876875592,0.9698224280954124,0.013141286148733979,0.03134767371618157,-0.2414313316743699,-0.19482438633903987,0.7970028242105768,-1.1800248771330846,-0.03194684350267323,0.6538566194054868,-1.017253352548014,-0.0541883099175414,-0.8303066360250113,0.9301611436993729,0.4329240783303034,-0.5432600484804575,0.9773613280617597,1.2287216387990332,-0.90243627258002,6.519938535972055,0.12745262507399202,1.3536164465234388,2.3126994218600334,2.5975496298263696,10.540886607875057,6.444068520876681,-1.7633080058055037,3.116524135837259,-4.685549993149286,83.09223373956277,-18.34485683142144,-119.82423458641289,9.137888097040983,61.929664000348424,-146.62691252513474,0.0,0.0,0.0,7.200412912516288,4.2794641677638685,-10.4790783180368
381,7.62,6.704471992910106,-1.0702737357894163,0.5248668959026498,0.9683827365867974,0.005982818326068812,0.020699561244141188,-0.24853693795861184,-0.16094533646726197,0.8165368084023157,-1.1410973105585829,-0.01257247550868958,0.6686722966440988,-0.9513466054167046,-0.0008303232179427845,-0.6047860321276104,0.7438561573485466,0.412643676713012,-0.4951726109518597,0.9809717889584696,1.9384311717322475,1.592748162989289,-0.6380947992719446,1.2514135055050344,0.6700001201132635,3.3866391627848262,1.5957069267256638,9.416760584608596,-9.94734487782392,-0.6394459009731213,1.8768980032953175,2.263015668872198,78.96543953926759,20.32098968796251,-101.94391431973949,44.590937365810724,82.90249388134481,-313.1275835567521,-99.18737967757004,-232.23823656919092,-480.16137363118696,-16.65618065000967,16.672950401673685,-29.548653769156985
382,7.640000000000001,6.720383872511391,-1.0794015622073334,0.5281788471561466,0.9680556296917966,0.0007411760999258706,0.014279374938147186,-0.25032748137466637,-0.13054305370975428,0.8027041962563668,-1.131433822226141,-0.0026306789870519584,0.6883426377754048,-0.9009644829072636,0.01354638868989386,-0.5633418755824936,0.733039143722792,0.41539661822144186,-0.44559780555509276,0.9758476825926772,1.4468996612998992,-1.98014898814495,0.51936055266422,0.26540115921549945,0.9894018241124434,2.2703933831441887,0.5613338260989682,0.02025094440449582,2.6641837569083524,0.4880437655100995,2.780619283667567,-1.4006232226563595,15.72023974375302,4.015847247829996,-20.284317969600245,0.6461962714902943,75.56205600185947,-168.12691837497346,-21.219590343618847,-126.40702354676984,-307.1218511634929,33.30448203903312,-7.900545882280389,-42.812668674898475
383,7.66,6.735717505249806,-1.08859883256003,0.5308147443019139,0.9675575180479472,-0.003875176323646536,0.011295540519432856,-0.252368466813369,-0.08776584631129328,0.7668177008048692,-1.1870605311290696,0.009265041444098477,0.7137277743402874,-0.8738783164426764,0.020616077228098113,-0.5665626057130084,0.8086798833555295,0.4112200865798318,-0.39385265357177024,0.9409514933576626,2.548972599964652,-1.7461145411744747,-3.5494257142975116,0.7799155260558773,1.3384808665628338,0.9114736679164981,0.21409821408172913,0.21039009951092483,3.5631062085359497,-0.5077475691690404,2.319528757627332,-1.5225432462340067,0.0,0.0,0.0,26.485423752610917,-43.608401722011735,-67.90596418473199,-19.70394962683535,-2.2661597404593508,-57.716409177180914,-0.9330585689824187,50.443547590749354,-63.11045167098353
384,7.68,6.750704874552706,-1.097190778915956,0.5318687251493596,0.9669847806941959,-0.004328025994131881,0.008423413061169421,-0.25465810061569394,-0.08097472984709071,0.7045513014654505,-1.2888840732180737,0.012380251358837847,0.7312845348596921,-0.8450353350773041,0.020121554779692682,-0.5324148807673345,0.8280172383315725,0.4054854633898553,-0.38502715173001956,1.0110975970597167,-0.8247500168275923,-3.958379825603539,-4.444265812875591,-0.15082746976805925,0.7187190181183853,1.6717324672038711,-0.1439063205470554,2.5100717429546577,-0.5772356497069997,-0.17075679454348985,-0.5373616651620592,4.6636733293180415,0.0,0.0,0.0,-9.910405677816557,19.082957117125066,-111.74872185320638,38.681313343179134,-66.30759757010495,-96.12266638553746,0.0,0.0,0.0
385,7.7,6.765918728944424,-1.104617156365888,0.5318788382156878,0.9661888750975212,0.0061568204698938655,0.0038719961946524213,-0.2577327275395123,-0.11278941805718058,0.6226111898438487,-1.2891785424911955,-0.008632639719531411,0.7525736445705722,-0.8259618261956457,-0.007900912514732992,-0.46401188959674333,0.7799304456413733,0.3650461413731665,-0.42617408900126097,1.0827598795700661,-1.9163959747224841,-4.0581024081414725,1.8364380907807665,-1.4795754184477632,1.3755976991728824,0.34213047411531317,-1.9314101618867094,3.2880705668137944,-2.529913992767603,-2.939634178683922,-2.8620105366804305,2.0335933443906216,0.0,0.0,0.0,11.432914155920466,23.62967603914885,-176.21974600997723,-71.94078132738922,-80.58429282032627,-274.7900741063999,0.0,0.0,0.0
386,7.72,6.780324037610357,-1.1112319400784216,0.5317347713828449,0.9654135206054144,0.022345431380296203,-0.0008197295136053866,-0.25976286103331203,-0.16871588073443786,0.5236189556828563,-1.2511378744154635,-0.04300177322000102,0.7780302394250027,-0.8207721160359579,-0.04684281190505019,-0.41620237750476485,0.7477191056365065,0.33094749544781943,-0.5436365338679304,1.2996395825884206,-3.0877235315455818,-5.311745997588622,1.3654510736508665,-1.669815789795677,1.302972794265172,0.153472583757194,-1.7468547262832996,1.9661522448256348,-1.126845426920881,-0.861797545663109,-7.250537357731994,11.453320292658054,0.0,0.0,0.0,-21.23822684231263,55.908551269454044,-297.6048714586978,-30.656919468705947,-115.9142480380753,-274.7116866351945,0.0,0.0,0.0
387,7.74,6.793917200333265,-1.117349653157165,0.5301289514890352,0.9645630892471275,0.03684619753226421,-0.00516326614360069,-0.26121589781669335,-0.21720669468298717,0.4128048292376234,-0.9987853228713148,-0.07555453831604055,0.8172995748894645,-0.8373064713403439,-0.0882354349963835,-0.39791938524008047,0.8133755002211313,0.31929627890920315,-0.7153911965648032,1.3156466817050936,-2.106943430478684,-5.250541451328939,13.966744009404929,-1.4481558068580747,2.13439764466955,-1.1495853408499417,-2.2257598110616725,0.7753473166093557,4.759569077280536,-0.18855390666046357,-9.252066667974956,-4.211341023568413,0.0,0.0,0.0,4.806955896386171,22.133729090292647,-136.5887838805131,-10.445806503327436,-1.922487932164274,-13.305090975276908,0.0,0.0,0.0
388,7.76,6.808143772636743,-1.1237774472863458,0.5272028685744089,0.9634448784964781,0.04547464927885527,-0.010073059558754333,-0.2638267534633232,-0.25113044493321285,0.3568618056581786,-0.8644492746424073,-0.09561536663402134,0.8413763973719958,-0.8313547236244099,-0.12284755368138021,-0.3350759595758894,0.7731012056910092,0.33905423511470967,-0.8953616705921027,1.1883281791778013,-1.215419089769084,0.16532778947938365,-0.3749607374998609,-0.7819664080044347,0.8843498122070652,1.0887955806838503,-1.4179411733610934,4.3525853109884824,-4.123898355474602,1.7150533641920649,-8.67142950150886,-3.709055768640878,215.4203497986459,140.4649470857266,-321.7051321009876,-2.1042495420534313,50.843180049578166,-292.9110545173019,-10.90969769433992,16.78316942520974,-80.87190602882355,22.540392152732394,4.4919921940966105,-28.737419394080415
389,7.78,6.822547885799226,-1.1326399180350597,0.5252234679599156,0.9628593492217227,0.04125881588813181,-0.011328542056638097,-0.26659191259807724,-0.2419314551245555,0.4052327282694892,-0.8999652760991417,-0.08501166452976194,0.8747824886379025,-0.8381947574583063,-0.12130485601683223,-0.2788628096430674,0.732403496466355,0.3955374878115717,-0.9841946889963034,1.1488645064627057,1.2090340378673878,3.0106348008742256,-2.5154670896971987,1.298721401997098,1.9111169733284785,-1.3849277906697715,0.8666775443073886,1.622331818036662,-0.24899772250590657,3.049412363979851,-1.8489775613426591,-2.264856804852709,65.81621917755157,-8.880036803177795,-130.04959298577285,66.398256466277,27.74282359036534,-89.96489549730852,-38.3317212816217,-50.26263236509697,-190.78271026319948,59.52596658114742,3.426192367735414,-74.56151658576147
390,7.8,6.8378952561310085,-1.1426327076857297,0.5231161427524789,0.9625243010268155,0.03426754506954844,-0.006647760857757886,-0.2689396076507226,-0.22660943573651485,0.4822274111420679,-0.981065141795851,-0.05672194950714571,0.9625267039677053,-1.106471821979107,-0.10993775663043152,-0.2642474485994115,0.7550417567289069,0.40380905049675425,-0.9307445756960098,1.064007302175892,0.6179063121895008,4.079152170813321,-4.581993888770459,1.69993260793958,4.491499945474191,-19.574054867641323,0.41351934575014193,0.3108113932989762,1.5135445079167908,0.01260036945220825,3.482006056304923,-4.035482861804949,-34.98546745028379,1.2115562003994367,-43.768387610182145,0.0,0.0,0.0,15.276387482633437,23.92605631150161,-35.77207555960048,-63.36676528318242,-66.737285586885,-438.7703529592919
391,7.82,6.851848447064599,-1.1522789933054833,0.5211142597659082,0.962692305172678,0.017917220208969915,0.004276143944652684,-0.26997076392502795,-0.19041974513710844,0.5374364736615119,-1.048874120665717,-0.014005818313246635,1.0092501335538708,-1.429457239927973,-0.07971317033071482,-0.3147996259723307,0.9852658220191498,0.4375561923499734,-0.9014337759469246,1.038612429100761,2.293909863561233,2.1074298915530303,-2.6388251138600367,1.6222898592605066,0.7217188366840777,-10.222558027690155,2.0811406517017943,-3.740943180153634,12.410741763096606,2.3842924399151277,0.8894199636935226,-0.3514796591182405,-1.986362344403965,-0.016714824705203014,-108.78285996839075,0.0,0.0,0.0,0.0,0.0,0.0,-40.20948582483999,-68.73123714742977,-377.35106098276685
392,7.84,6.865340959461462,-1.1605666127695684,0.5203461878162591,0.9629246143566143,0.0016294279560774877,0.016941227444134857,-0.2692332201705203,-0.15576457597010904,0.5785291009558172,-1.1014571252326109,-0.022891935983257495,0.982303009609965,-1.4227440175601167,-0.06037546313526128,-0.40515818330440295,1.1184016707544193,0.47315747254160906,-0.8744636802707575,1.0212375805268732,1.294401296040757,2.102140718008257,-2.749581911464789,-1.4254924205306252,-2.307073892293295,4.643829541494661,0.2171177653283637,-4.831750278144317,2.325021924407714,1.2703604370699433,1.7826275190359377,-1.4780913834678089,10.641184089137885,37.66982189167248,-158.82919071747338,0.0,0.0,0.0,0.0,0.0,0.0,-42.16048332086335,-12.260062016691618,-270.27741057506455
393,7.86,6.879184314239436,-1.1673172763481316,0.5202337340871114,0.9632362621656722,-0.0028835095979880664,0.026113867877436265,-0.2673680132812866,-0.15013727344252803,0.6165134533733718,-1.1499483085748958,-0.05635468749286371,0.9288725131465947,-1.4014822621970302,-0.08625072140014871,-0.5359061564928639,1.167365693502682,0.4797206487621983,-0.8358996681374443,0.9851540004346359,-0.2494611657956463,1.7517173864416744,-2.1253267207570414,-1.6630016550060214,-2.8172828030298716,-0.813331007437762,-2.110489802563955,-7.343098926993389,1.6819549004927903,-0.12989829065790298,1.7990688022362868,-1.6696867313649832,-22.475948612159364,36.40825866184236,-192.58050887580427,0.0,0.0,0.0,0.0,0.0,0.0,-88.33877720829577,-36.941744278248926,-316.8447442517763
394,7.88,6.8927085167040145,-1.173538047358563,0.5209502008498629,0.9634283255524771,-0.005942516277071872,0.03352485223141634,-0.26579434212621716,-0.14774381848552096,0.6493568598994477,-1.1846396936803958,-0.05285640199448018,0.8568782941931314,-1.4333256776685495,-0.15023434255375445,-0.7169761158977658,1.3030911744442484,0.4822820371740325,-0.8000949424509479,0.9527074534409076,0.3287940169424761,1.5743945428427784,-1.4642410945828022,1.1913265013699608,-4.00849967882757,-1.5227591863741117,-3.7717749033286685,-9.71891798515467,6.917830532955521,0.2659847134018796,1.7794352480213005,-1.5558055767084848,8.831692208934552,1.9858643450901488,-198.91718769596636,0.0,0.0,0.0,0.0,0.0,0.0,-69.4291728628435,-29.0049780503226,-334.97455571438394
395,7.9,6.906616200733413,-1.179709615667401,0.5220998017265147,0.9635184462657269,-0.007447999721276461,0.0398705643955014,-0.26455069287494976,-0.1482886594503117,0.6825453168609196,-1.2135525891441465,-0.0442733505352486,0.7639603524110289,-1.3532747485049574,-0.24715520916517014,-0.9087843043800924,1.3969024859252208,0.4819297776138237,-0.7669686020121298,0.9261984281698741,-0.2362917392200208,1.6310045106322686,-1.3236575241370983,0.21586346192224648,-4.75785748275092,5.2032895558507635,-5.193257687239797,-9.170432453176591,2.2386819908784927,-0.20761385826497603,1.6566886797872142,-1.267499188993361,2.8522554274904466,32.07488122631458,-147.20403558752366,0.0,0.0,0.0,0.0,0.0,0.0,-58.32552092410781,-31.96954640773926,-279.58373090342184
396,7.92,6.920951045181907,-1.186413274147843,0.5233714680282826,0.9634386730685536,-0.0052968332281312465,0.043588960807556164,-0.2643063928272942,-0.15393411565714393,0.7093746109228538,-1.2224807650411933,-0.02982799066438062,0.65860865090084,-1.1803670774183626,-0.35856438340669067,-1.0814063452231413,1.4159385382934928,0.47400580317177654,-0.7360785447400148,0.9091544972922265,-0.33325360176841634,1.2666633992510399,-0.028654279048874076,1.1854662674204066,-5.282669549166268,7.7514198515754344,-5.329470455936566,-7.958243620287573,-0.1714998244493411,-0.5341515149955202,1.5356848645239045,-0.6634557424808344,21.762496587286734,5.504494971651402,-204.452234294382,0.0,0.0,0.0,0.0,0.0,0.0,-65.71372647691526,-3.2205821648471407,-202.44371237437332
397,7.94,6.935467090282336,-1.1945511733158571,0.5246037586084705,0.9631399975690499,-0.0007481689653494124,0.0443587220850238,-0.26531695969325836,-0.1608507816780402,0.7370326750959038,-1.2172636170491857,-0.0017238704588231043,0.5546715237642593,-1.0002811310338418,-0.4190820641699194,-1.1979840794083445,1.391831542886234,0.46179251547246436,-0.7049713985256129,0.9016334642942789,-0.47527689781722726,1.4257194300090947,0.4202436001866254,0.8154365394096074,-4.193659993454446,7.501321342735675,-1.2186172752868387,-4.260017687769764,-1.598758020750716,-0.7603549668651298,1.5432343001326745,-0.1978295618888727,28.117328943381963,12.32206513348325,-197.77722796928145,166.0630606226154,32.802309606511386,-211.81741620790748,0.0,0.0,0.0,-60.26137182105816,-13.745358079684799,-171.295701224146
398,7.96,6.9505677293226835,-1.2039121004188156,0.5260938342432012,0.9629507809650801,-0.00155540232309217,0.043005756187329,-0.26622148504039284,-0.1568445901419709,0.7698721980806112,-1.203796718273447,0.005882483460436367,0.574985275165688,-0.9649987916730898,-0.36622321357870785,-1.237348923154888,1.3233921133103628,0.4604637276690172,-0.6675818793292665,0.9000299288727467,0.5633926840964727,1.6874493212154889,0.9197537276091607,0.48762358784431137,2.7729795461445645,-0.6602180971291163,4.519491583340521,-0.751988863955626,-3.1446010403423292,0.2763295228260827,2.0451804956272976,-0.02633425867420052,26.40564309723095,-5.764352377191787,-164.61811381278642,87.83650985606221,58.33974098872963,-220.38931080499452,0.0,0.0,0.0,-50.614135001527686,-20.301779967016927,-128.57611799477073
399,7.98,6.966893354608372,-1.213772954563646,0.5275535864862384,0.9627470167016297,0.0025277195235796604,0.03857693912252564,-0.26762588109908064,-0.1636690119211923,0.8048659532172173,-1.1844733718685203,-0.0027763395350664044,0.6408159091118691,-1.0005387107074084,-0.2206741006295789,-1.1500306087690697,1.1704953714506925,0.4491090587399585,-0.6295888643270964,0.9079023401840891,-0.8731260610280054,1.6430905540493994,1.1790453726914085,-0.9676009080840873,3.2480322546322795,-1.8576986146764372,7.158627538037137,6.496273513118374,-6.802832788701574,-1.0963313649741397,1.7753588745407876,0.6894647686675126,25.779808703669314,20.46850004859997,-50.163090146351934,-17.279210764715597,4.950200362803742,-31.07788389868366,0.0,0.0,0.0,-69.45101298354578,-11.846339448600489,-115.5030476842219
400,8.0,6.983617001949256,-1.223964086766527,0.528917720284072,0.9619664509260032,0.0062985743259833665,0.03282351402031264,-0.27111527471105057,-0.16487092745129647,0.8299320122376512,-1.144647073860405,-0.007707025795279448,0.6753421154097408,-0.9931615851941084,-0.09305702830541343,-0.9793277959207413,0.9141804175309527,0.437058150408969,-0.5944752845046045,0.9297080705953258,0.3984197005664814,1.1247059435232456,2.379572928333365,0.17300178601140337,0.9478483203588345,1.6657338116814162,4.910079669596848,8.930552201586094,-11.412222913416482,-0.33306131401524375,1.834547677027737,1.1836674470526372,50.35701077246684,-11.646487667357782,-69.54249477050423,0.39621159539797013,-2.6235735678169485,-123.07231980834081,0.0,0.0,0.0,-25.4585851435865,-9.910302148223721,-38.8348380774185
401,8.02,7.000603915855746,-1.2342133777572908,0.5302763039662702,0.9607710297971326,0.004356734678466716,0.026878382473854892,-0.276002898030235,-0.15362084021511116,0.8439823489939037,-1.0804917528721876,-0.0006864643917538489,0.6905033860724124,-0.9472005317350803,-0.03492125911497738,-0.7886078932890035,0.798986760796481,0.4300115494201959,-0.5385685976690501,0.9231980210905171,0.6573462623874143,0.7176208819090457,3.3354749961095886,0.4651677768406246,0.8207001453482696,2.356203429541747,1.723642480486221,9.445730076068411,-2.742008892063722,-0.29942347818582643,3.0817169182134143,-0.8611925051633904,84.68589471919398,23.780810077562613,-143.7781830678252,26.574134637494616,55.46465662037191,-162.80548406598024,-28.398207944618036,-23.64784334277609,-46.216000153977056,-20.38210965473601,-39.41996423429816,-124.8422681784585
402,8.040000000000001,7.016963771870752,-1.2442528168739506,0.5327973551667511,0.9599127009855445,-0.0004918940079578451,0.023813524580375455,-0.2792853031829317,-0.1391724202472847,0.8643318996567911,-1.0363130648257721,0.010807569803401326,0.7034258787119568,-0.9001234807243794,-0.020358801171771634,-0.6665439073993519,0.7155770338404227,0.43103944490074664,-0.48126505058933305,0.9013459334568029,0.5648847505094013,0.9502234732639196,1.518410213369494,0.4094689088590203,0.5903985295086526,2.1868059186027518,0.4735472271928646,2.5391231927682467,-1.2732550760115027,0.1295229038902905,2.722902777813529,-1.3376771478434726,78.99705818610579,26.73032159382808,-104.50267116120797,14.882891677497648,61.74762779668583,-203.6828838867718,-83.75845542304863,-191.21952486830548,-632.9155415930529,-0.745420973018172,-28.061973939405064,-73.72073249102708
403,8.06,7.032289743986885,-1.253728054571366,0.5358071467211656,0.9595088349712213,0.000904231594127544,0.022983609719954223,-0.2807378343964977,-0.13977693735779195,0.9057864152954566,-1.184839373490561,0.009126662904621888,0.7242348287789776,-0.876150471802859,-0.023638682119311256,-0.6555716824180317,0.7472188119530176,0.41718978904862913,-0.44593923718601675,0.9050969513248329,-0.0922098241060344,1.7128869002260163,-12.15769954521495,-0.29149257347986357,1.18107068831635,0.7835669111219011,-0.4597105945125639,0.3505468463355521,2.099741369634225,-1.21078397147618,1.2762793857203723,0.9600488130993848,0.0,0.0,0.0,3.741039324415757,0.988249190307278,-125.06260757213546,-23.94475130528854,-44.12616178133911,-138.93324125205794,-8.108107066575531,9.597059831057228,-15.732889915983115
404,8.08,7.046896013687532,-1.2628348668358798,0.536692219157858,0.9588403251337081,0.0056997874737791335,0.020976233826304296,-0.283112594094123,-0.12280655282438038,0.8959236909432503,-1.433526554623185,0.0010894881405615377,0.7556171629372687,-0.873813822288623,-0.032025263696686436,-0.6411957182960382,0.7976541649466332,0.3871525128521748,-0.44866878167828594,1.0526855550855208,1.6728310823983281,-2.003379583164249,-9.2652536810591,-0.42677492449682075,1.6562479960340704,-0.08056693925293346,-0.3071682509783113,1.1602652082958742,2.567520044720613,-1.7554934775246673,-0.7352161558044488,8.058878852517607,0.0,0.0,0.0,0.6254341659189544,-21.26097143208333,-50.20329025911976,-18.8304622735232,-33.95798056098281,-48.65648420537923,0.0,0.0,0.0
405,8.1,7.060990503647252,-1.2715458675582003,0.5356765871040052,0.9577475362153067,0.015833806850183287,0.015520387958621422,-0.28675436350952854,-0.09558972992566722,0.8189823611965773,-1.4390166230755388,-0.01825833852237151,0.785579888012235,-0.8709106653616557,-0.04715613881123607,-0.5880547600343291,0.8155339239874244,0.3359556385954867,-0.49106739478670486,1.2424959632789554,1.0524712848608115,-4.660049454121785,3.490335685383698,-1.163684339547698,1.4311799189288197,0.27714484885425894,-0.8524288248959895,3.4745503550488874,0.0994396343175582,-2.959866971836063,-2.7346558156579563,7.428394306477759,0.0,0.0,0.0,-7.976263089681798,-5.3992604603053005,-80.92480747857039,-13.075255160788897,-23.89416697020489,-34.07466569845113,0.0,0.0,0.0
406,8.120000000000001,7.074758149699255,-1.2789156955231051,0.5342772762902456,0.9562353535664998,0.028981052526696322,0.006881121657225204,-0.291078507191333,-0.0943687668951273,0.7010307174066334,-1.2546110477838077,-0.04667980421112809,0.7946668128244051,-0.8368118381932867,-0.08140598616230314,-0.4940243123854344,0.7450941131154826,0.2721153694427839,-0.5839431984732163,1.3378304852784308,-0.6084990507422516,-6.30283032836106,9.131992873058783,-1.4397775673297255,0.5289798929786125,1.8381179078791956,-1.7902252109906551,4.5653655012624075,-4.08268261011516,-3.037235357829687,-5.606286271576437,2.2032597503319282,0.0,0.0,0.0,-12.42696436354309,60.59647001484582,-369.6688370821092,-71.84959074792005,-82.21337491968588,-219.22076440367348,0.0,0.0,0.0
407,8.14,7.087839771584431,-1.285372640535656,0.5340258351160456,0.955198931987152,0.0421303686154374,-0.0017958995659253633,-0.2929450581861397,-0.13053448055470027,0.5577266593909701,-1.0801139826514554,-0.0791838353707511,0.8173276072653134,-0.8163359681319272,-0.11655260445667842,-0.4460217052127458,0.7177671975761734,0.23468676889021467,-0.7291356088208174,1.3570757885450035,-2.4221828328921893,-7.364846570383267,6.111997693930107,-1.5755706992860066,1.2773018743943032,0.7337118802589097,-1.5924627615390095,1.2304188261502582,0.3540226754752156,-0.9357091445514614,-8.087020196719434,0.08210896586016414,0.0,0.0,0.0,-6.085021610299676,36.885619069671584,-328.19578731351635,-80.05569131122628,-117.6495346095914,-351.9926994518748,0.0,0.0,0.0
408,8.16,7.100329569393551,-1.292312524520227,0.5334150520747604,0.954665837719622,0.050280978380517795,-0.0069735780377681075,-0.29331950278415053,-0.1781378543336285,0.4206294783339987,-1.0143737493237592,-0.10040246717705993,0.844055320195886,-0.8075155198421239,-0.13803674879231034,-0.43046542550053835,0.7428954617752239,0.26667481998718195,-0.9248302863786536,1.3374259135626112,-2.2698755092016514,-6.349089140009659,1.1097425418575964,-0.6819937632663804,1.2102011604875371,0.516294003632192,-0.7229535224125303,0.8521069608594739,1.2701334850785309,3.2597705870682243,-10.60614567815054,-1.3256276848785875,0.0,0.0,0.0,11.914680564610842,2.6185045158635187,-186.74859418730142,-26.807924895160337,-49.23136585708824,-185.8059616148221,0.0,0.0,0.0
409,8.18,7.112746441147023,-1.3011399404784365,0.531261039157399,0.954694740903491,0.04648077751007533,-0.006579464943491009,-0.29386085083646646,-0.1926907489986206,0.30335984889285317,-0.8463213163272083,-0.09248880655659124,0.8682709221220166,-0.7994084228799404,-0.13156498158997912,-0.41228661356571616,0.7655355653845316,0.3887341271277035,-1.1082766696433566,1.1539020273871747,-0.038627494740521795,-5.1863654824286245,8.956792117928554,0.9580914873811601,1.1466073440177043,0.41793328393953905,0.8252232740546352,1.018302893594228,0.9498344614311636,7.571599002861378,-8.204937016346515,-10.3979890394693,5.336857770214554,9.46495654335476,-13.587820274867369,44.618788292772884,21.32494722231095,-83.746348896231,-8.49431190106302,-20.508857248250806,-110.74996019872239,0.0,0.0,0.0
410,8.2,7.126322776540415,-1.3119957384019323,0.529547187516298,0.9543040610904008,0.03955453376098776,-0.004857348992997748,-0.2961682022197507,-0.1753579474908181,0.2968518217613369,-0.7705115170746389,-0.07238860129121706,0.9001981115881466,-0.8297016292890125,-0.11916672278491541,-0.37356848946287824,0.7617607474986636,0.48569677738878453,-1.1728039686943341,0.897128308536302,0.8286434601997935,3.0299723844017286,-1.0487164165947336,0.8085672496084326,1.6859505464619187,-2.550161234815699,0.24099225270284638,2.403410566322446,-0.6656430812288624,2.7107649158788427,-0.4493373775181084,-10.3592853664792,209.0365692282464,88.63261020980391,-347.8226098597781,58.84941409389197,35.089975763362126,-85.6691431823396,-9.326157805149888,-28.98255796570137,-156.84479208208674,0.0,0.0,0.0
411,8.22,7.141370563895976,-1.3239367430569686,0.5272539756341691,0.9536674112640583,0.03274310729840814,-0.0038113725735310308,-0.2990515525063525,-0.16132685469997096,0.39924130453966256,-0.8832299568061377,-0.04208058591337777,0.9555888658717964,-1.046762387182224,-0.10853066135873413,-0.3498377009154346,0.7847445464964966,0.46864058153423976,-1.0830753609729618,0.7829832736285514,0.642457839641133,5.817243539175037,-6.940359882423352,1.9598616256977968,2.481262864585736,-14.917698760670213,0.7466200482989643,0.5466612850614774,2.0868070269914605,-2.3611869519375572,7.032203436545258,-1.9433362278046151,-19.561054298294593,12.979002159107063,-29.426074227296553,0.0,0.0,0.0,18.448518817731,10.286303792290283,-26.86246053937518,0.0,0.0,0.0
412,8.24,7.1556788166934115,-1.334915830050536,0.5230446813700105,0.9535154320622558,0.02310052033658296,-0.0008742906288186311,-0.3004561904757576,-0.14813343700921028,0.4993105858985546,-1.0013529509930348,-0.02263277663271779,0.9713203426400002,-1.275253897883145,-0.09371906842767587,-0.3786156212031039,0.8903081206207157,0.4561477348214765,-0.9992598832896034,0.75187673406162,0.9337975701521206,4.170386721539428,-4.762933359930417,0.26375579264952886,-0.6331179027224817,-6.817726989994932,0.8325219980262757,-2.537122891073745,5.484222274977784,0.8729563794485877,0.33179003371070337,1.2687489892365553,-30.897206280329563,-1.1074238334073458,-38.65912061266703,0.0,0.0,0.0,3.580206036497531,3.5795958909128345,-6.331163997831039,40.020339457586964,-117.39354858976924,-687.8249704159031
413,8.26,7.168463871330075,-1.34369772365353,0.5197704433999103,0.9531898116530386,0.014088306325658103,0.005133276593349794,-0.30200058287548803,-0.14133050511010442,0.5697362565381762,-1.0658675125306893,-0.02997053981662279,0.9278646243482906,-1.336753391251984,-0.09800535459844882,-0.44913612234646105,0.954657786916164,0.480876307390949,-1.029211697554059,0.8221463875310734,-0.021043106082772794,3.081535166879249,-2.3962457732973306,-0.7200365875575951,-2.9072421486309103,-0.7532339193839923,-0.8538957612483031,-3.958091538547087,1.0887127577552413,1.068094958010041,-1.379413006325547,3.571273512407186,-47.58267846221397,13.44351487977614,-61.85244917476775,0.0,0.0,0.0,0.0,0.0,0.0,-12.708514604199427,10.322081259704577,-325.74612020157537
414,8.28,7.181163604852628,-1.3509697862368817,0.5166443566148771,0.9530945520466356,0.011255646068516902,0.009613550092426499,-0.3023105438869485,-0.14748695776972787,0.6141648007578775,-1.0952628457258615,-0.04992472411124649,0.8608401891607038,-1.3904093851526964,-0.1407423775589623,-0.570177505371129,1.0990213165727987,0.48870575002394373,-1.0339812511838333,0.865851614678416,-0.2822423942199155,1.724248579421372,-1.0543314376372122,-1.0650939416927125,-3.5871123726313097,-2.866846722968346,-2.7217183285242226,-6.951379163971937,7.645248260279165,0.0379688172392571,0.365135551155924,1.3549591764474105,-55.59878774321998,33.459820693985584,-98.0478185736655,0.0,0.0,0.0,0.0,0.0,0.0,-27.468925523945725,4.002074484706815,-323.991449601483
415,8.3,7.19332041774542,-1.3577490575023015,0.5145307948864042,0.9530877367908022,0.0076187917809531405,0.01433482183275815,-0.30225855302010407,-0.14270254074750655,0.6470315475995192,-1.1167394395990038,-0.054236424568924434,0.7712040008755764,-1.3670130666240319,-0.20681865894346046,-0.7263000092511569,1.2895853203333123,0.4934588251348228,-1.0188676395692482,0.8778771698183547,0.45597670048411043,1.7811754131111759,-1.3261986169504265,0.3959598505974436,-4.838164553380448,2.5140669145532644,-3.5000462846677984,-7.939246763373723,7.506548385905299,0.3893634845455798,0.7020526978620151,0.5038234023037452,25.7302399389674,27.8214310414087,-194.6890818018979,0.0,0.0,0.0,0.0,0.0,0.0,9.81275303999607,-21.89376508388159,-475.50961434790526
416,8.32,7.2052380375763985,-1.3646121313552715,0.5135673837315277,0.9529860970280415,0.00517721506427077,0.018834910154521368,-0.30238376523039107,-0.13899436109779365,0.6865088856229692,-1.1500715381978432,-0.04414909773505693,0.6720369548202092,-1.2800164133455563,-0.28631556914637585,-0.8869255523732121,1.3701258307301438,0.4980776480062657,-1.0132472527712444,0.8978768408506643,0.011041714431812344,1.940733751848518,-1.6297573886069898,0.6695466252225677,-4.816806416880609,3.9055485393506943,-4.0172974202440175,-7.804032972542427,1.2435941157277046,0.0794791222443509,0.26874069055454336,1.0796711004320065,-3.280428599426614,30.844696881287888,-150.3880017826342,0.0,0.0,0.0,0.0,0.0,0.0,-24.992296497157916,-9.180340439925573,-356.6904752233084
417,8.34,7.217051346237829,-1.3724238432524476,0.5133537045096822,0.9527886217669946,0.0031321451863031056,0.022563813235669125,-0.30277864229523643,-0.13391890720483177,0.719773057316334,-1.1703207883553355,-0.008279687922368354,0.5776759888167313,-1.1963219294523921,-0.35825834442336485,-1.03663064537159,1.3752249243453376,0.5012827908606743,-0.9993197601762704,0.9114511364916228,0.3481671000111285,1.4944214687331072,-0.6065568346645729,2.404898428845439,-4.501975720888687,3.1572070785880544,-3.0966704435038412,-7.024452873568935,-0.46992894533242907,0.1643065531665342,0.9204211771169384,0.44865959062983196,11.628591847675144,5.8813871824649375,-167.34046595989784,0.0,0.0,0.0,0.0,0.0,0.0,-33.21433654352768,-3.224292810748905,-344.7406319629248
418,8.36,7.228799012331399,-1.3817185753181866,0.5139684128877211,0.9525048502308607,0.000797752687429408,0.026003823172408715,-0.30341007738331877,-0.1248726333515725,0.7483563708355238,-1.1766051938441453,0.048079435555971835,0.49070628481322864,-1.1032783790877612,-0.38396114361154615,-1.1460919388039716,1.3576644752750289,0.5056004825574681,-0.9780732152154018,0.9171814390498426,0.3958068637690545,1.3796557626014816,-0.15494171967690984,2.94189487694544,-4.083134746836707,3.996036119616825,0.011911228717237154,-4.313563003546605,-1.0123124080780852,0.1509978873997228,1.1002354990084482,0.24717162322848713,31.141732695952552,16.349747692744955,-167.15857804273878,0.0,0.0,0.0,0.0,0.0,0.0,-31.81703530763943,-17.56532509719214,-334.078623080541
419,8.38,7.240698932738896,-1.392439978561719,0.515059406397219,0.9520905332033003,-0.003881514992371986,0.029644658848365625,-0.30435135062585733,-0.10848983067830661,0.7797354727673368,-1.1801618097894906,0.10195341125648072,0.4398413989731968,-1.0568374367475986,-0.33380183508629147,-1.1979502603447214,1.30897617547441,0.5157650330696274,-0.9539386000963739,0.9221406281181485,0.9525309734579925,1.6044730995066265,-0.08074647989822689,2.113073412357492,-0.8154034567286086,-0.5859473000580471,3.6774007821292094,-1.6013226375725282,-2.3071668301752313,0.610996987615826,1.3214051717679567,0.21596567688944324,29.94343596330131,-2.270343536587435,-143.426910939523,153.11948243685694,64.00636892893138,-207.54002123716467,0.0,0.0,0.0,-42.47564259205232,-30.30993230154911,-264.1254081271925
420,8.4,7.253762437446387,-1.4036727262719961,0.5170126122723264,0.9518542926295462,-0.005661937009380043,0.031186602734975397,-0.30490776290848887,-0.0995444300404126,0.8083007769843138,-1.1730141062411275,0.11618531540769558,0.4603952504286372,-1.0632028282662753,-0.22149794773872863,-1.1656578220006226,1.2422386029274564,0.518712240396706,-0.9234718793374851,0.9248039451408585,0.10191497860201354,1.2457071580683357,0.7320436800305596,0.1277669258079785,1.73426341491958,-0.4711237036972862,5.89629690840257,3.128266121001808,-2.5073532485194354,-0.1673450773868527,1.5514853440665073,0.1822482213801831,21.272284054245503,20.16406473211335,-106.77607788380809,23.00180197160663,31.46793830389197,-86.093681487851,0.0,0.0,0.0,-55.645741241443005,-43.941707796499976,-284.27716189333165
421,8.42,7.267948721407682,-1.414979466741852,0.520064405933062,0.9514757260004291,-0.0032822677174150407,0.0301277456111495,-0.30622783755723115,-0.0995817419106982,0.8306136715656217,-1.14799784637909,0.11521200474524716,0.49664176669645127,-1.0670882398184047,-0.12788673154277486,-1.0649342786941882,1.0665031958662894,0.5115749129968143,-0.8942944402092696,0.9346872758675486,-0.050049986830499806,1.0218529258610316,1.5992670686328931,-0.11866994066488834,1.8312576206830669,-0.03957402282295641,3.148824749864085,5.557687682269877,-8.714254606556622,-0.4642104591444508,1.4625183877867953,0.6379183291748622,19.472171095632564,-5.920775973759586,-66.54421074261869,10.142628320240018,11.336186657004667,-117.66685883839394,0.0,0.0,0.0,-62.758551093957195,-41.25377521020078,-210.46673656490267
422,8.44,7.283242711790523,-1.42593248694741,0.5235345699771472,0.9508894505687632,0.0028934347885181838,0.02579958539879783,-0.3084400464035288,-0.10898458593350706,0.8435871806783743,-1.1020341384598331,0.1035960911170078,0.5346776424036981,-1.0640820862114915,-0.10275488729183645,-0.9284506543989421,0.9730978036639691,0.49443897033312534,-0.8662103423753784,0.9544199711712813,-0.641789716205796,0.5070942200560387,2.6121563108747576,-0.7715757326185028,1.9203127522936858,0.2917899540228674,0.11350298448377116,7.323375475052407,-1.5414408633779506,-1.029246574168494,1.4248897161689649,1.1344529203894618,45.15764491213986,22.9669274217759,-67.8300321935247,-1.969842351053718,34.115403329325225,-119.65380453848361,0.0,0.0,0.0,-55.11368182008442,-42.39198004123688,-171.35147059571753
423,8.46,7.2990861791152355,-1.4363527215316818,0.5268783311482735,0.9499811961890182,0.010662118411415481,0.018533930807146326,-0.31157429214731336,-0.12097674839778795,0.8574389744558806,-1.1045687945948643,0.08632177333147442,0.5662461949479383,-1.0431340798495845,-0.11255141780213095,-0.7666474307392148,0.8291850536956081,0.4718232680662289,-0.8454062771919989,0.9955822818487086,-0.4792000209509363,0.4953893303035735,-1.8167070000582635,-0.9126435094360745,1.5204413389826699,1.2795268707200278,-0.8080695270110179,6.89276841399561,-6.890383183885742,-1.1608099717006035,0.9965543941747519,2.373934931617751,29.100791653341787,15.319140651612589,-41.11776792840358,28.82931156064837,49.60000563458951,-214.73016570839263,-102.75519137512241,-99.05138813508819,-388.51996906386313,-49.45106710451483,-4.031591598737655,-65.19972181036546
424,8.48,7.313815370124078,-1.446619163751597,0.5308418528890058,0.9497252644143364,0.018982733982368785,0.011067257286244156,-0.312312493761992,-0.11480940807164956,0.8235747878782301,-1.143519082023957,0.06469747035923984,0.6021479240215714,-1.0268452153839194,-0.1312461702727878,-0.7235903128118492,0.8123830185648238,0.4497260890422707,-0.8119461309550432,1.0201500208230176,0.8546109712815284,-2.961794311617442,-1.7854423094802818,-1.055806260206216,1.8253668344722804,0.7343426706230138,-0.8940871678745029,0.6278546933062242,1.594861706915951,-1.014286304191768,2.0359345380476914,0.6039645146726724,0.0,0.0,0.0,8.873558065021903,19.902554163000875,-127.76123686806571,-35.460839274269496,-78.49441073235579,-223.63319325116345,-30.20305467650114,-22.74292621829098,-65.7895177745774
425,8.5,7.328237036764688,-1.4570573521173826,0.53402565666743,0.9492753025531704,0.025917666212214995,0.0032562907805288167,-0.3133593322546058,-0.09362430954584502,0.7588989660734186,-1.2709432573073578,0.047258957887920484,0.6374394946235822,-1.0097101623906812,-0.15080423849017557,-0.7089111316318593,0.8579904498562327,0.4194934959140389,-0.7880945510744664,1.0959407778990375,1.3049117247038873,-3.4615128901508707,-6.671823402844061,-0.740334778542219,1.6892120494342497,1.0209936661167127,-0.9847208306719241,1.1358530758442065,2.110224834342402,-1.9860703700048854,1.0332728908498083,4.940869341039162,0.0,0.0,0.0,12.849864782597113,-41.44852015196218,-112.22181279207427,-13.059000880461515,-41.79880922618456,-108.53126729047437,-26.324943693207373,6.3471063326057084,-33.91952464869243
426,8.52,7.342567809110336,-1.4677711051519309,0.5359530157601253,0.9487174888878095,0.031736431629158186,-0.00602604879554892,-0.31447036731903855,-0.08153925809989364,0.662489888736902,-1.3242128537545625,0.031618651966613176,0.6718578316787739,-0.9860149768337835,-0.16798974781018305,-0.6677284947708128,0.8758990435251539,0.382640032837226,-0.7764389299770019,1.262673410067228,0.22769239952634035,-5.485593189633134,-0.40338314608925185,-0.7118327171718288,1.695979765109856,1.3099008346812615,-0.7072609463835058,2.444784092278252,0.27467920879768376,-1.839568715672977,0.5636527621787545,7.539942610479493,0.0,0.0,0.0,9.679553684949916,-20.15296283722906,-89.1698056267426,12.269276438882883,-90.65342354753875,-139.4255376129824,0.0,0.0,0.0
427,8.540000000000001,7.356813342212096,-1.4781659347757203,0.5372715808338786,0.948009813826445,0.037345999743189154,-0.015898793881877742,-0.3156420402054094,-0.08673330339982066,0.54787696902406,-1.1926887621556745,0.015145309453098839,0.6954381161791688,-0.9456110612081442,-0.1862141252193907,-0.6186846321121516,0.8789935535112006,0.3171674149488501,-0.7639882421694716,1.2548793026898897,-0.5872342235909498,-5.593289217153604,7.72683809764359,-0.7881310782667164,1.107131221349748,2.1389052500161343,-0.9289692726146783,2.212580112921612,0.4512823487396359,-3.7928417698702157,0.5358077419169036,-3.6693118357730734,0.0,0.0,0.0,38.47273272793507,21.97499028211191,-190.98448473929682,-34.11115017854196,-68.6138598019765,-209.40638928719045,0.0,0.0,0.0
428,8.56,7.37104767935478,-1.4881183422244906,0.5389515896978073,0.9472354047233579,0.043250484216699754,-0.025187364133441498,-0.3166071388039255,-0.12606427511491072,0.4495098092975785,-1.1434599272528985,-0.0025514216195331287,0.7145123371191617,-0.9000041542691233,-0.20585779846876595,-0.5705297502061384,0.8797324434939175,0.255284335249609,-0.7832522536983536,1.3104343610201403,-2.535091125400518,-4.451359581043627,-0.5020710045457546,-0.804798305147112,1.0349770353874859,2.113291055689283,-0.8756282263105084,2.328311310738957,0.02475746104053981,-2.587782721948272,-1.6977113806176796,4.749233574797693,0.0,0.0,0.0,45.53549390365478,59.06752117128445,-329.6186214229705,-10.07103726865838,-103.53376424592858,-363.26415741145456,0.0,0.0,0.0
429,8.58,7.3849381892874595,-1.4982382095858036,0.5403909744428184,0.9466856003608528,0.0472418378868574,-0.03212208794961761,-0.3170532357321746,-0.17980089636302785,0.3687721121218403,-1.1604820085266567,-0.014837858235125937,0.7461826466497267,-0.8782910972177821,-0.21985894167882272,-0.534885293355927,0.8932518153819063,0.22329354378382324,-0.8464611343413442,1.340598379600649,-2.608879463099469,-3.7079085230848916,-0.819562433403309,-0.410903193127106,1.6614448963559405,0.7751715677599339,-0.5235452384149505,1.656920903582297,0.8335346975418062,-0.8734863067125662,-3.9782230986853406,-0.3038071687796975,0.0,0.0,0.0,17.726887659322507,26.0631227950756,-161.73471349381566,-9.116871438887419,-61.83068542910294,-198.47026386244258,0.0,0.0,0.0
430,8.6,7.398321599940379,-1.509639327598373,0.5413059253851921,0.9462579726182255,0.04621857945640065,-0.03504352223516284,-0.3181692061134025,-0.21550087419387542,0.3098617345693425,-1.0692527442954005,-0.012109768737812991,0.7712569794740107,-0.8576828154144831,-0.22040550672668746,-0.4918928827784461,0.8919309561341034,0.24701458480991623,-0.9351879842274067,1.2767285671792774,-1.3576095680005,-2.317616683543072,5.598095559062889,0.45759222421983653,1.023184303312863,1.2179315757542128,0.25600444524786337,2.3181836502894155,-0.4739976386272724,2.458310076635593,-4.672299002596468,-3.662154142002571,0.0,0.0,0.0,26.243123281568543,36.467270557595945,-151.90410999139883,-16.770430565029894,-67.6234917105596,-261.0693323518674,0.0,0.0,0.0
431,8.620000000000001,7.411472549964906,-1.5228916077666976,0.5423054401004817,0.9460662173905525,0.039651161651657545,-0.03255321776804994,-0.3198855822086274,-0.22511434167870856,0.27775732053198093,-0.8958432787028936,0.007594955727506703,0.7882185046932989,-0.8333410976261324,-0.20440399710123888,-0.4460012141402152,0.8750229232113267,0.33287925394159845,-1.0127617494240622,1.1688505633370334,-0.15335352686676834,-0.9869407694082504,7.5923011417599024,1.2296216026924882,0.8177806899872379,1.123897474907853,1.0363194647303318,2.2488232512384223,-0.9885671008540433,5.185372073691811,-3.372653556764204,-4.837993672299775,0.0,0.0,0.0,34.328950488323365,64.2849785617603,-151.25334101993812,-10.384035843849958,-67.27750415894847,-261.24667740900054,0.0,0.0,0.0
432,8.64,7.425273553195881,-1.5376765218407789,0.5429546982058886,0.9460190930826361,0.029745580603045465,-0.02464830802487235,-0.321800461263196,-0.21974057582637813,0.2733306825578382,-0.7663367811987395,0.03816840217287465,0.8150622889757932,-0.8397772622455325,-0.17690490202180023,-0.40417535327954224,0.8533493066678419,0.4172399056119146,-1.0196531310237615,0.9829313570972493,0.3501170374454736,0.3560642930833152,4.216639153073732,1.5851115799804172,1.544795304420973,-1.1526856817424265,1.4617619372719102,2.1086258999943093,-1.2692742213156218,3.5363155199016143,1.1920823213607212,-7.746124275679385,0.0,0.0,0.0,43.10831069735421,52.450443008342475,-84.87620367909824,6.3516902512022915,-28.901225836075266,-155.04382091764327,12.536444646822543,-1.2813132829199283,-15.757202183263349
433,8.66,7.440860130230126,-1.5529436859896713,0.5421270433622308,0.9458016999353456,0.02425204371915212,-0.014957914773271623,-0.32349226197931025,-0.2297721290134504,0.3094143887643818,-0.7944217447822981,0.05186880103280847,0.8574245761826074,-0.9370346526310209,-0.15709219010570818,-0.35782512546755296,0.8167977316370618,0.43688616567667043,-0.949940476312081,0.8722607649040947,-0.6851643756064493,2.6169302673689976,-4.1674576924430955,0.08582552221647244,1.8955344579885391,-6.547408807555156,0.7405621162814999,2.4269506886585854,-2.1776219843946425,0.18346459030461154,3.7798022536710514,-4.5730826080926565,4.087040462996167,39.720623541662924,-49.9482146075944,14.90793668786273,20.376881189850295,-31.57330671959293,20.836820444479986,3.533046338080741,-85.79067598377571,-24.26985444190732,-57.17477095061343,-188.56788481348224
434,8.68,7.456530749670914,-1.5673949901566218,0.5398307237578177,0.94538752568462,0.02251814775744101,-0.002980879091205502,-0.325156075848707,-0.2360599765109819,0.372489174743341,-0.8958257184549825,0.0354700252303328,0.8765787684931716,-1.1628130586972325,-0.14833453473185426,-0.3357752900908764,0.7960911014442104,0.4446168227200343,-0.9181593907412372,0.8378697904963524,-0.0188387346702297,3.195922038261516,-5.121221058310173,-1.5580853769805958,-0.03679500318577633,-10.426020558276107,0.30413257603198973,0.2842815457115937,-0.36305358243551467,0.6168509787101889,0.35260997691624474,-0.09615699535572564,-33.58873586064129,30.545037127218183,-56.81736732881918,0.0,0.0,0.0,2.746749784846136,6.4574287552052345,-8.779155064758454,-6.087082275439258,-50.848323108110115,-371.7962539801977
435,8.700000000000001,7.4716720676791395,-1.5800527893155782,0.5368853708841685,0.9451233484531659,0.02430318197127989,0.010371430084677231,-0.3256434322886698,-0.23935237603518605,0.42886810623599964,-0.9876940435352408,-0.02054190808625335,0.8556357852823829,-1.3763818232600973,-0.16717222665370085,-0.3837994576254323,0.9730705711007969,0.4506864507818718,-0.9126981613537651,0.8415852467386808,-0.27104644715675036,2.4873078932874457,-4.213304746826527,-3.584864950267424,-1.7613074527566523,-7.940490429438035,-1.4998282739124398,-3.6034249076111817,10.20044399405719,0.05978634957242937,0.5441835142252059,-0.11377887855235028,-56.22373380870221,3.4544412218994305,-89.21237107441767,0.0,0.0,0.0,0.0,0.0,0.0,-28.47224897642319,-17.17285314156477,-321.05799543968817
436,8.72,7.486273981745224,-1.5918027087729618,0.5342002674780496,0.9452687085507074,0.024844950336976535,0.02372697790855513,-0.32447931767211075,-0.23887670759148744,0.47488929539356495,-1.0645108158775511,-0.09109869305888692,0.7953880499285999,-1.3944468797521419,-0.19606241582134365,-0.48716755609318585,1.257325632037321,0.4559531756794231,-0.8896651754976496,0.8237740483720458,0.14879264470316697,2.303693571878668,-3.7596350301682677,-3.215948185344856,-3.5359674227201907,2.1956937614989585,-1.2639781525973819,-5.68432251472698,11.877762751401352,0.3665650680412815,1.4229520222342666,-1.2628323132796795,-11.832753344430227,8.387375740802332,-174.64552471296165,0.0,0.0,0.0,0.0,0.0,0.0,-22.35040378961409,-42.343643388543086,-318.4425891991083
437,8.74,7.500389924957578,-1.6030894551117272,0.5320381803174947,0.9455703826162698,0.02721354656621722,0.0345105001115249,-0.3224361949041432,-0.2445414966750857,0.5203622535373875,-1.1346795250170039,-0.15363589052867438,0.708485694123648,-1.2778068707477195,-0.22851507587179917,-0.6239034706428898,1.3700646723485856,0.45719648545556957,-0.8687334788184083,0.8090611301085381,-0.48727901549289865,2.219445807859967,-3.2426459333957744,-2.730831246597595,-4.557656168732407,5.711127189046506,-1.7316075126172426,-7.340527921639937,1.3225963410757005,-0.10095536997855097,0.8845039467425118,-0.40715602300851683,-24.040408946635054,17.47676943070051,-191.08406197194228,0.0,0.0,0.0,0.0,0.0,0.0,-56.49784987572977,-34.10118816076589,-263.47877201531264
438,8.76,7.513699640784861,-1.6146728342724463,0.5302710773471181,0.9459438607365573,0.02916326687921001,0.04144026116113875,-0.3203473442291129,-0.2485733348983124,0.5608464529406975,-1.181125593268447,-0.16097090622080454,0.616687982983803,-1.1832782117185026,-0.2615530675814762,-0.7970307249902683,1.334432011266924,0.45894915388984076,-0.8494005186378443,0.8072665177642347,-0.04096607305134452,1.9732280974858525,-1.7977153377687654,1.0170622648369971,-4.452275148774873,3.0117335275694863,-1.641140564504779,-9.261773708567969,-2.8234146141292698,0.1817821220414586,1.0236150015774956,0.1151248820118709,-5.657431730395281,20.56278942963781,-236.18893892052847,0.0,0.0,0.0,0.0,0.0,0.0,-71.67291834094753,-25.31048908125977,-245.48122367317947
439,8.78,7.526391118092877,-1.62758831684806,0.5286780536578521,0.9462203393295331,0.024838554441648626,0.046993027061627855,-0.3191265752956627,-0.23572932403419272,0.6076516172272333,-1.2181381994972897,-0.09999692113726619,0.5285370673911304,-1.1234887342854638,-0.29272989076833966,-0.9894374603064482,1.2785253592168933,0.47229257131369407,-0.8203218554204661,0.803351668837722,0.9556335839036484,2.459771347476941,-1.7641043712172886,4.05753115356335,-4.266316256870747,2.197744417153567,-1.582127556015031,-9.62891954401526,-2.2601329378604977,0.8688098531799622,1.583978543258466,-0.2495542848208617,20.983817289341417,6.9594887297420245,-187.54954393260155,0.0,0.0,0.0,0.0,0.0,0.0,-51.364540288564015,-26.72614898757618,-286.62854055144453
440,8.8,7.539501592901169,-1.6415974681218484,0.5272808654784307,0.9460870057067464,0.02044144818879445,0.052249159075784285,-0.3190165359423578,-0.21871203153911475,0.656980355123751,-1.2510298076705577,-0.03661581062183276,0.45397834095900236,-1.0239142902338523,-0.3227810581041435,-1.154699375330134,1.238677547892581,0.485652259612378,-0.7874501076998124,0.796236963916425,0.6443972867465669,2.3643380669911562,-1.4211799289751301,1.8384608406078096,-1.98449037705362,3.580509179833328,-1.2765566529398673,-7.156876366925487,-1.5911882049271593,0.43164665476209424,1.611606186973931,-0.3280701251910657,34.56522244042242,12.833322035616568,-155.3952314660965,222.9580132146453,133.22761543858255,-324.74211942644797,0.0,0.0,0.0,-44.10987688922866,-30.634464320447815,-312.04889654384465
441,8.82,7.554050794935679,-1.6555153535673452,0.5270167716128139,0.946003986878665,0.018696218292325695,0.054456782664984146,-0.3190005753176879,-0.20890187081899325,0.7023505084639445,-1.2650704121456864,-0.02265854525998379,0.4973096318732861,-1.0383100498713163,-0.32787102301850785,-1.250439334561689,1.2601760620241902,0.4922024978869295,-0.7586659618413131,0.8033003546519659,0.3533243161203771,2.1084395378618166,-0.14130944620267322,0.31021084311011127,3.4426225355986304,-2.3809343172221373,0.702712003745889,-3.0878181392363304,1.7489591234733437,0.17425261102450787,1.469382422001334,0.5861857886668533,21.611416528098523,13.388077528975444,-122.8047030685642,42.03209936338247,110.38227859968652,-251.97527972938158,0.0,0.0,0.0,-51.00506109909606,-14.792284058382643,-187.869641222106
442,8.84,7.56976851230484,-1.6693278643501235,0.5269251718133315,0.9456848227790957,0.024703433001744813,0.05126897979787356,-0.32006475606302714,-0.21338135291049182,0.7419925497373558,-1.306074142759725,-0.031959220475522056,0.5710517544410723,-1.0935326619918706,-0.23588446263683258,-1.201130595098113,1.1842478299978028,0.47770831562871685,-0.7537125692240066,0.8927031105078361,-0.4677208306875533,1.595185523161244,-2.2086740942762817,-0.924322211662248,3.522149191878174,-2.4441325410367285,5.698044945697803,5.131305142452264,-4.59529085692011,-1.5199026049889994,-0.023936522398713626,6.252269152028365,13.22735614394278,4.664274265451095,-17.533390172568737,-41.642824779423535,5.010779341544911,-87.43904949814235,0.0,0.0,0.0,-43.68966464714314,-2.13871794062492,-54.864457069477616
443,8.86,7.5859875988577485,-1.6831237970715094,0.5264933769404745,0.9447681517935653,0.03220409011470774,0.04380887012502186,-0.3231978014077828,-0.1949907528010676,0.7541799770520269,-1.273708008153866,-0.04377492742917022,0.6161693053681807,-1.09583543996941,-0.12638685573540395,-1.0449531225653497,0.9842866569991514,0.44030992853106016,-0.7481816383727261,1.1373251859629312,1.7345602042107313,0.11044495528995207,2.90676320513052,-0.33479781219305466,1.7404280102037486,1.0230135465061023,4.2627106957373115,8.577927416004266,-9.085881639177467,-2.4015803413791046,1.0150058838464606,11.828717933697806,6.0013186554019065,-2.2832010413906256,-8.035413205422413,-9.889935277843714,38.13387092043586,-206.1876135528324,0.0,0.0,0.0,0.0,0.0,0.0
444,8.88,7.603112963696235,-1.6964783049469525,0.5263046499384437,0.9435758924078584,0.036125040949093655,0.0329850174302874,-0.3275232897188599,-0.1662424303041379,0.7310063207721753,-1.1424397500996426,-0.0515819268393725,0.6543797628488153,-1.0670465266699236,-0.0807512758483624,-0.8458263752744279,0.984147790328317,0.37453288896787407,-0.698247524870369,1.1552477212875536,0.8325020184707874,-1.112442694654714,6.929763401817063,-0.39375650622666064,2.109185584554984,1.490206035744875,1.1552260649680024,10.665821552793611,4.0977341990223195,-3.5504472644993963,3.143153071262854,-3.8919495531724335,96.0240925919814,13.944964805306412,-124.19723881406178,10.190897965031091,94.75743237870927,-250.855144417723,0.0,0.0,0.0,0.0,0.0,0.0
445,8.9,7.620351993829083,-1.7095205616991644,0.5256285741491259,0.9421313526230856,0.029656275951553686,0.02200352919782269,-0.333203938158183,-0.1374935923609709,0.7558652978494547,-1.1868330634258895,-0.03844535165796805,0.690318393701508,-1.0256898088270785,-0.04252607482757433,-0.6047475618641209,0.7085765688588999,0.3123153892380935,-0.6432446117467013,1.1414456358799052,2.0171768144968483,1.631196726181721,-6.605560147982935,1.3035301115243958,1.5690180958610498,2.482901101510675,1.6283383590845395,11.90476857135888,-16.09907484385986,-2.7661962543893956,2.4268815232340266,0.9823131380436876,13.171790736234724,8.031635759226402,-19.292872887014873,27.29862890556387,58.438570378283,-295.4081559849558,19.924930680026204,-24.672182806804855,-40.99804213991421,0.0,0.0,0.0
446,8.92,7.634864879013516,-1.7222939634358498,0.525975468477838,0.9422455584305451,0.01621700085099228,0.016518730555281927,-0.3341219059597144,-0.07461180546285759,0.7247177758477004,-1.109966867920268,-0.014327990379717645,0.7209314821736788,-0.9827421724631324,-0.01179924981651677,-0.5503254243307547,0.6572221236604485,0.2959282410372722,-0.577205320218298,0.9280899059882551,3.591736504465159,-3.0805588797968997,7.124854284924297,1.3022537630086957,1.3185145478053366,2.111323447924321,1.7639714261359016,-1.0230003535785217,3.661628368216086,0.8619132560454472,2.6605065188920047,-6.08268883179142,0.0,0.0,0.0,-2.0477759592224496,67.78468458573185,-100.88057346388484,-40.113502699113646,-150.51999423488414,-289.429356323338,-89.3336435911632,-89.78628985314484,-328.6238962571069
447,8.94,7.647609489576027,-1.7354953524228653,0.527559492099911,0.9419558782147622,-0.002234686368774613,0.018185063598325554,-0.335236383967217,0.0012537922791641086,0.679870339381955,-0.9500830113040072,0.028009203050573042,0.7330528367539496,-0.9336118784143681,0.027709069153345638,-0.5830284919355521,0.7768159356496632,0.3346359991539603,-0.55884166751894,0.930540441664947,3.128787444659932,-0.5782057747943061,5.564400005356851,2.3653959086043446,0.33276677132366356,2.5735767782146453,1.8971636809982213,-1.198804022095997,5.958941940108611,2.0685444542716014,0.536030668342827,1.9046497288209583,135.33464354085314,15.90786537417936,-208.03896082923373,66.89700277754316,-8.10589094301555,-118.06296078003419,-13.431368214627026,-2.1936004920216274,-123.95761783915142,-36.755058892827655,19.76064104821898,-142.36164707052362
448,8.96,7.660823522926643,-1.748876047697602,0.5298906728717768,0.941284401225333,-0.017877681373056377,0.02031513257728172,-0.3365283939089811,0.04304539093765143,0.7138082318104971,-0.9178669016007491,0.0645691736746485,0.7333701620186334,-0.8700532931036075,0.0626424695414234,-0.5705855685246335,0.8373376252022646,0.37331695758983613,-0.5434117958129584,0.9716046567648371,1.5866634793308345,2.3851171786324645,0.04348364613441569,1.4674508171364897,0.0712542926382837,3.2059428810357447,1.6338319340963305,1.7412681556243195,0.9657427276305142,1.7946205782666087,0.9616452321718918,1.7047274040834919,42.802432172215084,90.22564467396185,-130.41542287009958,-10.479808771149154,62.30031275421866,-201.579335111109,59.899276579527466,-17.480440462768573,-78.18837629915988,26.393536785491268,6.163146971431233,-34.17521122755118
449,8.98,7.675126165702475,-1.7621316273056438,0.5316299303748838,0.9406047699652632,-0.02547580602081063,0.023459041506010324,-0.33773262116325786,0.0643555033097424,0.779591325202301,-1.0209719726185125,0.08460966050282485,0.7540791828303558,-0.8423635199849084,0.07962340094324372,-0.508440182089874,0.802040430856093,0.3874232289038264,-0.5008279854498985,0.9537671159192588,0.652320406122805,3.189677127588996,-7.2291066015863805,0.6652693792236662,1.4219663337748545,0.4434616471458548,0.3995267275862035,3.497231671781713,-2.8663152845630093,0.08152453971004314,2.669590841374639,-2.308491250655798,7.5402159421896915,6.621331440880624,-12.549985267392525,41.87804107662265,13.077187815355902,-82.1265858650662,-38.00722902207939,-0.3266997886424996,-135.17909227445,24.364001309093574,37.92493213935965,-56.47834856662399
450,9.0,7.68997032786248,-1.7747512149440077,0.5313723291012015,0.94054004431356,-0.021449557068788264,0.026127187185070715,-0.33799661482623905,0.037987393911464114,0.8212142809626457,-1.1550182919027285,0.07835072739394291,0.8046684280247112,-0.8959783706413949,0.07420135298410897,-0.4553950209683244,0.7563816098603292,0.37970503466925687,-0.45003709321346164,0.9105864767630301,-2.2507086417297355,1.2388140758362265,-4.640889018417859,-0.8085001818579238,2.8458038542177397,-4.024161119014078,-0.625062496718557,2.1660540588513637,-1.7941163536240694,-0.5959373932562902,2.303173254916433,-1.8154169811170646,0.0,0.0,0.0,12.717547585087878,12.884929898806377,-22.636902820021174,-17.150604629357975,-25.72526224908229,-97.45000257743958,3.898587183938016,-25.858068445314725,-33.055801151784586
451,9.02,7.705295791306453,-1.7856610288658576,0.5288400956721372,0.9400969538437107,-0.002717466353390336,0.025328437475702386,-0.3399541189711257,-0.034669502222874335,0.8378671688212305,-1.17349876025867,0.04395756801638299,0.8473066932880877,-0.9415644264612615,0.01579832137488946,-0.4338829017113272,0.7961080988588431,0.3380892088705751,-0.41461706030913437,0.8847807122437672,-4.091284727771735,0.5824589868788257,0.9506283520659351,-2.142592242076376,1.6079407340598497,-1.4152980832340512,-4.17186146682284,0.7108887512796157,3.4541185375209142,-2.714862541893639,1.3628363559245913,-0.7982985311459245,0.0,0.0,0.0,4.955531995832233,-13.992013172209798,-19.920213100155998,-21.600128079884893,3.8226662555630875,-27.463434356217974,-29.30857286992851,19.533238768203468,-59.16615953424332
452,9.040000000000001,7.720970725987112,-1.7941007659574717,0.5247650714833099,0.9388470393690962,0.021716119275263186,0.020367832558586475,-0.3430448924388341,-0.163316851546372,0.8458140599470396,-1.316122720782037,-0.012553056105361698,0.8439937024245461,-0.8997644764840818,-0.07476521191795671,-0.4108577476618444,0.8352216223582072,0.28249078405493183,-0.4254440250961029,1.023026895895777,-7.045424950528041,0.002550370276038605,-8.482701691343106,-2.6514861532970717,0.33749619946825093,1.764800454643078,-4.265342798883753,1.4579145549556194,0.6837894764333334,-2.4948696323295496,-1.2987094858055561,8.165395487114553,0.0,0.0,0.0,-39.957619416923244,114.53251626352122,-526.2363141758576,0.0,0.0,0.0,0.0,0.0,0.0
453,9.06,7.736671586270906,-1.8013135817164743,0.5201000156225745,0.9378041699579038,0.03945688705762185,0.013157336733976989,-0.34466415154953123,-0.2873966758066656,0.8217828661512023,-1.243481696219033,-0.06022528599529173,0.8939724220391811,-0.917229661969029,-0.15833330624685993,-0.3789727818818843,0.8938909357886363,0.2425760361822705,-0.4683731284337175,1.1062076889178647,-5.4128804666804085,-1.721858878503233,7.866389914765663,-1.977132696523249,2.93180647451199,-1.5630250145170526,-3.781990897441449,1.6834964880648282,3.1044045243438076,-1.4270207357439038,-2.6377263215709825,1.2443901072878412,0.0,0.0,0.0,-37.03665782303241,49.616331594894,-253.54474556539466,0.0,0.0,0.0,0.0,0.0,0.0
454,9.08,7.7511219798064985,-1.8082763235469899,0.5150713246932868,0.9371528214186736,0.04584075479487924,0.008720053852946837,-0.3457848683324034,-0.3570299967629976,0.7831277393414356,-1.2050653562037636,-0.08281168902647609,0.9294335383316596,-0.9235168664501772,-0.20123626699048605,-0.3210166982181678,0.7153993849022507,0.24734135116420666,-0.5641053840507888,1.1599029657282252,-2.2442408321603446,-1.2278094502789556,-0.5599947095606101,-0.7610719635738974,1.0722942187257145,0.5338899903859513,-1.1205855320353086,1.7603153592779897,-4.849135203023854,1.174715876683479,-5.9193898336955835,2.3528985032243406,97.9207774556216,123.49705193172298,-197.0779840601476,-82.14198699971588,58.26500882458776,-312.1880837883202,-221.1123508841,-231.73379010354785,-530.8385182256783,0.0,0.0,0.0
455,9.1,7.763469330693598,-1.8165831796758118,0.5120878411803051,0.9372489122523026,0.043783418137369245,0.010156598471222555,-0.34575183627217143,-0.36104320482754326,0.7854735698320081,-1.190180248835753,-0.08201065006416076,0.9474172417535234,-0.910149441070324,-0.2034189559176477,-0.33300713602263693,0.7534234236674127,0.3140112636278681,-0.6878591507070184,1.1599013119989954,0.3765254344699753,1.3731278245726362,-0.11984946648126649,0.4828403138121233,0.7430225806447279,0.825996255487882,0.32719720973483707,-1.0861812144294734,3.8515588980270894,4.343448956880835,-6.070745257606264,2.14305462416364,156.1598825489443,50.42585567935919,-291.4349152681788,-8.267868713694508,46.25527614720953,-207.336545610844,-52.27560921849806,-101.78865327536181,-295.6782525292164,33.815670620451684,-0.8219968488916211,-42.28966436539001
456,9.120000000000001,7.775423893967388,-1.8262386458602857,0.5104292396786306,0.9375667624883408,0.034170782620150664,0.01493948780522701,-0.34580013764655315,-0.34475367456416967,0.8355312603859356,-1.2207103880467454,-0.06156519466243747,0.9607572311192044,-0.889857169335081,-0.18648762839769015,-0.343106365170742,0.8265678126723328,0.3916148388777174,-0.7658344147698186,1.175122735978257,1.0507801179492664,2.7390588252123846,-1.8810707502146324,1.2838678911632289,0.5049761886891058,1.2399271216090058,1.095535018122308,0.1320232534814807,2.7984652069708607,3.3657361060010684,-2.546838418404305,-1.036569702786608,63.856673656620046,-4.853358599912344,-194.3607566293881,17.7133638392231,37.31546614921708,-108.22553033032403,26.53682360437468,-2.804442843489863,-64.63190568324127,29.31469183168147,8.208012013927322,-38.06952735431001
457,9.14,7.788004475480778,-1.8367211180530367,0.508863848579907,0.9376350656342369,0.02145152494748138,0.023152030240906434,-0.346185353916413,-0.32009266353733173,0.8888785633429442,-1.2614904200885084,-0.03176533233942708,1.0004642211803099,-0.9611899140328302,-0.15950898463061677,-0.33148952551637484,0.8481734869642925,0.4223884440964081,-0.736730683909691,1.0878929584367538,1.3346600267347057,2.4615832262461725,-1.9138378846861315,1.5727511354142212,2.410889788272879,-6.620467870789306,1.4448600993412697,0.8124594427329509,0.046839728647243506,0.9439205633825154,3.1831894417245,-4.790494777536958,24.260385208415183,-15.770622997261379,-133.05624605764626,47.165931995932006,38.37696289575623,-76.04559543171325,26.29351583513706,21.58367490599343,-42.529058283422664,-24.395795543557398,-6.354137257742887,-150.08774496559434
458,9.16,7.800457665112004,-1.8470918095892208,0.5069675337609929,0.9375426694977664,0.010859693836932681,0.033710418650222514,-0.3460627365019197,-0.2974092618651812,0.929459443021831,-1.2934866651501238,-0.00712695780103673,1.044656434021013,-1.2783093220717723,-0.13017557878673375,-0.3337679306642175,0.8553210926357352,0.44126163292067466,-0.6900094509115189,1.027376381538255,1.0185731803095572,1.835447319420588,-1.4515407870404364,0.5924372708790381,1.20363060814342,-16.819040871340093,1.4579144649099416,-0.6258510594684182,0.513556490024471,1.0148197996181774,1.6572732625324442,-1.849678742521926,16.447503829776824,18.776971946498275,-186.84231132190627,0.0,0.0,0.0,13.407227769944862,7.604580186782397,-19.26787259330138,-97.54245400425833,-79.86480707838686,-270.8910711814416
459,9.18,7.812622079731793,-1.856146374043753,0.5064760477801387,0.9375355491058945,0.0031078112140595754,0.042577757789006326,-0.3452601486036687,-0.28085041995511956,0.9565014386027206,-1.3070900543763493,-0.0221705465281445,1.0207900118925062,-1.493931624012107,-0.11964949059407196,-0.38103226807030033,1.0504865246971602,0.4573086136426573,-0.6575719756251703,0.9993195283441189,0.619241430752939,1.2598237309105715,-0.410968135366126,-1.6781496517043926,-2.612059161558264,-5.4437130920211025,0.051233434595432614,-3.0142234253813904,10.908304584426782,0.5627171291706234,1.7931617088657281,-1.4793714538559752,42.75591208658604,17.146378461730702,-329.2775576874202,0.0,0.0,0.0,0.0,0.0,0.0,-87.01278157584531,-43.25379021972707,-240.88963275105385
460,9.200000000000001,7.824878002929062,-1.8644278850761933,0.507684389800072,0.9379339202623795,-0.0033556679582829193,0.049232022307987525,-0.34328546239720675,-0.27107288468786694,0.9860618913437658,-1.3183203196348152,-0.061870875809067985,0.9365918202467323,-1.442153665249668,-0.11927770161688936,-0.4690177558082204,1.2252131497105334,0.46740508076197934,-0.6110108768284608,0.9547519267895096,0.405230808364019,1.4210853307375892,-0.4526054376765877,-1.757642312176211,-4.802695271635442,5.130828127492329,0.01418781489782188,-5.023025836627651,5.3075678436588865,0.43956777141079656,2.535152197363731,-2.5574738481096646,-14.308722127906535,8.228339987193479,-226.52521850390323,0.0,0.0,0.0,0.0,0.0,0.0,-85.0412908990711,-69.38502264609478,-235.84628518071347
461,9.22,7.83704302322937,-1.8721282034937092,0.5094057534644356,0.9383821117228831,-0.006148805434917715,0.0535814749538549,-0.3413652444699012,-0.2692389501309799,1.0069720707427916,-1.3168006221941702,-0.07669305833367347,0.8292841164499821,-1.3907744878635373,-0.13689518408241463,-0.6092089340933527,1.30113780436413,0.46914776054340224,-0.5655999165502323,0.909677684175138,-0.08662663277224292,0.8305852216748204,0.4309475701630505,-0.10447736110370465,-5.554884704130892,0.7596519523136083,-1.3987134595289796,-7.983000084663457,1.9934117838913705,-0.12321233293802206,2.0861543763438846,-1.9516219754407387,-13.351104342625556,0.10748924570541259,-212.55034715365798,0.0,0.0,0.0,0.0,0.0,0.0,-111.22996767043715,-34.60346918782745,-205.45557075903645
462,9.24,7.848933203332605,-1.8799114794711658,0.5110963097837488,0.938710544819132,-0.008597427045134123,0.056091604176731515,-0.3400034253275291,-0.26634404747322565,1.020777312419097,-1.299641476793606,-0.04976572939313392,0.7166214235726907,-1.3592059529708291,-0.17429417329288496,-0.7968141051912827,1.3300643329351707,0.4704335361025912,-0.5230261373804648,0.8738820069051192,0.2281497886722193,0.727364232645696,1.0016837768380946,2.127214563247113,-5.534336330219487,1.4969352191974419,-2.178241585495236,-9.973503142978233,0.6553850696510167,0.13144442051702884,2.134304405884066,-1.642508755080185,13.387093882990513,10.780583224214462,-260.92505189609506,0.0,0.0,0.0,0.0,0.0,0.0,-87.40949811364585,-50.27491083463819,-197.729699758585
463,9.26,7.860951454261956,-1.8882857989810817,0.5124467106460752,0.9387633116029493,-0.010809673381637849,0.05677253761125817,-0.339681431230534,-0.26277048712453155,1.038105451038922,-1.2782668798672185,-0.0045739352647780115,0.6013190190971703,-1.223248358188327,-0.2364298091494171,-1.0014291588829232,1.321830464348176,0.4709124900631319,-0.4813010807551471,0.8464919126611529,0.09278567873856898,0.9159204753501364,1.1416176670178617,2.4060822813175955,-5.6197621897023,7.197451608542336,-3.5672863581936567,-10.112541643106445,-1.0324829732399143,-0.0971214549863433,2.0436910110729416,-1.1772641453595347,32.973797439018824,7.139863271080209,-241.8554729116608,0.0,0.0,0.0,0.0,0.0,0.0,-74.88640718894582,-35.48388625875174,-174.78505594266508
464,9.28,7.873483894283105,-1.8974682485186074,0.5134479229274658,0.9384400124049379,-0.011011785569528535,0.05518089313909819,-0.340828626626874,-0.26181593354794347,1.0542948495806685,-1.247747559599241,0.02660988317681548,0.5140507884816645,-0.987070101536283,-0.30701369180470617,-1.1797963338584547,1.2994827967493308,0.4666097450680114,-0.44242057657618267,0.8321672231001813,-0.031011067172171884,0.7323305299602682,1.8130164736205878,0.4027842275120487,-0.875625790353773,6.973350216501652,-3.0149471193778563,-7.839630218954646,-1.1546490706141053,-0.29074526550704183,1.9840864185353164,-0.5209615354572321,43.731848380864065,8.034100058054253,-232.21905612388966,309.2182447255384,312.8646136062829,-622.2159557484739,0.0,0.0,0.0,-53.684513047518465,-18.83497706916433,-125.1222824859456
465,9.3,7.887730197315924,-1.9068733616466016,0.5152756329769758,0.9383572615145385,-0.006189057273882726,0.04872854084664937,-0.34215913642624246,-0.2745943064449443,1.066080927564498,-1.200624821581365,0.011570155472219179,0.5719938553818831,-0.98546118102675,-0.314072543152023,-1.2451805167126864,1.2961752809761589,0.45030788309336733,-0.4037903822695929,0.835058701731009,-0.9935009443294237,0.35913729647495607,2.782429482722407,-1.2330189769381383,3.8065839226167317,-2.007081128246038,1.61275283804643,-0.3757286107447322,0.23727883993851312,-1.1791893606491937,1.9118709442875077,0.44395255564293945,61.23243339847094,27.821867041481973,-113.6628283884972,-7.191173608500737,81.94925268399403,-213.16273024042647,0.0,0.0,0.0,-39.98607442575317,20.497853850546406,-65.9611112531721
466,9.32,7.902278647751032,-1.9161253723602034,0.5170014852456742,0.9375994480229968,0.0042089919939375395,0.03821079882799824,-0.3455857264215233,-0.2821192898337048,1.093910182423469,-1.2821503181060447,-0.015858609272750183,0.6440084706380657,-1.0321856814175396,-0.19008006452205967,-1.130668248393171,1.0310702911513083,0.39769305280767275,-0.3952708483927475,1.0688858199285982,0.8840488002205923,0.9420829660711697,-9.108704563738302,-1.3278523527878594,3.134058014329653,-1.8629506714459685,6.634252195773302,8.017868997041349,-14.601707670741376,-3.5758077452812405,-0.0889267871949426,13.22539886996287,31.09214618839816,11.24949921786171,-41.35214584400033,-58.627206097730145,-30.726938368231373,-108.12394837053633,0.0,0.0,0.0,0.0,0.0,0.0
467,9.34,7.915271893212179,-1.9266245004142788,0.5183403744557306,0.9361380082288874,0.00861627727184814,0.027314728006307736,-0.3504643989753698,-0.1342434777704776,0.9964515871974153,-1.1821362379780205,-0.026152260911580412,0.6850037067429916,-1.0319339479233378,-0.05684171908320959,-0.9259970006014915,1.0063703128293708,0.3529746788364118,-0.39727932827172363,1.1955671768278449,9.491422831869524,-7.5040948776049365,9.12813247245855,-0.13679799516154273,1.4398261647200488,1.103124438247154,6.019505629711232,11.22165951536246,5.2154656641648725,-1.5269893940534758,-0.1659818304490458,1.7631995931199111,0.0,0.0,0.0,-25.674064141501134,-1.7283089771795854,-48.426080033454525,0.0,0.0,0.0,0.0,0.0,0.0
468,9.36,7.927237981759635,-1.9368181412549437,0.5197381988513303,0.9338023364222308,0.006013909376587282,0.01688873160522685,-0.3573398944018977,0.011127314982741821,0.8336035703759639,-0.9113896994339572,-0.017502872018850896,0.678485205876618,-0.9566271716085444,0.027107906100758646,-0.6678779460519548,0.9074489128869739,0.31721178042797804,-0.4209620698786675,1.0890255320054156,4.319329155500362,-6.644682904511761,12.671902814986169,0.6024664828183138,-0.4515255570870548,4.260081351863685,2.68175931358023,13.356484832645224,-7.534185035002296,-1.9646436308241748,-1.8110807123974342,-6.911305678188606,163.2449304722501,-21.43491976833986,-206.46469043221504,62.38772633651122,61.45812247285897,-309.45789291049635,0.0,0.0,0.0,0.0,0.0,0.0
469,9.38,7.9394250595406595,-1.9457227283513323,0.522339464830603,0.93142655865163,0.007139156873170197,0.004819639591374936,-0.36382738950184923,0.02673980005078553,0.7934619626675323,-0.7577469264400752,-0.021508508543517633,0.6909393136665174,-0.9016102685007205,0.03084831485760741,-0.47842867903054254,0.7057533274574385,0.28613934408682395,-0.47616755918945175,1.0635375213949552,-0.5358591260884676,-0.17633597800907985,4.419668141606682,-0.9017882517191209,1.022893453592439,1.8193111464851546,-0.9396737548433354,3.693541841653736,-3.7917041202549457,-1.175651069072933,-3.3596371088293004,2.0297063022812805,141.7709715443062,100.67155336771994,-217.4390175002845,26.72165431583638,71.32735262700352,-281.801643657246,-129.39755486582328,-429.7888193295889,-888.92841323557,6.4355325953288345,4.529622463646539,-9.837937256642194
470,9.4,7.950268461875738,-1.954359742880883,0.5269003342862233,0.9302012625698934,0.017304810834885977,-0.005092053150850144,-0.3666063633245518,0.004116801751646498,0.8496600710136613,-0.9086527653227445,-0.04540626668196965,0.7107113875298506,-0.8752509708406926,0.003325734052036502,-0.4658685913725339,0.7340813141112157,0.2668321846178772,-0.5710275523341959,1.163711182845266,-1.549814074875399,3.489781926345594,-16.711256241033457,-1.1990725449373005,0.8073931435168706,1.3467467668318094,-1.4210879274631611,0.04467737588857888,2.7485475042004763,-0.7963811641501838,-5.323829210718352,4.707266253685441,11.198156232445639,12.103024787720067,-20.624360064605344,10.283775793681118,-15.870449422789935,-213.7605290827352,-18.487224984209178,-96.88174754236115,-263.87586975035106,0.0,0.0,0.0
471,9.42,7.9603498242133375,-1.9636206420035316,0.529798521288088,0.9293650986500465,0.022690505853454678,-0.01311960264306729,-0.3682302681499589,-0.013777651184884703,0.8829470741738819,-1.2685911356301627,-0.05443356053076941,0.7448990496821157,-0.8723959415433644,-0.0065582015919384345,-0.46531964554330746,0.8582943778136422,0.2645221741888046,-0.6656181863396899,1.181492684523008,-0.16462350846367868,0.13646150064045615,-13.606041330599247,0.09382431513519163,2.1593429078720443,-0.4762092362493722,-0.00030453564323140725,0.5333191931514372,6.5028589840421,0.20958815395770458,-4.271153121451763,-1.0049098746072302,0.0,0.0,0.0,30.361984528729398,-23.860859537022176,-48.30309536936408,0.0,0.0,0.0,0.0,0.0,0.0
472,9.44,7.9697901998284175,-1.9748145889713848,0.5313607605640022,0.9285050539712155,0.01998882339331803,-0.019821809491404267,-0.37025114119708874,0.013373749051238951,0.8516319470915045,-1.1817822384433168,-0.01848327957685601,0.7997415574168665,-0.9330850439175838,0.007298348886261235,-0.4298207015724932,0.8883748785663479,0.27552077218945503,-0.6997849942876678,1.159630096181606,1.8092514412192546,-2.202130242161349,10.738318380899143,2.8673456144481753,2.8088428308233095,-3.8005930308057825,1.0260500057342505,2.390693303607192,-0.9654907748271659,0.7221689401870826,-0.16498954867950033,0.11819102020775907,0.0,0.0,0.0,17.767047558163743,-3.757144651596363,-22.70859205314734,0.0,0.0,0.0,32.05029493023964,24.191525039363707,-50.22383435850211
473,9.46,7.979508336812693,-1.986170566859495,0.5324605159141483,0.9274693694687702,0.01650023276842847,-0.025172951348549695,-0.3726857034233967,0.005289890946732382,0.7974895442264945,-1.0208631518199265,0.040046980034695964,0.8202751203347443,-0.9310751998804293,0.014777770588637785,-0.3658352392703346,0.7457407951939113,0.2794580944905865,-0.6716367354137835,1.16113445798632,-1.7060860305772683,-2.8575115844028387,4.6736759553606735,2.7872130152135814,-0.02097194250336809,1.7437616355804084,0.031794940457143955,3.1203082312794366,-4.913403943958769,-0.03929711337158728,2.0299139679652427,-0.26876937109099774,0.0,0.0,0.0,16.395521632241966,-10.95927364161075,-24.662335916080433,-20.78014587312988,-38.3603078179291,-146.20671587594094,-0.8224312793217683,-0.9882507780428789,-92.57153171233793
474,9.48,7.989731299191182,-1.9970904081521061,0.5333894129276466,0.926960189164958,0.013600274914981201,-0.024818521700479393,-0.3740907392680336,-0.043228555795773574,0.7435393469276581,-1.0726796505277767,0.06967056725113299,0.7995713157350284,-0.869130707101046,0.021492568372975956,-0.33951196851642795,0.7279584059489181,0.28096347270690186,-0.619042999380367,1.1261450444666776,-2.614201188362082,-2.7009234130474624,-4.948973673487846,0.883342869392763,-1.071474945743534,3.348034461422893,0.5570394356686168,0.6243747021471987,0.5607810996322836,0.28684519491770877,2.481853300926962,-1.9950241731077718,0.0,0.0,0.0,64.56118632729742,39.0816313466637,-153.14491310651675,-18.593308965077266,-45.05787341681876,-146.0368243853958,-59.068589180627775,-76.72638884797384,-274.3142356243316
475,9.5,8.001195288249582,-2.0082799949384844,0.5340565992398217,0.9267184201942784,0.010441230661517788,-0.01811333386963282,-0.37517443611075035,-0.10143797062248601,0.6889832512943754,-1.045604638543355,0.08299123311761819,0.8163605409049394,-0.8590646001224739,0.030556342492529875,-0.3254266233419703,0.7373730776305553,0.2867452058002619,-0.5763003004966432,1.0861387005737253,-3.0186794058390443,-2.603343998726315,3.686614437098725,0.6931199476505737,1.6975631822786819,-1.115587660306801,0.3941726613893215,0.8427069738926024,0.09100153437755093,0.3125207789128327,1.9930356829079219,-2.0762648520083657,0.0,0.0,0.0,45.17896140888806,49.26492486397066,-83.64192282556918,-10.209088009701485,18.670283797410203,-26.993902057189068,-54.57399737469822,-51.418374915052055,-280.995043381438
476,9.52,8.013668000317445,-2.019235925343486,0.5333686119510578,0.926724982104076,0.009873727061967008,-0.0070261969632783895,-0.3755448703075806,-0.1694313260278086,0.6312671646399524,-0.9264909342451427,0.08979119580579273,0.8685699823630356,-0.9591476487797576,0.032918191366122077,-0.31170482206665734,0.7244771697274203,0.2898682659706204,-0.5409136736790752,1.0411921318373325,-2.2337088605952515,-2.2888395251665936,4.177784320413909,0.22378807190494887,2.6324800353104783,-6.709849256570218,0.08671405489379452,0.542214457252891,-1.0174564453914605,0.16282510515886017,1.737819545482127,-2.537227836669131,5.437716686894546,212.3497725364684,-265.5818368242343,18.907455790685887,26.068362249965368,-40.28072920680449,1.8365946354261429,12.519675208228037,-15.820962911208863,-8.27311887900448,-38.927420266419325,-158.94643451313013
477,9.540000000000001,8.026472603764628,-2.030364750950753,0.5316537996282887,0.9260748398736128,0.014800772266700705,0.004619742036414381,-0.37702120109734766,-0.18529569624009268,0.6766510350879976,-0.9747663954011043,0.07881591005467871,0.8969394943526469,-1.0367196346492171,0.010882512089192987,-0.29696627684055815,0.705539022345417,0.27944905798902986,-0.5041350970571515,0.9824163369215235,-0.6941455733133857,3.8022849915597186,-5.145355022803267,-1.067725548337087,0.5870985515579895,-1.8733264132166458,-1.7587861631400183,0.7498050526157777,-0.7847275759900165,-0.8717891492436338,1.8133958309649856,-3.0475843492109562,33.19358623879121,64.7325435936096,-206.96402066773857,-2.102864011802875,2.061140083218828,-3.6846322252608044,-8.100875145431397,7.574248391956505,-13.873179936610613,-31.943257394093248,-28.363408405042506,-153.7697803164565
478,9.56,8.039317794997325,-2.0407491920003933,0.5288775817931982,0.9257075150446662,0.022449473784680304,0.016255255899408665,-0.37722325534391804,-0.20067059817949975,0.7503872973494372,-1.0906883900825568,0.05167914027647926,0.9004341330485975,-1.207025312085487,-0.032990085093988035,-0.33363613292339156,0.8404037866705203,0.26463721504997184,-0.4659332777831675,0.9146596859738685,-0.7657073481938679,3.1707842417020835,-5.361488042508112,-1.6517335893830674,-0.39398059402135993,-9.152157126295718,-2.2405218721507376,-3.0694560098930275,7.965288064495851,-0.5687002080073166,1.8425673980238808,-3.364432320075224,-39.599969216609566,-24.354778280637206,-124.14081199301245,0.0,0.0,0.0,0.0,0.0,0.0,-67.51698793983954,-97.21998038711416,-212.07250758672058
479,9.58,8.052231415408523,-2.0499622359683585,0.5257543755858396,0.9256769494589104,0.030699436786472478,0.02798342768173123,-0.3760274692048717,-0.21782948310609174,0.7884599630838712,-1.1607426896896085,0.003874629973933775,0.8696797105411992,-1.3989564695209984,-0.11046523178712923,-0.437109404418949,1.221633273547979,0.2504414879170023,-0.43038355760184427,0.8474150826437499,-0.8566851149374158,1.2448844206300895,-2.423921099741102,-2.792818797119376,-2.3068412724708582,-7.270394721570836,-4.506007783683206,-5.771288982971739,18.322348926195673,-0.7358909279480164,1.742292187702283,-3.3048336478254186,-11.852717928181784,-48.681181875004796,-158.9637827928458,0.0,0.0,0.0,0.0,0.0,0.0,-96.2482735471652,-82.84165268749504,-250.85146953636206
480,9.6,8.065102802215721,-2.058929946223028,0.5228222244068647,0.925953205959438,0.036986409209646895,0.038947170679348664,-0.37379912226126083,-0.23217438339140473,0.8152481125912293,-1.2032738029902077,-0.06412699536552774,0.7937788703131505,-1.2594063896708623,-0.1948987689728908,-0.5579808460661771,1.4025676295084257,0.2426960437406187,-0.4003163052398702,0.7953575502989535,-0.6219824752173111,1.612189175216023,-2.2601070903228084,-3.131691331811851,-4.236713182554479,11.052058073413438,-3.8636747497630317,-6.050713092904751,2.5490297109871687,-0.18715319447575957,1.5005702002943304,-2.3498605272541866,21.539014211131928,6.789119540834448,-239.76487228439706,0.0,0.0,0.0,0.0,0.0,0.0,-24.44060313728832,-55.7600052729047,-100.64326664910043
481,9.620000000000001,8.077733817092575,-2.0675872657750216,0.5198270136014247,0.9259460323858489,0.04941517356077856,0.04304701268101664,-0.3719261222744416,-0.2620688886592478,0.8425830532902646,-1.231857221085054,-0.12241779825970636,0.7087911493614927,-1.0828193197983642,-0.29705033346398235,-0.7002959355417209,1.3430640243706768,0.21602509689691635,-0.36941240981755663,0.7837102552298654,-1.8803008736320623,1.3075328995337527,-0.9353349573558494,-2.489632882602449,-3.038925795814765,6.43019006028015,-5.612797898997609,-7.603892676950331,-4.7208496776304285,-1.8945228354616184,1.7755985100321212,0.20450329819838353,-6.281501081011207,-4.23056887580137,-329.9718600158544,86.30328158186624,141.23366748350438,-222.49012247768152,0.0,0.0,0.0,-47.68383369967711,-12.95127026296876,-61.866501758187034
482,9.64,8.089543802372809,-2.07710435925105,0.5166931305139367,0.9264590644721985,0.052708459817898054,0.043039557188343326,-0.3701932152781243,-0.2748445430230027,0.8768033756434136,-1.2436465212393215,-0.13997753087900516,0.7378216817010552,-1.0628945570646147,-0.3844625598244764,-0.8700683376161956,1.2821580990761619,0.20674253739800164,-0.3170395486767743,0.750036474426645,0.14829958176563884,1.8805455941574574,-0.30723299738583376,0.017565206639305275,2.8835950727398023,-0.9792165939312906,-3.578487478440257,-8.87317130331884,-1.6889102332528554,0.32305547348701813,2.9452195556230363,-2.0201966264687874,7.401038551552233,-32.1737357365756,-283.6927171689372,80.26504430496043,51.34434314433487,-213.64694065806628,0.0,0.0,0.0,-32.73064847485719,-21.96753765444059,-49.4301169928951
483,9.66,8.101895083124445,-2.087558523923215,0.5131603945278352,0.9267305244903229,0.05261318408134435,0.04174391690591892,-0.3696753078582143,-0.2797198044624404,0.9239645037703313,-1.259576131481933,-0.14569510046297038,0.798450869094049,-1.0965710711344288,-0.44546014099258824,-0.9756441819458342,1.1954493859874957,0.2032348324363791,-0.25696044672127655,0.6980536153550866,-0.40493003285145746,2.3513225212052373,-0.827280060937246,-0.4253745293952722,2.7321428124796006,-1.5241590199652568,-2.38021900736832,-3.0442114898969606,-4.472339754047291,-0.3766175551637704,2.6112033448174725,-2.136992285001881,40.46045526468473,28.099504539312377,-64.42207913149078,-39.18247624323058,41.457680892088106,-86.28679503846553,0.0,0.0,0.0,-78.46136246923662,-19.089407598855285,-165.69479974780302
484,9.68,8.113919811258583,-2.0986100279182534,0.5095580937625186,0.9269577376454444,0.04477595801176187,0.04084476921324233,-0.3702379924201261,-0.24273932803747206,0.9709008045287402,-1.3532661237659773,-0.13063893491783132,0.8200551153283969,-1.0760949741639205,-0.4099256241710712,-0.95772643061976,1.0123711913310796,0.20886389138933878,-0.23155433293253203,0.8166453068731288,3.544626642605822,1.5792545251108523,-6.224085788196877,1.3552142667959757,0.4500443268432897,2.2231462942008737,3.7145867553892478,2.878231939927617,-8.52033001853103,0.4912883222788085,0.6900617715630717,7.7168303870508215,14.7350880085884,3.259035353714303,-18.871173403186802,-82.48277616415422,46.55952802755079,-254.264841191026,0.0,0.0,0.0,0.0,0.0,0.0
485,9.700000000000001,8.123753960682043,-2.1103682861750594,0.5070294691315032,0.9276860855054755,0.018653549692450963,0.04383419093945822,-0.3703095131752384,-0.0828617476402895,0.9289695388709917,-1.2065988026635526,-0.0741794567267697,0.8266202854824286,-1.0214919017680328,-0.30313844720659977,-0.8878607428679877,0.9324927473505101,0.25500838111504004,-0.24270594768728523,0.8141918369629341,8.02706602574794,-3.2710207262234654,8.701081199408911,3.1505668495660117,0.2900613496274984,2.8121483577677693,3.993640193373567,1.5477391594690126,-0.4754517761482151,2.800291231896412,-1.4804995502521767,-3.5056647504467424,82.9124354511092,-45.88445697972255,-118.52605648635887,-28.420193174573242,72.51350948320733,-244.28572708666925,-102.53219747212964,-191.05427095141954,-509.1896645367149,0.0,0.0,0.0
486,9.72,8.131905749576756,-2.120737834124944,0.5097705921121356,0.9275079361798027,-0.007867912480202306,0.04848517855397817,-0.3705621563749809,0.007206156727446119,0.9090904136205941,-1.1034390219582186,-0.013760226008818151,0.8143326551204093,-0.9503052165561944,-0.2472612940675102,-0.897603813193299,0.9910544018054315,0.32361454976281506,-0.3308759657264378,1.0380197997260294,3.3992426914661658,0.60255060620344,2.7654671836796565,2.9315058194205537,-1.0466348340500098,3.922240330931206,2.464975655963615,-0.5766754679030708,3.413964538029458,3.612355160174966,-5.611884930637853,14.138289520703722,147.11668116818777,5.411083524344988,-338.29027640390035,7.913477572945457,39.364785218950956,-300.27165907005553,1.7153587430761819,-53.725167007105625,-561.9937795321218,0.0,0.0,0.0
487,9.74,8.139306597679894,-2.1308691700326468,0.5146336375599853,0.9267242388689377,-0.029686568311207053,0.05285177405227246,-0.3708201487705588,0.06072911594696389,0.9355479674268804,-1.0809766351262244,0.03641206963917284,0.8071941226758425,-0.8897404924071779,-0.20101691276161024,-0.9012865271500038,1.0533819984502726,0.38789330335446737,-0.45968947638795665,1.1298879938439115,2.2430672979020283,1.2207929143426632,0.87839547296786,2.16050751235384,-0.11844288525830178,2.61700118180073,2.198185189659634,0.347714230353903,2.4770815958842434,2.800075865344958,-6.8557752056051555,-0.8443769227275921,37.63850185358173,36.85518909713797,-154.93997278920935,20.71523418618569,17.24959189149144,-43.342471862604846,23.310750401897458,-74.92899365247875,-99.08273047255632,0.0,0.0,0.0
488,9.76,8.147726754320182,-2.1408109071949366,0.5189927762014331,0.9260656225771458,-0.03653999059442449,0.05275454564735462,-0.37186590282211046,0.07868789422643382,0.944614836461001,-1.0470954650205981,0.05749244243794879,0.8224173131721275,-0.8951770906744386,-0.18183680946996536,-0.8532378184572665,1.0399927169408232,0.40113186930230565,-0.5753323448334356,1.0033400782170199,0.12454421958065381,-0.030450630039747628,2.2880769824855887,0.4604636265490552,1.1439796847705792,-1.9615537441680795,0.25369270251212556,3.1266207867777496,-1.987632846070172,-0.5069804235025309,-5.144722596838408,-7.058120854401298,27.106427583730852,22.05131259920352,-87.23906105627613,34.587261283146574,20.69418742105584,-50.39834613498949,-37.10865943339763,-43.808230211008926,-207.31886723695578,0.0,0.0,0.0
489,9.78,8.157481896113815,-2.149923051991767,0.5224752395768785,0.9260648276488144,-0.022155950669367847,0.04577642994090567,-0.3739218732617446,0.039629773861324546,0.9500664402046645,-1.0420489018760657,0.03912749322779435,0.835577769982849,-0.9071496140016903,-0.2095829231432977,-0.7936847281273843,0.9939254225864598,0.3573465834063561,-0.6869930105783448,1.107605834227792,-2.9968991122998645,0.34529004719284845,-1.1345786421474835,-1.5624368908177304,0.3309869468730634,0.09841726286797547,-2.190029491101381,2.6902595474321402,-2.1401088637738033,-3.136025471851692,-5.490251748023833,8.89795252986024,29.1279679591103,52.44928913401975,-75.01069890306248,19.8913350397695,-3.457459365228738,-25.250894151970257,-57.69978889665581,-64.4776300755913,-286.2998972800711,0.0,0.0,0.0
490,9.8,8.168132624863166,-2.158685113599895,0.5240243373857634,0.9257608944165282,0.0014365282330944988,0.03517836705347268,-0.37646671200412307,-0.020489853996732983,0.9436837983827455,-1.0170136273787862,0.0014807358361732994,0.8469088307324748,-0.90626045225292,-0.26727117905429104,-0.7603957765327385,1.0094376377352292,0.2678869135589378,-0.777604132456529,1.2194171357875325,-2.7750205374114656,-0.6076145631612002,2.044773543932154,-1.9892841954910208,0.6974330465860027,0.17820530770212195,-3.028836582996231,1.3977841882955984,2.5260475804196973,-5.057367517427979,-3.7813131045528143,2.6089275501696756,6.442127130279751,7.18370308376506,-12.086194435198715,46.45068411528018,-7.249226192732227,-58.856559236028005,-33.46001572135698,-30.998409230486512,-57.15558506651576,0.0,0.0,0.0
491,9.82,8.179428051102049,-2.16771866904237,0.5236513819390209,0.9250201513294385,0.01973708010774452,0.025361821188738764,-0.3785563964976323,-0.08913458461095437,0.9477262435415246,-1.0783763829999424,-0.03782761090700126,0.8494504600199297,-0.8728738263601642,-0.3120107692394077,-0.7139684251934771,1.0201369169281147,0.16790548987218493,-0.831336688719389,1.2146188267736342,-3.4950070572220047,0.4037050315034486,-5.226943827638116,-1.6502625519048484,0.3508107107030971,1.8271911957009197,-1.574201391556581,2.791961035020354,-0.27599008544354897,-4.579336631106003,-1.9866100242021212,-1.3747284311155812,4.918919393117424,9.672071416746906,-13.5691383888215,19.627603254359023,35.71869895530559,-244.29638322794193,-6.380608083597483,-14.146961706155672,-19.44815575074514,0.0,0.0,0.0
492,9.84,8.190699747774017,-2.1780123316663285,0.5219871953507205,0.9245781801035294,0.02625151821569026,0.020300885009074458,-0.3795443593780103,-0.141584247848384,0.9432183296097902,-1.2071814890653896,-0.05489572240849205,0.8776936381531338,-0.8621420180261693,-0.3234722662471328,-0.6382431539621655,0.9619693941609517,0.10385698625648737,-0.8463918799286011,1.1431511139099597,-1.8381580407114662,-0.8189772344090784,-5.3271525074621975,-0.30247084734616825,1.6875194644460616,0.07368723466705651,-0.030202604877504646,3.635236413264026,-3.2578040350722612,-2.1206317511910817,-0.1602609455632104,-3.462955869066522,0.0,0.0,0.0,49.70289581496099,9.979095420052646,-94.01548380420105,-58.884011678110966,-64.1145726261049,-162.2046901170564,0.0,0.0,0.0
493,9.86,8.201173198422234,-2.190005444494075,0.5201336622046787,0.9244748895291848,0.02711791352050091,0.02217879080103571,-0.37962994960210733,-0.1498706530571406,0.8947382979071525,-1.1977375863338686,-0.050682433178924145,0.9288231743605746,-0.9234304080623716,-0.319021166615785,-0.5950017537156067,0.9272631726442652,0.09145448643218486,-0.824716575397238,1.0242558193086098,0.24588649009158908,-3.208333717060386,2.7486261665890224,0.5303440951602489,2.762277615443368,-4.751078282283717,0.33738997662044073,1.1972451061732574,-0.5208604247874138,0.3981873309445616,1.6342169267366,-5.359517404631539,0.0,0.0,0.0,36.6827707060246,25.945931385378017,-56.188121999696776,-85.10086817658288,-108.11500361359077,-340.1888792147636,0.0,0.0,0.0
494,9.88,8.210935859716786,-2.202796325592501,0.518375542501289,0.9244723265442654,0.02793687358977118,0.028081185202987746,-0.3791858325220715,-0.14821422041695886,0.817730575656049,-1.2066855517274102,-0.041598097880098855,0.9387507128018657,-0.9309770714314731,-0.3114658328369891,-0.5747763896002007,0.9226161514719367,0.12886176181434902,-0.8102763590664998,1.0879544955968268,0.04138917841183331,-3.9524004610384704,-1.3596440685669433,0.47102867741685495,-0.6984148137149737,1.5514023992643649,0.449552218843217,1.208161080089944,-0.5682924637485315,2.5150799977120633,0.3922495920329819,5.917792948437524,23.669335404261744,26.249958776110017,-44.19316815437917,-11.300015273383286,1.5167240886586315,-44.64721071066133,-51.25722590435162,-68.67027805581488,-224.8288138209409,0.0,0.0,0.0
495,9.9,8.220958677940311,-2.2159090679970186,0.5166273663071911,0.9245696514906232,0.030283197027474767,0.03395677925426885,-0.3782866963864547,-0.14487861342805403,0.7658377326926123,-1.1551206517752184,-0.037725919821906956,0.9247351151745418,-0.8860009919935643,-0.30386860585382836,-0.5420770062783659,0.8977675463896783,0.18365877560652002,-0.7985175781975766,1.1198908193408728,0.07783800457488196,-0.39620014498654266,1.7709024088495353,0.003134451633409391,0.22645225745776576,1.5279961600467642,0.30759243293448535,1.9385643832473651,-1.656081455509501,2.7471450368782784,0.7348748526122644,-0.6837459890804356,156.81219470481403,146.63943057287503,-357.664630175847,-42.12983682124343,88.97705528483321,-338.7411256462222,-43.652046924707044,-56.40825780813241,-135.78035214944646,0.0,0.0,0.0
496,9.92,8.231611587954562,-2.229666054533258,0.5150619447463471,0.9247512656069294,0.02947351070177531,0.039375050015295766,-0.3773804636723872,-0.13672855137842832,0.8111983117773339,-1.1817630731194881,-0.02910089826561664,0.9508772026273934,-0.8813181635189403,-0.2911151681777385,-0.5043777537489198,0.8692642288045377,0.2399535472682384,-0.7654436629987675,1.0132212175377349,0.5300359042108397,2.950312488723943,-2.288077791938951,0.6050201140261475,1.5196743099240246,-0.08453310785486398,0.7275653765044011,1.8144539474086867,-1.192305368727381,2.731626715921448,1.9849688120532614,-5.07520769448896,52.68626806959025,0.22501870389926104,-146.96255860415164,-9.376050345977573,41.444164328299095,-191.30451427803698,-37.32476535202493,-23.048500570790367,-95.83201837732219,11.764241150357126,-5.987223465214099,-16.504395331249995
497,9.94,8.242412975654075,-2.2434878725833967,0.5124590683872152,0.9248846518616141,0.026510214698878768,0.04541211766800183,-0.3765943823749182,-0.12477356141758617,0.8664510216409587,-1.2270719867507,-0.01609232445024068,0.9862178256773381,-0.8963183228706768,-0.2754352144093462,-0.473087803427033,0.853424909967675,0.267624805093916,-0.7141528052977233,0.9445555523665056,0.6712620242053992,2.4516108611048333,-1.9419344049632443,0.6670517509426134,1.730158873768974,-1.0747186822357089,0.8170921872308367,1.4465855444347313,-0.6258084621593286,0.869554688506161,2.2120009425734968,-2.367292749957123,19.34445186630013,-10.95321282798996,-87.83350352252839,27.07153660616443,43.35327058524888,-63.92285745128049,-9.474843114002478,-24.254013220807316,-54.211767336581616,-45.531905261751454,-80.14123664348149,-162.79195454173396
498,9.96,8.253137125414598,-2.256897133808511,0.5087652877528257,0.9247013290217568,0.02337599232318358,0.05303266928981802,-0.37625596483816476,-0.11034027821316705,0.9044127414468319,-1.2521690787348905,-0.007935729437984115,1.0318278459376171,-0.9873861784449891,-0.2603630119232281,-0.45338713176657414,0.8759450365827834,0.2826246519595208,-0.6867684927608884,0.9263519908235053,0.7320001040011764,1.6645254031366181,-0.9422705817239457,0.14959523243563305,2.1890791982598174,-6.491336500418594,0.7052566162755638,0.7614222247962183,1.5671189405621186,0.7119870537569358,0.9934130995801016,-0.25635664112293977,4.98413964496707,-6.388205617767235,-136.69096127988232,26.863767242213516,35.34332707192056,-55.515022453480036,0.0,0.0,0.0,-64.85358052192488,-49.10708264082582,-194.16015141749477
499,9.98,8.263670470877857,-2.269716189020822,0.5045321193520149,0.9244911631184975,0.022424383205635605,0.05983285955140928,-0.37581014524830786,-0.10075980772084801,0.9358522733355334,-1.2666458158630067,-0.02043293393122296,1.0587585052241473,-1.2576506946012023,-0.2470018500424686,-0.4579485206999196,0.9988641941993429,0.2927147144948786,-0.6659437200547472,0.9240592578246392,0.32461934996091446,1.6764542367868915,-0.7629512584447794,-1.4064765197151825,0.11203493197865588,-14.498540906278516,0.754260070924482,-0.6053446804444335,6.398854657552274,0.38076912486404874,1.1831675426790011,-0.19831952540269762,5.02034023612979,9.62418315989224,-242.63740681039604,0.0,0.0,0.0,0.0,0.0,0.0,-65.76381501026911,-50.81463449000527,-172.86222003836937
500,10.0,8.27407140604706,-2.282275100115836,0.5017061499894259,0.924620177852581,0.02055486726740586,0.06420423202939345,-0.3748771008330535,-0.09164023632694472,0.9675986788041342,-1.274211848974655,-0.05434562200397461,1.011953062544498,-1.4518773852682594,-0.23408206541928328,-0.49013972599659755,1.2068172474129721,0.30168207159057375,-0.6290324442106221,0.904675763677056,0.5014132908501335,1.5007501859151706,-0.09002200790856843,-1.8818884592144072,-3.7671724321649216,-5.219950570281046,0.6727921963382159,-1.9440517036636011,9.20234489275755,0.467669347973812,2.068101257976146,-1.2095056252530987,20.161399126674723,-29.987605478500157,-300.5537223391002,0.0,0.0,0.0,0.0,0.0,0.0,-91.11138030357007,-69.237637268114,-239.72349375765282
501,10.02,8.284453415773559,-2.2945651021021414,0.5007970174928645,0.9250175243862028,0.017246953905908885,0.06748787906420825,-0.37348428124728605,-0.08108330548490983,0.9964513746939512,-1.2731704864065894,-0.09339097762079568,0.8962574641797645,-1.392134912417112,-0.22051683259700233,-0.5587756430985419,1.2829818240759459,0.3124412980385215,-0.5867656967139664,0.8785285890965182,0.5130879455153978,1.301442123979321,0.24919756605628535,-1.554515056635747,-6.572644201021669,5.488417938335487,0.6194632145111848,-4.244502449058258,0.4123081205157857,0.5366964683920912,2.07916824936009,-1.2655790931250845,-11.085408251163617,-17.76721967680514,-216.2594670627248,0.0,0.0,0.0,0.0,0.0,0.0,-99.23882425447314,-73.48180842195937,-243.71546194847664
502,10.040000000000001,8.294432859803312,-2.3063142528360903,0.5005495732171082,0.9254109516721104,0.014468678032820764,0.06978898508813217,-0.37220253282543503,-0.07203067787242654,1.0163181547003888,-1.2598717721541288,-0.09987464522749764,0.7492315363288756,-1.2374817471342352,-0.22608943249214927,-0.6952958949749647,1.2999349796138762,0.3218522099172679,-0.5475265638976422,0.8565790776143218,0.3723867591777056,0.8729120543940735,0.8735936807182187,0.5129135294089188,-7.48865721568991,6.540575425798811,-0.9028479387927915,-8.180665368746677,0.6413273288810962,0.3645078124271818,1.8973496607523932,-0.9908204566867721,-3.1101072896466024,-14.489975585085297,-228.61804823085586,0.0,0.0,0.0,0.0,0.0,0.0,-103.90278748373072,-56.97839559016711,-208.00447524150016
503,10.06,8.303930949624453,-2.3181620551066446,0.5000829004026877,0.9254835711461862,0.010554511494863084,0.07095778849980888,-0.37193245902558997,-0.05926319165358727,1.032566847101544,-1.2359741939974558,-0.07495292990978103,0.638467828028687,-1.0971360875482374,-0.26233304631557874,-0.8891392914010703,1.3393609238855337,0.3323559094172356,-0.509412482266015,0.8396045052845369,0.6957998868458428,0.8732322227231932,1.3191730998734668,0.9193727755215544,-1.6816978001047955,4.599195271550762,-2.4163059212692874,-10.322042661373768,1.817027057302097,0.550027317971107,1.9497234160962724,-0.7552693693118684,29.427525686349483,-25.998656119210683,-281.5824189759062,237.795746947972,328.90984387209147,-582.7347608641636,0.0,0.0,0.0,-72.05729103967745,-47.16399200934313,-174.96274261765996
504,10.08,8.315079086400255,-2.330186702258749,0.5002113021953932,0.925636042344234,0.009973816231056755,0.06853841198513616,-0.3720227495539048,-0.057238006501183936,1.050439587708691,-1.2042104440068466,-0.0750646278874421,0.6845972574699484,-1.1003135519879683,-0.3239265226899375,-1.0647410117179437,1.3600361139750523,0.3330446349292285,-0.46635344753154223,0.8252991852720222,-0.22744592464078797,0.7448628070845948,1.8987487776174197,-0.3772462094668442,3.2136901319306945,-1.5307242743491956,-3.057036703388357,-7.5436420802569595,0.19256930191618749,-0.26557281469185023,2.2080044048412715,-0.6344593216847008,13.075657102118221,28.296293485613393,-178.62792150759236,-0.40622511717898163,82.28158104999406,-179.53073181536323,0.0,0.0,0.0,-72.66998339693872,-31.823442873690478,-185.47232361325803
505,10.1,8.327507282841117,-2.34217313916818,0.5003550141195362,0.9254019594995867,0.016855804065697887,0.062004002300336584,-0.3735004670979181,-0.06972519374065539,1.073443371179646,-1.1971289943521892,-0.09254728161981102,0.7438572490668526,-1.1291929142632977,-0.3563249317455146,-1.1350224646188565,1.2697300970833387,0.30641006784687097,-0.4417605871450276,0.8663604292213166,-0.7403905714700759,1.214100872810013,-0.8496703087118574,-1.111951367194758,2.5680269977458003,-0.9437110999025191,-0.5348809827511914,-1.1046792243517278,-5.366806008408687,-1.96744099526181,0.8554849447890274,2.8671412417127504,63.4981486434119,41.515964600937814,-94.84178080434893,-43.83545766420064,-8.405203721791398,-89.33874004184894,0.0,0.0,0.0,-16.132808242374033,11.777872882465795,-25.032736396493327
506,10.120000000000001,8.339831317411708,-2.354317890585954,0.49969907245296663,0.9248829073386531,0.0238969294793778,0.052436107969616674,-0.37586034514864186,-0.056259731796539314,1.077279844438506,-1.3320967429249861,-0.10870931405951358,0.7769815419068059,-1.1148340745091423,-0.29737700330237443,-1.0684747011729696,1.1049086464883995,0.26401730295807607,-0.4465001984514883,1.1095116671634004,1.858168960278387,-1.2333603752812148,-10.303542405872857,-0.6152391574878711,1.2407573171461534,1.5637784347736412,4.112387760125177,5.4000477131827935,-6.877399248586068,-2.3658347930486583,-0.5137007845725861,12.733320222718126,0.0,0.0,0.0,-40.38275489424311,-25.020613479262458,-142.25988670159015,0.0,0.0,0.0,0.0,0.0,0.0
507,10.14,8.350992193434786,-2.3675772345016446,0.49899553276569547,0.9243130290371288,0.02371346617360777,0.04154025553876834,-0.3786258087399942,0.039421812902764405,0.9733138500766523,-1.2590039813319986,-0.10858646794869144,0.801801759224921,-1.0746138492265798,-0.17803624607955773,-0.8967656457050887,1.0276548190053587,0.23755941120266477,-0.4708921920162991,1.3080712079369365,5.287338700201031,-6.867984724233101,8.168655653316868,0.28497362645258656,1.3430872610010598,2.0685547119925145,5.732478274508416,9.559211428558795,-1.6050563640414375,-0.8756877358632471,-1.5710182868857219,6.017324184708858,0.0,0.0,0.0,2.403386537576172,23.863874067799802,-164.09086551553867,-10.14390250630899,-49.26995467148864,-62.9142812494497,0.0,0.0,0.0
508,10.16,8.361798668334254,-2.379797414685947,0.5000740949817839,0.9237806133598937,0.020343522657439148,0.030610006093346066,-0.3811542299296574,0.09942352401724099,0.8094839493981643,-0.9970264186818875,-0.10284847185235257,0.8137973071919627,-1.0150769478501966,-0.13708800943500368,-0.7541389923023566,0.9429680898209215,0.21659638402734713,-0.5146636387273863,1.2042955394826331,1.3305106434027594,-8.336729572202755,12.556609858777072,0.16568623822818124,0.406277795231017,3.2085629295426483,0.5910701393347587,3.6313588759879822,-1.6768718643014102,-0.9136764433080735,-2.671749783482922,-8.735742625702546,37.31450381531734,24.84511602930527,-56.04371496646856,12.308872437256866,59.824258921965615,-316.46587679461544,-153.9861944983952,-255.96336846192037,-632.1645348641497,0.0,0.0,0.0
509,10.18,8.371944731410732,-2.39084921675394,0.5037009020433367,0.9235977473946746,0.02719543837275785,0.02021301310235256,-0.38186259733118716,0.0892552135898142,0.7526514902578277,-0.8662812784516645,-0.119932503337387,0.8276342880070379,-0.9673304239322971,-0.1532771982270573,-0.725319648126744,0.9614131760420107,0.21182890858853104,-0.6289824711798118,1.4088523572991758,-1.0058442631335387,0.2718950166625591,2.174602289734491,-1.2451898233113172,0.7850462448717901,1.9630769447447696,-1.2629117282173055,1.356840482384337,1.002586894662795,0.11467404073566659,-7.037284791669428,15.464285279946157,135.91253898126962,138.26449914026682,-242.4158170578796,10.413757517340281,28.166963198282463,-287.79907414004384,1.378868082068805,-116.57181806633699,-482.2003131938592,0.0,0.0,0.0
510,10.200000000000001,8.382749120443208,-2.4015535221296624,0.5074040944200273,0.9232055664503783,0.03846680676381213,0.00936186155006201,-0.382261876729486,0.060817562532664085,0.7929732288107866,-0.9523970284304172,-0.14832003755629444,0.8460634248241432,-0.9316127954276444,-0.18501066974002103,-0.699654835970072,1.0651643560639767,0.18796595876348676,-0.7816150308108191,1.3958603513005658,-1.8577475591052521,2.326530271140969,-9.037420590718583,-1.4827195090491005,0.875985666227322,1.9052128781654114,-1.701287772449971,1.91586318246864,6.567125822521193,-1.8509777712767463,-7.909837618460612,-7.576563354320687,23.766027037396363,31.685049054654613,-49.539173531046345,0.1785771539919857,-21.219324867621793,-177.81205832591203,-5.49454286543515,-5.668742839486001,-9.881372038265985,0.0,0.0,0.0
511,10.22,8.393903806183166,-2.412952943807221,0.5101216237255644,0.9230170035593037,0.040327635495094806,0.0008153819023940619,-0.3826390310829935,0.027402045285572593,0.8334387402643806,-1.2299237193363017,-0.15628123187349058,0.8561028860547688,-0.8812185081140568,-0.1926501396534592,-0.6232363639184495,1.001303903530606,0.17110980681847732,-0.9033638038151309,1.1942309992445386,-1.2465443733748085,1.4453078339285559,-12.0641777131906,0.26506573385450977,0.2588367164717623,2.9728781184770425,0.23549669389982159,4.6964257009072226,-5.045836443967928,-0.1297513182467186,-5.0489866179945935,-8.451615904860367,0.0,0.0,0.0,67.51069603706028,-18.989663953363557,-133.8259678808842,0.994843604556548,6.572101705780553,-26.462219245034554,0.0,0.0,0.0
512,10.24,8.404214406981867,-2.4266258053742478,0.5125435963373861,0.9231852501547188,0.03063580639356146,-0.0008151260939526408,-0.383131539856531,0.0521094168447019,0.8160858793929576,-1.1005799367117706,-0.12017387167304809,0.9209226504867617,-1.0569544562464448,-0.17136184279550443,-0.5542079436283163,0.9430081358691171,0.18201924582777768,-0.9224265864576199,1.1031566357325717,2.3175769960796426,-1.9333957461205884,12.613107462544605,3.202972381074007,3.862692823609982,-16.821598615678845,1.5595993399523886,2.0607475523125967,-0.8156929498852823,1.2366158405699568,1.2018930923768094,-2.310969922348918,0.0,0.0,0.0,7.948227499199719,5.298413198002855,-11.948118632278138,-63.73064949656306,-100.31141163853181,-223.98254283007475,9.09153392373343,49.90664806016438,-97.46055161881421
513,10.26,8.413877979530339,-2.440444237722998,0.515680196532739,0.9237154573209896,0.01668093873986531,0.001921633172728822,-0.3827111280260633,0.0655062212428575,0.7510058789324823,-0.8191763909226408,-0.05102092658726039,0.9503809058003215,-1.2481000945132195,-0.13896930237167043,-0.5325801609006995,0.9652938149573649,0.2125867840396619,-0.8829251644268036,1.0830061944080573,-0.3915289852999453,-3.6419984318732617,10.964917684332931,3.2495922693603765,-0.08203122441828925,-3.896308452727938,1.6620175964829007,0.8933660349092596,1.5295893860263605,1.6292254434025473,2.1300931049586107,-0.6317641049032507,-3.145533557812599,13.203352464699035,-16.97258757710555,0.0,0.0,0.0,-7.673323288731578,4.74398247899821,-28.638711712351817,-43.095760192758746,-23.6802287656989,-179.1077697864047
514,10.28,8.424160849364545,-2.454084395200091,0.5188504652172563,0.9238303956776813,0.0029325889717444834,0.007830737238950954,-0.38271069948230674,0.08709292954335533,0.7405616379177079,-0.7301530444621924,0.024937804143712248,0.9058688982255536,-1.0810114789061998,-0.1052734996088777,-0.49318926397554486,0.9575145718598143,0.24441114852899928,-0.8391462896718844,1.0665380971608418,1.4725484410848022,1.4558987943135477,1.1586484812520323,4.053426866862402,-3.167543746582429,11.38007290149454,1.463885312178767,2.5612542637155453,-1.5988180872214708,1.3299388575445934,2.1899160268311406,-1.0166791760106466,50.87262535960902,108.77156447186726,-151.70729295834775,0.0,0.0,0.0,-9.331385208958707,9.586468739871393,-108.62661530863119,-49.232954743699366,4.764466002659515,-119.93824554246733
515,10.3,8.43485583753681,-2.4680971047368025,0.5216734271558352,0.923540305443979,-0.012904424925769526,0.02069954394068461,-0.3827248475320421,0.13238431569329864,0.799040387332419,-0.7889245689236946,0.09591806855249477,0.8236928682824339,-0.8759133869031549,-0.06141185343657596,-0.4478010965174243,0.9154920551318954,0.2813417193409149,-0.7748846014562395,1.0050279302547476,2.4303085328256127,3.4216094636605354,-5.070359076962969,2.7314154877557693,-2.5746684262397777,7.023954570605596,2.4995788822413383,2.0897295487538483,-2.2946435540168317,2.056944983049424,3.4851400061969926,-3.8913913471984216,37.42162682439854,50.37740366107135,-78.50397680532332,115.15153214134155,163.59799884743722,-520.9554769650301,-20.202163677185197,10.345198087712319,-54.67967851796554,-40.78398682590694,-49.98414860343688,-239.79780272270352
516,10.32,8.447306424433844,-2.480673927068625,0.5237904127570191,0.9237680123168456,-0.019268880920081315,0.036012074973771485,-0.3807683023892032,0.14572206145037997,0.8489762808159407,-0.8725506764681368,0.11902748783797747,0.8583571094838746,-0.8861902262532205,-0.056075164465961565,-0.4371736137990771,0.9101456897418931,0.30039461701945214,-0.714321232286009,0.9234837201071658,-0.28994468289656994,1.7449822662887335,-3.256883146079725,0.3077948764986037,3.319933694943331,-4.275335162265432,-1.1106612353050447,-0.3537983438791811,0.6652779966460339,0.2657075959962507,2.585968226438563,-3.9341650558682897,-11.97971066019127,16.72893094878799,-25.738094187429855,54.44823985143006,73.37677226494792,-114.3420444959683,-8.4874137951108,9.845258884438786,-16.25720274539075,-84.24135427775235,-29.838630419368076,-286.59237694288424
517,10.34,8.460686802698806,-2.4909571099822183,0.5236677718586086,0.9240613583768861,-0.008878454666025064,0.04843363850902406,-0.3790593115307752,0.11815134376637557,0.8592862848004891,-0.8968951146135217,0.11200633844669661,0.9641361109663166,-1.1363029134164015,-0.12831205296286433,-0.4732424317504202,1.098251265120283,0.2855886323123019,-0.6865919724038057,0.8730386770861863,-1.6031247870721077,-0.18502105771213911,-0.2674575607379486,-0.5435765763342278,5.348291957170902,-16.287693854721606,-4.703340580192014,-2.312091078552272,10.462494350607663,-1.2345735635274533,0.9384831612339091,-1.9510727291493954,-29.556240732794585,23.200188985107268,-79.18681192890675,0.0,0.0,0.0,0.0,0.0,0.0,-33.72749015933161,-28.25367356706649,-91.94716966449187
518,10.36,8.47447910649874,-2.499654086244604,0.5215786214508034,0.9238179134989322,0.01295889218466226,0.05596592995303681,-0.37849748281371465,0.07470092559043025,0.867461461640119,-0.9116681265547807,0.07338332929495453,1.0303111580078457,-1.157123559154987,-0.24865767887611778,-0.49769486674148744,1.2442835654570965,0.24612889290516937,-0.6838932622427433,0.8923193369660894,-2.4130801628084213,0.9186561626303247,-1.2476293472156503,-2.3436947957161522,2.2226262260505676,5.7249595089871725,-6.36444136588919,-0.45703562633503436,3.898735384752183,-2.234867227214008,-0.0568996021801474,2.313795331465385,30.06972144812984,66.70962208483115,-148.84884505299584,0.0,0.0,0.0,0.0,0.0,0.0,-3.423230989070909,-3.1709290132565706,-5.845342716488433
519,10.38,8.487839775444835,-2.508502411235839,0.5178149942281992,0.9228909774458743,0.03558762138075333,0.06140353997484206,-0.37846449005424204,0.031028529506977785,0.8958311378836343,-0.9473677900929821,0.03758595681258844,1.0378601659715487,-0.980039680092445,-0.34791179088816787,-0.4915917766350185,1.1156650541447717,0.21517274250995883,-0.6945325713691577,1.006579172203674,-1.9258169953279687,1.589789516300751,-1.9781514723430043,-1.2796559752869665,-0.5304720009030618,6.702405893564942,-4.037143281114679,0.5533293761083076,-9.172979531210174,-1.061311167800866,-0.6319292446562255,5.584769604369123,-11.792609817538368,0.24170452944699689,-110.09792012114342,4.090066816347309,-24.65872439791005,-31.30927170197251,0.0,0.0,0.0,0.0,0.0,0.0
520,10.4,8.499704240032015,-2.5183653823364374,0.5130034619923459,0.9221205557246696,0.04986051125789284,0.06730024529721473,-0.3777277949927221,0.004895359304930703,0.9133961121418721,-0.965563448494085,0.017555627476973708,1.0430643982013994,-0.9440854524673472,-0.40463979298416886,-0.5279950435093835,1.1647107319992773,0.1958132201492267,-0.6465025191594833,0.8763294966840496,-0.9430840851769177,0.8151111255960465,-0.5658158887958383,-0.8653475476008495,1.0571779728708384,0.2870647116152151,-2.014651475922643,-3.0058641841214238,6.769091995975513,-0.6862943576655063,3.8752018680602762,-9.853435212431465,-8.914143865577381,-116.76779737108646,-329.6731981227508,91.68263406004974,50.52299859029711,-176.63170901297406,0.0,0.0,0.0,0.0,0.0,0.0
521,10.42,8.510541188483385,-2.529266445168396,0.5075829823498973,0.9218491851078675,0.055017282328549716,0.0754710930813322,-0.37612669763026874,0.001152591754325632,0.9497480014942065,-0.9996798597227126,0.013631082042336904,1.0756506971098532,-0.960840880410716,-0.4255847025466077,-0.6098202742889014,1.3375508175369804,0.1908912160491966,-0.570643328255263,0.7223228576613397,0.3746975830069037,2.092787834021803,-2.204464065390561,0.3609939349523028,1.5817436684001192,-1.1424455201251082,-0.2798952370211999,-4.5671366015308505,6.909010663194257,0.27608073810296,1.977007200806297,-4.322093657501681,-9.082414316658506,-32.97320749599583,-166.14549990359,38.26904484885779,61.132635591421995,-134.34569772105502,0.0,0.0,0.0,-170.6301417149764,-185.18953534037811,-439.21152760079
522,10.44,8.52100460373807,-2.540176656084736,0.5025143779166155,0.9213866660249035,0.058414654997399076,0.08596151383724833,-0.37449293436840403,0.0033676019945554775,0.9847877087603631,-1.039173428623794,0.01611076688232684,1.102729233695664,-0.9818042476923236,-0.41180116342605283,-0.6879522141414889,1.3350087958874088,0.19587433023621606,-0.5730056659531072,0.7251790029273533,-0.1465732438803479,1.4721325770372287,-1.636457389554993,-0.11681672328305881,1.2247651999479148,-0.8751899045445108,1.1982044106674907,-3.4305929267200814,-3.153777813709822,0.10509400198167512,-0.592614877779902,1.6849569634025299,-14.311273137168484,7.281309883590585,-144.1974537766568,-6.953318308785429,62.27895411170038,-130.68666920182812,0.0,0.0,0.0,-44.43738910115102,-41.90323865158141,-78.53518536560338
523,10.46,8.53139219061299,-2.5515732280592376,0.4966825801428465,0.9210928019980459,0.06157928881083698,0.09417317929386537,-0.3727297326463603,0.004726174295128558,1.0123889916714852,-1.0619344446768324,0.01825704498981032,1.1262298324131834,-0.9916339218436855,-0.36596246890061984,-0.7543472411970553,1.2366144868201496,0.20184470509398042,-0.5759004230228715,0.8513112928050094,0.1576434124159827,1.368446193924104,-0.8509172048278376,0.19808143973713385,1.1676000292434483,-0.24301580048339902,2.780806716733251,-3.2421914311913067,-4.382463711198651,0.22052546204245474,0.6540481170053176,6.777506125540852,-16.404765834948808,-40.53969150344101,-166.5796347397736,23.62550280537796,25.145967658958796,-133.10129360991996,0.0,0.0,0.0,-0.271407695545716,-0.17392695003204156,-0.4035945629080627
524,10.48,8.54181752894501,-2.563745022791693,0.4895281496671527,0.9211728033508408,0.06261497180983357,0.10019734873862404,-0.37078366061324636,0.009669868921032701,1.0422309376785504,-1.0754445980999479,0.02377856188554099,1.152791498170379,-0.9935551931131175,-0.29564151754319573,-0.813439384230347,1.2777472341094773,0.20838581474067322,-0.5351205164443005,0.8760156579484109,0.19248771874321952,1.534112072433537,-0.5397941861508835,0.2193070973162129,1.4031213378776461,-0.012247342552541313,3.886910724510215,-2.609559927797693,4.216470538064914,0.2962867190534335,2.734305510822718,-1.3709722573913898,-8.06324707712546,-25.91258753531763,-185.74042255658568,23.30085305107023,49.36937854416319,-115.9110573365713,0.0,0.0,0.0,0.0,0.0,0.0
525,10.5,8.553066167198583,-2.576299801303687,0.48158856234223457,0.9214757498464967,0.06214491496402494,0.1048887659791824,-0.36880726505902345,0.016656088817296615,1.0821943780768253,-1.091393229319039,0.030884425086743553,1.1687615119141075,-0.9758869574648887,-0.21241928835169183,-0.8426810556995322,1.2224805836925294,0.2121589456643608,-0.4620477279028715,0.7807046735976801,0.3207760810476949,2.0632488895363466,-0.7453308008928526,0.32432814340302596,0.7547124635119955,1.1677731263390747,3.9228526373546457,-0.909630159707602,-4.916678015679848,0.10936366167794029,3.9695731082720345,-4.780019302738436,10.302625456594143,13.928218596982385,-71.16120370296092,-60.01784912479192,12.69144539879005,-261.6770703464963,0.0,0.0,0.0,0.0,0.0,0.0
526,10.52,8.565652224744392,-2.58858644950866,0.4731702290112202,0.9218239342590244,0.06343241704501311,0.1070189462420747,-0.3671020400927773,0.019634403297101824,1.1255685936881583,-1.121900883088709,0.03082693252222838,1.1895355604871456,-0.9523822023940335,-0.14632738430981757,-0.8143282554243579,1.0274753992430543,0.20855650815624163,-0.3961225314405683,0.8082326442447006,0.07356734695243779,2.101071987520715,-1.8886955959622271,-0.18539695144433604,1.1517222486053456,1.1949732918004454,2.531791497733856,2.467317284616057,-9.07360620547811,-0.4045754530439204,2.9352435188586887,3.702961614537816,55.01070426598901,35.080692016654254,-81.55670730776772,-93.48928813272973,-11.466758122238364,-268.90811834835995,0.0,0.0,0.0,0.0,0.0,0.0
527,10.540000000000001,8.578499693440602,-2.6007647892609986,0.4648270216937384,0.9220899121376464,0.0625451018333478,0.10845025200964535,-0.3661650543261731,0.04072443516068547,1.137855470605797,-1.1222962130839942,0.033905273852489724,1.2077396417628523,-0.9224169947480013,-0.10580743184594976,-0.7345893298198712,0.9125618284160621,0.21081649233466201,-0.3693714900237461,0.8808232790124892,1.29476971693942,-0.014476260661271279,0.9979853084787831,0.3353903802268905,0.7189033691059641,1.722610478446112,1.528328341112164,4.690186319144853,-2.6853981295245473,0.31149740803347375,0.42670808179771746,2.6032429227693257,85.39967013523001,-14.578760640293817,-108.40832536045106,-69.47353683031845,-28.784472843135845,-227.9883594149654,0.0,0.0,0.0,0.0,0.0,0.0
528,10.56,8.591027843258697,-2.612832295107851,0.4574377881859717,0.9222689231781221,0.059868797388450405,0.11054991850785764,-0.3655331393417495,0.05658703960231907,1.1445324981973037,-1.1011854100141445,0.04142437156136586,1.2119640814228123,-0.8779367115040217,-0.07775855093557593,-0.6127797221126398,0.6691466187376736,0.2330063904904516,-0.4290387502889481,1.155339941819668,0.369807042568326,0.4751427396636048,1.069829608830974,0.21924948968870947,0.09799231576660428,2.257083930723811,0.8013973182156129,4.159764833240721,-8.488212960518046,1.3273402092317619,-4.6317931243748,14.360182809015647,105.56027477454771,36.74886844761448,-158.15632562867523,-146.62739231413997,-58.571678234706134,-333.7667344610945,-210.92162325327874,-369.18759901192277,-731.0924289632073,0.0,0.0,0.0
529,10.58,8.602856099214465,-2.6248220730154284,0.4527126978447741,0.9222420996930994,0.06449680208502112,0.11158806481931885,-0.3644966061081351,0.050539337964666184,1.1459152497174074,-1.0673479823468364,0.035266986451420713,1.219599613738333,-0.8399464964615819,-0.07615799606604079,-0.6250075082335856,0.9012623177257324,0.24917968654044456,-0.5318205060759801,1.1116753198324154,-0.5481749337474424,0.18299949420994743,1.8535667658363961,-0.5568512942889913,0.3858899044810134,1.8749412607157945,-0.6048147841983477,-0.8951797617808994,19.82131910931484,0.5566213482643679,-5.447804334589506,-8.787097296593924,88.0964950955781,-98.40805039455239,-342.637255707307,-31.27039073565919,24.933102276332974,-186.69764357401473,0.0,0.0,0.0,0.0,0.0,0.0
530,10.6,8.615713354599437,-2.6373912931001113,0.4491317405520667,0.9219699601495567,0.06849420349031148,0.10984343971961068,-0.364985418093131,0.04404542587254792,1.1604530295455837,-1.0319546515778013,0.02802226669885394,1.206814006984076,-0.7749467349764038,-0.09900807444922725,-0.5998444846665304,1.1068525331428711,0.2502374098564664,-0.6468579707226305,1.0760529944733854,-0.18658632451006713,0.74779498207223,1.9281316056692253,-0.23328824991961483,-0.9210145839639756,3.880247316331526,-1.3364248549195883,2.4895468295984244,3.554607037709319,-0.25663899358930947,-5.771340846620307,1.5741931508552955,59.581346685944006,14.605545813750338,-92.58282969764761,-121.21049997356236,-106.4176457549331,-360.8520981659975,0.0,0.0,0.0,0.0,0.0,0.0
531,10.620000000000001,8.63017172074634,-2.6496195559353506,0.44529955311942343,0.9210538402857902,0.08206082276299256,0.10431401695289334,-0.3661207868032233,0.01145279756085018,1.1823062194826819,-1.0297838644651047,-0.0024786138945066954,1.2055959627105048,-0.7124231460227176,-0.15047184626331936,-0.4962228592615149,0.7551967866249983,0.2336441685599623,-0.8171893591487387,1.2942367982437344,-2.2079310164840944,1.3080310270555284,-1.2161992559054964,-2.026908236983457,0.14270182669602144,2.904314872937815,-3.3488216682304905,6.19054870968094,-21.908990375798815,-1.0544611427553543,-9.679172024346899,11.713440701692566,68.06553800837243,82.15268830101337,-133.3699484434452,-75.89643590369326,-49.974835673923735,-219.1098851533061,0.0,0.0,0.0,0.0,0.0,0.0
532,10.64,8.642649832856343,-2.6631574337576343,0.4402756614843104,0.9214386252580367,0.0796887647868379,0.10664266283438205,-0.3650039768453501,0.1373487998442428,1.1115773550394088,-0.8275870692782412,0.0072607920464730115,1.2386903619916962,-0.7203084686898347,-0.1971560263997446,-0.4537815066005499,1.0759462654929028,0.2509708052602971,-0.9184044276065695,0.9715192916035571,10.592171502850409,-6.585531896949059,16.207164204933278,1.7629820934669858,2.503028960440741,-2.954328667244317,-1.563090477119575,0.5664112556454807,27.524104912891403,1.953060733636339,-2.374444266276197,-14.615620563127674,5.929660794676163,-23.928733252068874,-30.83743639755535,93.72179011555676,75.4906480389368,-150.46543369029567,0.0,0.0,0.0,113.86000513287945,24.834179922950042,-150.26162040103299
533,10.66,8.653392152761255,-2.678528453336823,0.43560574317270806,0.923501130758967,0.061973793466103065,0.11579495869037718,-0.36041148421245506,0.27387129644482866,0.9650343424393963,-0.6451543203640449,0.089948867485665,1.2481317401317678,-0.7192960221929544,-0.19525954441980037,-0.41636168706964233,1.2884609987548683,0.30811486612522243,-0.9581865863154606,0.9605545422233537,4.451272275525817,-7.278055725269589,6.102237026865164,4.5865302584878656,-0.9026518901401481,2.0147472705899014,0.8918965459474839,2.3791908959568135,0.6536820648233901,3.243214664008179,-2.027930527529216,4.061037329210112,34.75666949448351,17.43195921929196,-48.60496022162084,59.6526722443306,-36.82070574726618,-87.78358094520179,0.0,0.0,0.0,-52.25623007039189,-37.52545092775662,-87.74553056166386
534,10.68,8.665713711631575,-2.6930976012104773,0.4295331516819553,0.9237740433940701,0.06179124065967726,0.12256683947759756,-0.35749227850344156,0.2948431029778182,0.9180222489440863,-0.5663658713401475,0.11287620124892436,1.2330520534544456,-0.6699099686625304,-0.2148865457844851,-0.3454876504078618,0.7379252393826671,0.33920068780608825,-1.0326828400304642,1.2133123314321148,0.019341260042773478,0.5344846187194194,1.4007673957821811,-0.17987984440494165,-0.21202088462473828,2.152246667079014,-2.212291956965016,3.772363328563347,-32.4293946825072,0.36535122490600536,-3.9292864619433203,12.95068889743764,75.20817922914101,79.44909747104073,-252.59883719548154,7.266547597785098,32.11882962808133,-157.3148756091575,0.0,0.0,0.0,0.0,0.0,0.0
535,10.700000000000001,8.676428737845585,-2.708397966310291,0.423166580779988,0.9239612855441771,0.0482696825857185,0.13986146011868628,-0.3527100119532973,0.3973567769409064,0.9104608803075804,-0.488485879644682,0.1582459090279375,1.2220545902771052,-0.6302313808490296,-0.23193545435778695,-0.3780734031019617,1.0571976662057778,0.35590907834926067,-0.9937114512690185,1.0202412767417026,7.936052823758885,-2.148644125906742,6.239085266949592,3.629410092445928,-0.6475069764681718,1.4469797560425406,0.17452008696358512,-4.084314974120668,31.82673199160341,2.826648515341481,2.663079728236199,-6.974711888264943,13.255834780020336,-33.92095931467323,-45.570051913344656,70.10491930615066,96.50158875550471,-149.70271729840417,0.0,0.0,0.0,-128.019281227487,-136.1696981996095,-645.1568544984074
536,10.72,8.68633448768627,-2.723914889202088,0.41802102122928936,0.9236550830359513,0.028633777756385453,0.16672331140882396,-0.34386731712409796,0.4727332702775876,0.9017726894077626,-0.555352467752263,0.22498033775147389,1.1983873350526253,-0.5940974655013562,-0.22174641460682823,-0.4513175426049923,1.390262318428132,0.4185465250223755,-0.9730752326254498,0.9705965284692183,2.6211229970711885,0.05752120586363024,-3.322625085024222,2.982529208744329,-1.3466767074631194,1.8572103946466398,0.7668092680984208,-3.4409945870920353,5.774949224749755,2.9714494901196975,0.7282291803770963,-1.3251675039557664,-22.79357152505881,99.78531749485546,-128.47074851163734,51.722288097716245,42.75372467224892,-120.01297954375976,0.0,0.0,0.0,-68.02264677401398,-60.43853513196731,-129.19627019301984
537,10.74,8.69855641396337,-2.736992585197183,0.4111376587485219,0.9206634966114696,0.04668200220106785,0.18746739720397887,-0.33919830728234496,0.4596969831816265,0.9179522506687087,-0.6120633624105393,0.20224126434760772,1.2438239164231617,-0.6710710918976085,-0.2819653977523912,-0.5141251502811605,1.2199176919309211,0.4078720099257155,-0.9711589073903274,0.9497036183484301,-2.536958034890331,1.2126453540056472,-3.032347876902419,-3.483126072931357,3.940872217144363,-7.163482790490404,-5.038064029757719,-2.9859413117952114,-12.533920761652572,-2.46736140927624,-0.08980213865920424,-1.1985673922190183,-39.766952936824396,62.35026520604475,-195.69391289623923,37.01862922154967,97.78326610631925,-130.7415280200533,0.0,0.0,0.0,-29.498145602734493,-13.308105313527186,-87.1464880423994
538,10.76,8.711030580826934,-2.749681834685592,0.40332488819610557,0.9148695104888775,0.07506699282654805,0.2082244271949705,-0.3376704210989582,0.4536869117299441,0.9256089516937349,-0.5495649585014094,0.18754657470415842,1.3048353358223794,-0.8060609671828087,-0.38548456991624647,-0.6068546313395823,1.147439922554182,0.36786672631178696,-0.9413797473706548,0.8757012073114588,0.33765793714683867,-0.20057393081699748,7.133848628213192,0.17238838112071653,2.0268546140002712,-5.426586467353824,-5.160527842247051,-5.543285599581624,1.1389195018454736,-1.5966539751703255,2.1211511215527397,-4.843088506035993,-5.062539270488969,-6.063025319962029,-9.887870271187378,58.77640480777078,-27.951375098053674,-81.44971225332414,0.0,0.0,0.0,-97.0831882098923,-14.818510993336236,-147.05081208214398
539,10.78,8.724965558901259,-2.7623333661287988,0.3957197441922922,0.907963495802198,0.10786045603741104,0.22564936016110373,-0.3362302463683757,0.36805747673955025,0.9321510775820733,-0.6922769795344157,0.14979513514683765,1.3178284552368063,-0.8549171708145894,-0.4918207949291177,-0.6941992665530498,1.278823880308845,0.3152803163816486,-0.9196414390573865,0.8354728930618247,-3.8570131981020412,0.3570140698946267,-5.082431725427682,-2.4620117573474034,0.8108787711609365,-1.5900352942836853,-4.5469001330697925,-3.387923754344665,7.073168507665964,-2.957570913183902,0.8495455006383235,-0.37558819269243715,-45.73298430913489,-79.38049695746618,-292.4070551318781,-159.81373723795065,-75.35184536898534,-284.9667334970097,0.0,0.0,0.0,-17.090355875454957,-7.443092473505631,-23.360019216230583
540,10.8,8.739905763647615,-2.7762168677370016,0.3861372381703774,0.9002866162858227,0.1391057463660567,0.24291636925340063,-0.3333545221131879,0.32341190491566424,0.968656341244345,-0.7702588187581093,0.10923566613701804,1.3462034177243336,-0.8844561353797268,-0.5468868877666951,-0.7386363368334269,1.323947836280953,0.25489011360513225,-0.9082979338782864,0.9607141459429559,-1.58364607792716,2.2575719604889897,-3.675555115576074,-1.6273420382178556,1.3546350960780544,-1.236444580235747,-1.468230685782535,-1.532315278888772,-0.45094038646022705,-3.0042382083931396,0.6588416282493232,7.302970781094483,-8.602040927844,39.855172151274516,-52.99382660583222,-21.438237706627223,-67.5584747673664,-153.53599919108734,0.0,0.0,0.0,0.0,0.0,0.0
541,10.82,8.752989655696114,-2.7905318110503177,0.3774750403122701,0.8932401731183901,0.16301528371333107,0.26094039037457817,-0.327808058281754,0.29692759382734424,0.9890207850114091,-0.8186176662650654,0.0850271190191695,1.3594029909823035,-0.896305937892494,-0.5134093357554101,-0.7501042763977667,1.390873783974965,0.22800502185447466,-0.9026122950485228,1.0593754493047587,-0.8552185296934149,-0.4704799857647679,-1.0753371212995007,-0.5171018410232319,-0.5023478162497788,0.1048588372470105,3.7428642567609125,-0.4949202754716673,4.701845909001734,0.2552309406088591,-0.25906562157125046,2.6020420861253193,-35.64070325287026,-19.369540971555423,-115.42624538047393,-41.29754706202143,-60.77954906915615,-122.70545391685519,0.0,0.0,0.0,0.0,0.0,0.0
542,10.84,8.756836577565327,-2.7982950525901558,0.3846996756251206,0.892524274331317,0.16172032855602694,0.2737478153409191,-0.31985791948482567,0.29872296976314633,1.0062008049081212,-0.8688356831412872,0.10151284478562327,1.3215739431031357,-0.8732239704691919,-0.3983479561383626,-0.769601681718394,1.2940009302727713,0.25974515398020337,-0.8903003594646037,1.1700809380262012,0.18627572195173112,2.0305631012487404,-3.8815391309478953,1.3090813494936464,-2.2369891402125357,1.5195898631043785,6.349693211494414,-1.0926246517033336,-7.920353941100167,1.6782169732422936,1.4422732794751987,5.289482890800559,-24.162096629841976,35.97450884643929,-54.19402586070077,-58.99888227451024,-31.40139270773741,-135.86501654674345,0.0,0.0,0.0,0.0,0.0,0.0
543,10.86,8.759369944530627,-2.804755668146492,0.3934582261026133,0.8931703429953975,0.15441020729826188,0.2866081245413956,-0.3102579720530257,0.28121912859951875,1.045219123210761,-0.9539698052279679,0.1307377667855874,1.2900071617020297,-0.8547436316287206,-0.2523665907246409,-0.7802439497016377,1.2625740487853043,0.28532128306330745,-0.8034385480463273,1.1542569823375968,-1.5528728779000935,1.7524635716693469,-3.9250946718359687,1.4065618777303417,-1.0692748665706209,0.2846944790338155,7.561566533905774,-0.1311500915157643,1.610053629894472,1.0225834066592694,5.807101316397423,-3.0314516714713404,-39.78778361527359,27.688932771379598,-60.63352878409108,67.64099023826431,40.121879955646165,-98.32855275232441,0.0,0.0,0.0,0.0,0.0,0.0
544,10.88,8.7619790619638,-2.810925341240606,0.4008794921149571,0.8937485107604547,0.14655053153296216,0.29902295156594516,-0.3005358808156962,0.2466330910962458,1.1038716765668173,-1.0414131496461387,0.16870001952091052,1.2727312139823697,-0.8611042456975538,-0.09836330964780915,-0.7667168689690834,1.1979462239570697,0.30140105647910564,-0.6336952037180292,0.993340010647536,-2.2401935580456414,3.5162191192189973,-4.183966814514693,1.9172928778044873,-0.7045265435947119,-0.7141703909221814,7.194220188785655,1.0062778389947462,-4.241455340722788,0.7989884099478693,9.569147527361315,-7.807330296800936,-26.644164467543046,12.755008638188524,-36.950977056482444,60.641369259226124,4.703815692320187,-76.07310660616695,0.0,0.0,0.0,0.0,0.0,0.0
545,10.9,8.764206559181536,-2.8162589835197616,0.4064743405746081,0.8937731930943239,0.1416679869485964,0.3084706808543908,-0.29316462923268527,0.18644880903264932,1.1774765865731962,-1.1967043726372322,0.1919345167943483,1.2423996676058187,-0.8505121364136159,0.04050471714384121,-0.7219478476466409,1.061832925963451,0.3194636663737718,-0.43347133998630927,0.8895210490133755,-2.9276656920124995,3.2970095882069352,-7.297819374593722,0.7227441900199452,-1.6509286287830887,0.9044804174764126,6.287557310181111,2.7235698336385337,-5.887118075431395,0.8931045557170016,9.997855671758277,-2.4550848055701766,-15.599623921185987,40.864769618840725,-54.713972733622434,-12.268946374538961,-2.374695148891911,-75.18680153514819,0.0,0.0,0.0,0.0,0.0,0.0
546,10.92,8.76639938434476,-2.820590562887816,0.4108383967903406,0.8921283467477945,0.1457400428112441,0.31239825706465035,-0.2920174341257607,0.15299145593733054,1.2022484798176847,-1.2746955671316322,0.19034120782480832,1.204080431437268,-0.7665992854099175,0.11456302426462851,-0.6399098755957869,0.9168796463793659,0.3115545938487846,-0.25054341506381667,0.7999886170095287,-1.2031680397889422,0.060506182694299304,-1.9806722043280995,-0.5992263688248932,-2.135374112550645,4.4829650577092925,1.8981315820855376,4.6466380707671116,-5.677618084048845,-1.1815360752225157,8.365537291466106,-3.832418355559436,11.045954930173203,4.955458626071199,-15.139893006462582,-18.922206052705665,-21.80503479766813,-36.11412734000642,0.0,0.0,0.0,0.0,0.0,0.0
547,10.94,8.76923004558017,-2.8237320418603793,0.4145553508001326,0.8880389511817873,0.1604466695815564,0.3103000478114407,-0.2989273619666762,0.14365047999464514,1.1912049926657282,-1.3202463194826197,0.20727793144957202,1.1517677718649881,-0.541022091128644,0.10009158011687576,-0.5036675353041294,0.6802942295699479,0.2496658125244696,-0.15495040887513323,0.9203273279230725,-0.033623456326102086,-0.8354983362673796,-2.3293677432846756,2.084494332196452,-2.571935354210797,11.04444505169766,-2.35047278081926,7.622283486932986,-11.179059372323259,-4.280864714011607,2.8265207267352905,8.670789268775476,51.282439304603784,11.990358631089057,-65.87868937258756,0.0,0.0,0.0,0.0,0.0,0.0,0.0,0.0,0.0
548,10.96,8.770948628183818,-2.826095790638823,0.41917384092354293,0.8825278301310191,0.17575574144635994,0.30702573173869413,-0.3098221238762579,0.23978929828579187,1.0719848286915297,-1.186745640772385,0.26639717431532933,1.0540536799194498,-0.4502116566866185,0.019689075626597947,-0.35320971347238506,0.7953945524546155,0.16216864114524637,-0.17534313136998222,1.0032689271602326,6.597054737697081,-8.33923776341122,8.558600664709052,3.481791799067117,-6.1601336214869375,0.3654989939991635,-4.682549980329766,7.723233672702642,11.338664242396828,-4.240840121672396,-3.426023354054305,1.028897340159244,8.750194556775512,-4.550460441519232,-12.340718925888316,0.0,0.0,0.0,0.0,0.0,0.0,0.0,0.0,0.0
549,10.98,8.771970066645487,-2.8270987595596675,0.42342007688906336,0.871727215664031,0.20310997859175842,0.29986499791486704,-0.3300287579781627,0.21477525262046965,0.9439649974665392,-1.1078225531643822,0.316815939396265,0.9184197830799168,-0.2122596775156245,-0.13756021089166542,-0.1520083291823345,0.7274593125129122,0.040647419046177836,-0.33966610372281997,1.4330741525944803,-3.2749897817736615,-4.036290311761443,4.336754513375095,2.4680647368015274,-6.381261293363939,15.40826930585229,-9.145631858926961,10.845890486440055,-8.693316848684432,-6.6798684798632255,-10.382460335037129,24.071398417339797,43.84387685623295,-95.67638287840495,-416.70202520157227,10.146573352466163,-58.57772825825431,-74.35597139030384,0.0,0.0,0.0,0.0,0.0,0.0
550,11.0,8.772578017131533,-2.82838267566788,0.42570916249226165,0.861509419223117,0.22991216304252934,0.2901017366572425,-0.3475383435873017,0.24045360160587917,0.8905502192298472,-0.8553146422742273,0.3094923075877549,0.8764384941315937,-0.20956890803120606,-0.32877777048350554,0.014569395141850586,1.0466978616194047,-0.048908600838931206,-0.5276105936504977,1.2100760109717856,4.014234528555592,-4.169291700344014,22.361588627531102,-1.6908509402405045,0.43462452248003514,-0.5008412718139398,-8.971989049134493,7.391511950809226,22.19232144901813,-2.386005809580173,-8.686761766877424,-23.695308029627505,-1.8276973446544589,-6.594650513942868,-8.562882038769471,120.34343294633832,17.74867115245095,-177.6328821857552,0.0,0.0,0.0,0.0,0.0,0.0
551,11.02,8.771248277695527,-2.83111257749689,0.42742948532565583,0.8565882789256242,0.24695340976794478,0.281484042095983,-0.35501727825069257,0.2719371193431742,0.7956505159125187,-0.6076026219699528,0.3069104373168817,0.9210484894351928,-0.25227623308423663,-0.47699866623940285,0.14335397885467405,1.2126294697823903,-0.029240471175260588,-0.717344651423005,1.0567552205647193,0.24474088178495756,-4.775066934171613,4.538288912656372,1.1673361181433046,3.058913142561345,-3.8268139002410573,-6.240633037858243,5.519073223358794,0.30362219182719663,3.093436961586637,-9.987967794314729,1.2005447376786966,0.0,0.0,0.0,76.15002036706854,-37.78295664070332,-106.44743745713288,0.0,0.0,0.0,0.0,0.0,0.0
552,11.040000000000001,8.768399386365754,-2.8343369091948345,0.42844453374797065,0.8528511558877896,0.2618492334789202,0.2729283355339798,-0.3599861226353238,0.23070597199042334,0.7199337603259105,-0.7802762298279801,0.334362369638746,1.0190567701797713,-0.45175223743112936,-0.5929793517171955,0.24693098938856137,0.63748867502205,0.07557418898996898,-0.9271565875873712,1.165373563440529,-2.9341086795030304,-3.6206101644848596,-11.840231907939767,1.48090441831555,5.436475066553328,-11.467557308321796,-5.599064928725585,4.567942992179909,-33.88624855477185,6.493833209751844,-10.41111521046271,5.4776328609930545,0.0,0.0,0.0,51.78052820577765,3.2011967499272047,-65.03772125109293,0.0,0.0,0.0,0.0,0.0,0.0
553,11.06,8.761413802085254,-2.839527960488748,0.4291423632590075,0.8565999528194445,0.25891571557856163,0.2768008253931121,-0.3501149470072066,0.3563746084921694,0.5855210011245052,-0.33451168955595034,0.4099911959882281,1.1517927113998792,-0.750485239455435,-0.576271287679318,0.1789228033172504,0.8636421809550906,0.21830280375976782,-0.9895809918531449,0.5705953645986954,9.042235414749186,-8.074971885668539,35.33321006158893,4.620120781036794,6.87641294008974,-15.30987635398609,4.296289142013091,-7.302309625546513,27.303757648368006,7.157005516938985,0.7064209504343095,-37.2661082636272,0.0,0.0,0.0,64.55153138769404,67.26232403838145,-116.76119145778966,0.0,0.0,0.0,0.0,0.0,0.0
554,11.08,8.75202308768489,-2.84646496802528,0.42870287011804464,0.8673799013072907,0.2424470294428661,0.28554084983378986,-0.3276247362435905,0.4677533463469308,0.47401189046496506,-0.28471624667728856,0.5145869277949578,1.1939635570032956,-0.849152877951816,-0.4245944949839246,-0.010775191754074515,1.241428149404701,0.3655500611939891,-0.9734338536949871,0.8158615249142647,3.4730355941687927,-4.248933297360316,-12.343577424650626,4.83714053013621,-0.729796664616327,0.7573965815828707,8.978782780027535,-10.472143656815573,9.83499825883353,6.06229586331032,2.0819487699410884,29.64383389936034,0.0,0.0,0.0,-0.7877409801509847,-2.5270929619986378,-3.322625552859735,0.0,0.0,0.0,0.0,0.0,0.0
555,11.1,8.744898255869622,-2.8530633408408734,0.426350715235829,0.8781719497400393,0.23331805840655254,0.28616138017931253,-0.3041190142116175,0.47819566196778646,0.41589017102162634,-0.7374878430148479,0.5115436135900489,1.1277739758700855,-0.7599639508462364,-0.2420492713669642,-0.2236740417886255,1.3503376641015292,0.3801069515095338,-0.8829488846686728,1.2263266669708544,0.30179920796021564,-1.168133892539987,-13.577242771950498,0.0950007731443232,-2.541715133791801,4.22994299349665,9.196929858564454,-10.239500679016857,1.9059364380520907,-2.4277238908916883,6.057206400411941,11.367452599556604,183.3625638234946,-182.42511419379426,-499.318133386539,21.994831408286633,-17.467251653306345,-56.49026205818543,0.0,0.0,0.0,0.0,0.0,0.0
556,11.120000000000001,8.74057093920789,-2.858679880729084,0.41952791777916615,0.8850085964039203,0.23473464050663023,0.28164428893360133,-0.28694237635538167,0.48476275571530464,0.45219072075604333,-0.9004012191983178,0.5257500244138473,1.129262227248668,-0.7279744129485956,-0.10912419824095967,-0.4309119660663876,1.235349105775627,0.28553211052765504,-0.7371108117242087,1.1606216579284871,-0.27195565888774936,3.0812820348501715,-6.896900304288468,0.5023961027864734,1.2358856795946633,0.21535892856444516,4.760905258917079,-10.289021480869241,-7.563519836144355,-5.671562691406541,7.456091742095815,-8.353335917080075,-24.11566676978881,6.947825371609838,-31.443757069963695,45.24943216639738,20.84516263300916,-69.5417211324698,0.0,0.0,0.0,0.0,0.0,0.0
557,11.14,8.734328736128925,-2.860272996312014,0.41445742100293587,0.8876720261846166,0.2387310834332842,0.27472475296419274,-0.2820853662295017,0.47901197609892066,0.5426844649259392,-0.9846349311592085,0.5370705783391915,1.1535685159362683,-0.7401242906025207,-0.08647074667820753,-0.6300653512246255,1.3412064868221687,0.14895534449888204,-0.5734693733539068,0.7154908312385989,-0.9021257328143426,5.366013495147538,-2.2822804668022703,0.23418142359938132,1.5328603292556293,-1.1006737572103036,-1.0881737940822567,-9.273992516216046,9.31209732923858,-7.1672647824403395,8.162410762799794,-21.91978250645123,-8.932494643724574,-5.699193699007913,-13.255701531344885,24.75260823356594,4.094320571511513,-31.885667759048186,0.0,0.0,0.0,0.0,0.0,0.0
558,11.16,8.727095990413181,-2.8601359945928393,0.4101404006363548,0.888722697230177,0.24636155571700016,0.26272433082869856,-0.28364392692816814,0.4192460906780646,0.6723478508793178,-1.2060626956296776,0.5465657736874447,1.1504944691096215,-0.7037712623710741,-0.10095933752977966,-0.7496563260517483,1.3144683327990936,0.023402451852567275,-0.43061277827797284,0.6076724823440969,-3.9367215088770093,6.719247801901409,-11.709742645260548,0.723795016333038,-0.9660885331000437,3.4349742928601374,-0.2866699015667762,-3.928392260608017,-5.687891599541469,-5.7108783754767956,6.504093795112899,3.3828211319080683,0.0,0.0,0.0,-1.3546392642537493,-75.80845865689535,-94.87531337677538,0.0,0.0,0.0,0.0,0.0,0.0
559,11.18,8.72088476024262,-2.859812523928893,0.4040441912362024,0.8856034906309137,0.26609325192553307,0.24492674373658058,-0.29139617167120163,0.28764827908483365,0.8157940523101062,-1.2687703160726493,0.5534403380247668,1.1619997736198378,-0.6702637762244542,-0.15826067120831583,-0.7607135485695408,1.2135524167443055,-0.11868329647956982,-0.3263196626305818,0.701700334978268,-7.532891647568006,7.090266748985908,1.6964139732974468,0.3339286745055369,1.0746719648179441,0.4021829187358298,-3.971464105250318,1.1759450864262755,-3.344598606909179,-7.4596126237665255,4.32739249999023,4.10269191956154,0.0,0.0,0.0,15.95322728936224,-13.68306854606799,-26.30646650317335,0.0,0.0,0.0,0.0,0.0,0.0
560,11.200000000000001,8.71391064682394,-2.858245381913612,0.4005462293559385,0.8807534880570512,0.28684868232414723,0.22290584573624078,-0.30381591574644395,0.1090231209615764,0.9675073924751707,-1.3437843618004603,0.5594244045731305,1.135397303303947,-0.5224136448112264,-0.2596976841081328,-0.6841267589906271,1.0939446151207588,-0.27485376191176947,-0.28287160963018904,0.7500774249829834,-8.771317076152716,7.548542725722535,-4.836425460303177,1.062694835187337,-2.413234384306557,8.280528933348204,-5.18180101039294,5.154715532224666,-5.505282682511655,-7.369955634025347,0.8675482675320197,1.1096873460189562,0.0,0.0,0.0,0.0,0.0,0.0,0.0,0.0,0.0,0.0,0.0,0.0
561,11.22,8.703911290052572,-2.8572134134725995,0.3990091284497756,0.879757331936428,0.29252108639493757,0.20405965919675995,-0.3143534736676629,-0.010221284553165247,1.0776650200446398,-1.3906490651456742,0.6298524487627826,1.0463968190975304,-0.3770705847013911,-0.3269267026212405,-0.5121640502035074,0.8191069230602004,-0.36777440335820266,-0.3159694013910444,0.8501418499796864,-3.556505476007427,4.109932637241418,-0.5651523754494001,5.0237947690724845,-5.483345090644897,4.878792659804223,-2.5289633593795697,10.119108657395273,-13.533135407991422,-2.9314242613439365,-2.9437462463215516,5.30873198199705,0.0,0.0,0.0,0.0,0.0,0.0,0.0,0.0,0.0,0.0,0.0,0.0
562,11.24,8.689268600941991,-2.8575824927793567,0.3988226746367484,0.8863771738675545,0.2738007580262654,0.19597570504422832,-0.31774545407169585,0.06547492491484169,1.0581595240378459,-0.9358872402036493,0.7418718465470729,0.9803302177195697,-0.562857375377226,-0.3232751113133183,-0.32159464885626243,0.7221251952019935,-0.32790260778404257,-0.3556106257889856,0.6367220108228647,5.825925609627064,-3.040080416443953,26.23104917221913,2.9172156592439427,-5.378268231679089,-17.174138434563375,1.3041285992282077,9.116198583282594,0.3034639636218164,4.397051389506071,-1.3926910941035784,-14.695706528200489,0.0,0.0,0.0,0.0,0.0,0.0,0.0,0.0,0.0,0.0,0.0,0.0
563,11.26,8.675789173966953,-2.859169567375028,0.40075408912507055,0.8884638837845104,0.27639991878171444,0.17620069511723763,-0.3212293995701659,0.04421155147592268,0.952350798639947,-0.44618413336218304,0.7560122227185211,0.9727378597177397,-0.665242135193238,-0.3595037798211359,-0.12437309866569571,0.6037748766249249,-0.268437292552665,-0.39124429334174504,0.809510345030767,-4.431047107901761,-5.756018209794503,16.759112552102103,-0.06421848695841859,1.1956022130971284,-1.8461380088243924,-2.8392553848094715,9.76168787755255,-6.505977822674746,2.8641622578961234,-1.3951246021942063,15.981827282322747,0.0,0.0,0.0,-82.91764127921813,-254.5318726942627,-494.55297448853753,0.0,0.0,0.0,0.0,0.0,0.0
564,11.28,8.662877407912903,-2.861048538205791,0.4029677097495855,0.8876211049629501,0.29239872854514926,0.1488888039221083,-0.32320872766089787,-0.0313006787806504,0.8461288009800954,-0.4767954498047651,0.7474068316035187,1.001145850229014,-0.6735104234134263,-0.4390589381569978,0.027060244107246008,0.8006851448253829,-0.21362190708022913,-0.4147907756004581,0.8452334382584779,-2.814663065842532,-5.278827633604703,-9.004067245127485,-0.5156822240541481,1.0817862732479622,0.22093584565331081,-4.056215063183109,6.583299949751816,14.1247644016971,3.0641463013166246,-1.218951288375107,-4.905645606349466,0.0,0.0,0.0,-73.67829419751736,-148.69113773643346,-248.9274433478658,0.0,0.0,0.0,0.0,0.0,0.0
565,11.3,8.649114420485986,-2.863417453556804,0.402145244787518,0.8850835848606412,0.30976867797397656,0.12107026795234388,-0.32559546092419517,-0.08507844255993548,0.7677774066771824,-0.7330156135355844,0.7404997644977394,1.0015755480794335,-0.5485882898147016,-0.5227300042969814,0.19286466330112995,0.7561032192580182,-0.1636305683258134,-0.4700540386004534,0.8692265026594984,-1.7831474853528835,-2.664266291598527,-4.8710317042310125,-0.3067484448256234,-0.9136434299841214,10.845180659279203,-4.037562002828352,8.851460358386845,-8.448128845897639,2.4686492595516563,-3.566557005199954,3.385980901458402,107.62098421039241,-45.93955590706585,-176.02646909886914,-6.998172658330882,-5.173305877801476,-10.919512657041187,0.0,0.0,0.0,0.0,0.0,0.0
566,11.32,8.632802034363293,-2.8686082270830666,0.39864530177331636,0.8860906262775234,0.31332498193667435,0.1011870083842161,-0.3262392481779932,0.0017401492664785162,0.7158125963145172,-0.6114685860755196,0.7163744309316764,0.9325059640283453,-0.4872418762624379,-0.5572253022157111,0.3252436630745619,0.5778621435619626,-0.09732377046266154,-0.5144795757433125,0.862233635365302,7.792417778919614,-3.656903711940995,12.84348871469632,-0.839906715571042,-4.59254070753581,2.6636412382555252,-0.13958927637039564,4.73045917721701,-6.423885458596403,3.8861264776198055,-2.5385012920040344,6.334870962657673,-1.7230130500402443,-13.847170367513286,-17.460366119228905,27.787661190473102,56.82805286330108,-82.21553986971932,0.0,0.0,0.0,-139.38074347898927,-263.21775147163214,-375.0509155631837
567,11.34,8.614110664164983,-2.8751998731928308,0.39681976537231284,0.8902370130518727,0.31193619936494527,0.09339112619525586,-0.3185152518580788,0.1767406378898669,0.5680834227319812,0.04075462572491578,0.7324993823962302,0.890397790093799,-0.4567314511829181,-0.5208686893343242,0.299525689386443,0.7872523650119863,-0.025449334368430512,-0.5644814932621327,1.0007972785905495,7.243376227966662,-8.277749737088783,31.40505466783101,0.40868616941976565,-1.2248300747891712,0.5098446106111977,2.4477013587738314,-4.2582780688960415,14.424185286560684,2.650481689770459,-1.9125411667401901,5.3237861355784535,0.0,0.0,0.0,26.116619548391203,-19.214899313424652,-257.257595386193,0.0,0.0,0.0,-78.81007002269928,-176.86616671848554,-300.4398928156748
568,11.36,8.596476872036783,-2.881844695632612,0.39719500077577785,0.8924321862199873,0.3229123372826441,0.08629754857941198,-0.3030596451830203,0.2604069841327848,0.46175034460073616,-0.07280863602946686,0.7337861357352924,0.8730311726470785,-0.4674889984445975,-0.461627432288109,0.13698133657762074,1.2200988901792647,0.012298376146509292,-0.5866985595285897,1.0510694507806877,2.893575434991454,-4.2081399378196975,-19.469643374041897,-0.05364747655312659,-0.8665223982076667,-0.9120601416661124,3.231663210583868,-9.73410679752537,18.516717872976464,1.5721016031380974,-0.5982871360351023,0.879695915686297,0.0,0.0,0.0,30.326078216839466,-32.36699610532124,-56.35617810150663,0.0,0.0,0.0,2.69341348747577,23.924589651005704,-115.48731120344038
569,11.38,8.580443753474416,-2.8879467935063703,0.3941949584381426,0.8938770551352945,0.3372677886835816,0.07979487055952478,-0.28437128485754326,0.29629602692449053,0.42996922127695986,-0.9778920169824892,0.7311223238688728,0.8857554794564378,-0.5309519014814723,-0.38287234890103355,-0.049373995845000344,1.25123636106787,0.0441657228257234,-0.6166258366574591,1.1219456678368522,1.7188104788099419,-1.8262431211622534,-45.26919599332278,-0.15737959484325087,1.3862678155858967,-4.355810287914809,4.2567483881949375,-8.937449778449146,-6.287959586553148,1.6530801136556743,-1.939357830951072,4.083455013320499,0.0,0.0,0.0,0.15539969882115154,23.222591789554173,-29.49556759832065,0.0,0.0,0.0,-6.790468251357479,14.149311216479942,-20.164355936480625
570,11.4,8.564148685439976,-2.894760431331312,0.3856393717859343,0.8966217685171717,0.3470391813970011,0.07257970721572417,-0.2652647675378683,0.3792920911063044,0.3599516712370072,-1.3011214818515089,0.7297070043547604,0.9146987024028321,-0.6153079591453692,-0.26463521654424704,-0.19576663009186962,1.0055824150197308,0.12484686976027368,-0.6758312859687302,1.2686058595924472,4.730289968589212,-3.8131439841414685,0.32068731035717946,0.045434098058949976,1.4702938566240318,-3.8515584048422933,6.112415353965977,-6.300003643962646,-11.8846814761075,4.583010015883526,-3.3829230334421005,6.710966616076266,0.0,0.0,0.0,-7.866738123529652,8.80515134551566,-14.980622375734368,0.0,0.0,0.0,0.0,0.0,0.0
571,11.42,8.54967181779998,-2.9013725537996167,0.3739275255204254,0.8937083869360949,0.3644484516879232,0.05967913378742597,-0.25475683734247895,0.4679121857760165,0.3291054861029631,-0.7929707110164497,0.7315979237033774,0.921372025494007,-0.5844871359448133,-0.2193475774176867,-0.3022905354809653,1.077215634314466,0.15144351546352525,-0.728855133958449,1.2320303333278568,3.969836545326911,0.08763019873889366,29.359372545466037,0.08473851007326401,-0.349409941005224,5.445700625794775,0.2799361288101372,-4.573777967156829,9.263604662923775,0.6334817606445726,-2.491225000906471,1.3665494793160713,0.0,0.0,0.0,-22.09292310686375,-17.170216938669032,-35.08422675491141,0.0,0.0,0.0,-36.687705051427095,-16.518216496302713,-203.72031506479445
572,11.44,8.536812308792815,-2.9105790545046584,0.36501897773975406,0.88846839945896,0.38224312565681157,0.04835456897522873,-0.24935102107303497,0.48682398329073456,0.3373752245175078,-0.2956608636100908,0.7318358083793435,0.9147510949664607,-0.5514251235557771,-0.21344932374129147,-0.3861947993301269,1.3401735642505765,0.18053711053034552,-0.773202127133882,1.3112728879044897,-1.1433675460737809,1.2457464815598909,15.694412864407187,0.03382308234817914,-0.4015501186910751,0.5542461704157565,0.2630344272151185,-3.6692141367743694,11.214903937785905,1.405660981020818,-1.8200902570594728,4.030158819518051,0.0,0.0,0.0,0.0,0.0,0.0,0.0,0.0,0.0,-22.144140053668494,-170.16433646004563,-399.2502918018267
573,11.46,8.528005684614843,-2.9228696893282815,0.35974759452285565,0.8806076837948884,0.4035130203389163,0.040348061422357834,-0.2451109618067388,0.3957255000575691,0.47459347917669037,-0.8036546838805598,0.7295119150368017,0.9163436339518682,-0.5548336795057977,-0.22367749230761894,-0.42859182441541305,1.2924882641038407,0.18493515959746468,-0.7879493031095142,1.3555322798289722,-6.061440116962628,8.555056616205812,-34.60464610182122,-0.1579611441547108,0.2203927178818257,-0.20431304517912818,-0.8554370222254415,-1.3463985747628404,-7.592227547691356,-0.2942919883080139,-0.22546439936116003,1.1042456328882313,0.0,0.0,0.0,0.0,0.0,0.0,0.0,0.0,0.0,30.68547878480714,-42.16966750322928,-103.2027960092952
574,11.48,8.521478224311256,-2.938607792179282,0.35430199793000666,0.8780333063387217,0.4143668687753854,0.035608533053610204,-0.23683252182701828,0.3158977864591912,0.6434465759251333,-1.1220037876911,0.7288733547540154,0.9322148400644937,-0.4988892407605513,-0.17257369824022123,-0.42310564081562996,1.0043387431820452,0.24650575042471395,-0.7359292379646426,1.3228274251092018,-2.7014523849936345,8.319738566461677,-3.4687476073009567,0.0029837590451667617,1.138073583659174,4.501931119718439,4.09665044946498,0.9853838012943099,-13.488934852082625,4.635815135329376,4.5232921251245,-4.538014565996592,0.0,0.0,0.0,0.0,0.0,0.0,0.0,0.0,0.0,18.53616501778237,-58.04088464446579,-76.21520563558597
575,11.5,8.515616759193087,-2.954533480166422,0.3480254987345142,0.8785510300464704,0.4214652197587746,0.03302457806997843,-0.22231629130874267,0.33901429894534035,0.7658336692797831,-0.6972877773727157,0.7311182740770281,0.9446790551049282,-0.43347999159320394,-0.13148053943761992,-0.43787689916054534,1.2353198048454552,0.32681073321979526,-0.5878585186004421,1.046644829747248,2.9174459397343644,4.976263778761516,26.202795723046407,0.1444506427935699,0.3142888308443607,1.9228835497299392,1.0190234394257847,-1.2923433532387447,19.041881889582307,4.281184854808883,8.327432830751503,-14.133184245757652,0.0,0.0,0.0,0.0,0.0,0.0,0.0,0.0,0.0,26.863610438189866,-214.6828183323266,-270.6461911206941
576,11.52,8.509827733732676,-2.9701359186356755,0.34222044297034715,0.8789472066641101,0.43131969850128354,0.03476652228028756,-0.20051537225523228,0.4004553439726122,0.8616638758466313,-0.576856443173837,0.7330526434172345,0.939983842612909,-0.4217259531928526,-0.09089137249954582,-0.4471555385499137,1.4562309256943216,0.4055535913061291,-0.4126119406678475,0.6694861871037205,3.169931730177212,4.646609487507042,-4.206178131633914,0.05238962074786459,-0.4679934657029855,-0.36387720918056043,2.5144777074732336,0.061414955272810545,4.84329950515636,3.5681172418121068,8.816522813514178,-22.298762782235936,0.0,0.0,0.0,0.0,0.0,0.0,0.0,0.0,0.0,55.62401881779627,-54.23619260497958,-97.48778070652531
577,11.540000000000001,8.50422578681296,-2.9854784548625353,0.3361896148828794,0.8771421880136437,0.4450050252662132,0.03212818257212639,-0.17765103258654846,0.45524795570446475,0.9683684076052903,-1.1697320696028806,0.7320285602766267,0.9493634366684953,-0.40807916307598086,-0.036317092622845576,-0.4094303027629007,1.1547103586454786,0.4647384171826602,-0.2937509689857998,0.6954250442281551,3.275454387904625,4.22070830702078,-31.62525142505518,-0.10474457639915705,0.9317388452983442,1.7166884588087958,2.3551066091906456,2.717978792202953,-19.814473053267818,2.2533676169587094,4.480144001647848,11.521856312734348,0.0,0.0,0.0,0.0,0.0,0.0,0.0,0.0,0.0,0.0,0.0,0.0
578,11.56,8.49636990604696,-3.002814085564355,0.3281555951851627,0.8697582357290671,0.4663240532222799,0.02149836417630082,-0.1600009659519227,0.5178799653744056,0.934628242898378,-1.0263570678626341,0.7286188650756661,0.9621933695746833,-0.3385389814242097,0.0029416631901681665,-0.3137031784457795,1.0302542148658382,0.5216180659959252,-0.2606415930907529,1.0246513006476505,0.27818500457750694,-3.7810681226078984,20.745326621630277,-0.1490037209035187,0.48035926785820343,4.8334152401481045,1.296385533686168,5.881252240172987,1.2307905280125908,2.5476306414344476,0.31044999847290355,13.869917020070126,0.0,0.0,0.0,0.0,0.0,0.0,0.0,0.0,0.0,0.0,0.0,0.0
579,11.58,8.486625411509838,-3.020684803379646,0.31907094139284325,0.8551379061597119,0.4972562189639049,0.01123550721392207,-0.1461135774941937,0.5074215763269686,0.8444562141681066,-0.6929695285966654,0.72795020238503,0.9435855516768301,-0.17564484280373216,-0.0164761224087284,-0.18924124454587962,1.2530063597095302,0.5067820294844761,-0.3003999007825231,0.7308526654609933,-0.6703911025547218,-4.625081395920837,10.107858885208087,-0.0545521743546996,-1.899400650909977,7.8938720846359995,-1.48741903930865,6.4850589454247025,12.891347532501046,-1.8566969310288248,-3.514148574239094,-23.134710538414154,0.0,0.0,0.0,0.0,0.0,0.0,0.0,0.0,0.0,0.0,0.0,0.0
580,11.6,8.474392770970402,-3.038295497175442,0.3116827821889485,0.8403096330748536,0.5260241304003093,-0.004411370325802777,-0.13099188757344107,0.42157117225188817,0.7671597246845175,-0.943019690635387,0.7203680572635851,0.8690013515538767,-0.12882197164322634,-0.03045422945613514,-0.04904720060226302,1.161824878927833,0.4685482167410185,-0.4427070631637937,0.9240094751241202,-5.651678677382418,-4.0901336180782435,-18.4390909081171,-0.15683129051390735,-4.525911906274503,-1.0588698977825106,-0.26805478370079655,6.986791119230635,-10.950095865717172,-2.094197739953741,-8.613290520933802,20.72890615799259,0.0,0.0,0.0,0.0,0.0,0.0,0.0,0.0,0.0,0.0,0.0,0.0
581,11.620000000000001,8.460888115532386,-3.0547063750171666,0.301985897334231,0.8267689155679123,0.5499938737360152,-0.022906348078788174,-0.11591030291222976,0.3417958989793068,0.6862671499427269,-1.0315029522656673,0.7229520120032806,0.8046933090566818,-0.38642418013555485,-0.032240002565736746,0.10034875948130931,0.861713456826141,0.47206070287530294,-0.6342891044033193,1.53120141598577,-2.7425734598884066,-3.715032818447896,2.546020758531952,0.7307407578175954,-2.772925493137925,-14.39849905974405,0.10570530785030759,7.403201464890735,-12.789622911287786,1.433958842968448,-9.36161945661604,26.0740108120932,0.0,0.0,0.0,0.0,0.0,0.0,0.0,0.0,0.0,0.0,0.0,0.0
582,11.64,8.44720868970169,-3.0695321774936106,0.2895937024897019,0.8162860227297928,0.5678001154513257,-0.041035985833374256,-0.0979602258884756,0.30787277442563504,0.6136449847224059,-0.7934341670786436,0.7242501910004524,0.7491002273307924,-0.8749502011345844,-0.04837034102775929,0.2116708361702843,1.160092250280463,0.5027376791250701,-0.779836648024119,1.4768607435512282,-1.211494466738013,-3.1877083628236687,12.566900167072333,0.004200723588382641,-3.2985224026086524,-22.118993288468612,-0.8651566943961966,5.122111225008403,22.71181425233949,1.8140488763106857,-5.967098895121071,-14.694537980852811,0.0,0.0,0.0,0.0,0.0,0.0,0.0,0.0,0.0,0.0,0.0,0.0
583,11.66,8.432927247727227,-3.0871731153680364,0.27798803931045235,0.8095109550352575,0.5795782622457942,-0.05098244637965754,-0.07862468932337245,0.28094803422508813,0.5560142784995374,-0.6925156467607337,0.7168667099087102,0.5922593352110695,-0.6961402281268539,-0.089887648502309,0.27471496950942415,1.2813173772489685,0.6013764335116425,-0.8484057042381359,1.3612203730338954,-2.2686838628348225,-2.5918948615073756,0.08350584589857446,-0.3612781563961134,-8.653372731834013,18.51645572442819,-2.8363066978511604,1.7559184131871037,-2.645794016681789,5.11140940986727,-2.376799374784666,-3.3294367405363356,0.0,0.0,0.0,0.0,0.0,0.0,0.0,0.0,0.0,0.0,0.0,0.0
584,11.68,8.424966916042122,-3.1063469160672263,0.2710576577348109,0.8065407935840893,0.5857066758768569,-0.05182217627520325,-0.06127071212359794,0.2868891299195334,0.5755121289091326,-0.8681035107472466,0.7192061598319409,0.4226864397618283,-0.11140006256228777,-0.17643375083763818,0.314044472083065,0.9339103000941793,0.7350801385704543,-0.8912530763899358,1.1477578704237588,1.0311142914109632,3.2280476159724607,-9.895776534979603,0.24862844082916108,-7.144798105563253,25.033788295873443,-7.133386555548229,2.3699745644862937,-19.36241699590834,6.447724915136384,-0.8077298503582877,-21.29838839772063,0.0,0.0,0.0,0.0,0.0,0.0,0.0,0.0,0.0,0.0,0.0,0.0
585,11.700000000000001,8.419041551225595,-3.1195766931134523,0.2732747126804643,0.7888197017440445,0.6105734115904181,-0.04652143341556153,-0.05290882187534152,0.32575883515100335,0.5660969039458723,-0.5537229655760834,0.6615149495491467,0.39838063215448616,-0.6872152977612471,-0.3385951852800471,0.2572072936357323,0.969177511474347,0.7680047945592084,-0.8249434306488486,0.16088655918799422,2.9126157796927528,-2.2895911029528664,22.184305640764876,-4.251643806562903,0.6912084053175275,-45.82772717739712,-7.076446104294074,-5.973487817287717,10.488822995048716,0.0260041140678966,5.397185529840575,-56.81147623003862,0.0,0.0,0.0,0.0,0.0,0.0,0.0,0.0,0.0,0.0,0.0,0.0
586,11.72,8.413069514989532,-3.1295061704280815,0.27789577969919527,0.769281966704839,0.6358442857529701,-0.04551187627523664,-0.04284820995022472,0.35605866993126506,0.5539613634652489,-0.6121069489794901,0.5554123526381514,0.35864088063470373,-1.363232607488622,-0.4059581198720951,0.060933924149640474,1.425793122746398,0.7469637175946341,-0.7448617869752784,0.3308372239417714,1.2018584790894844,0.001450847073113909,-12.549084926035203,-5.9332945270063995,-3.775336332844046,-19.853247237416042,-1.2403359371940206,-11.523220462409293,21.822138145338823,-1.0499610971234454,3.603833695936792,34.9228010989181,0.0,0.0,0.0,0.0,0.0,0.0,0.0,0.0,0.0,0.0,0.0,0.0
587,11.74,8.406946295286392,-3.138289069268504,0.28025760938840516,0.7546549197274677,0.653229974016316,-0.047606145511732874,-0.03898984595108304,0.3776424818375439,0.5498279774219481,-1.1841906490779008,0.43626193680873077,0.28316551619653996,-0.808270048079917,-0.3608256259362427,-0.1457830297311104,1.3946219701359208,0.7323211014595183,-0.6753725949523478,1.3411878574047946,1.589961374926074,-1.391749548704029,-27.41039787635767,-5.212490586030575,-3.770125646406556,47.200775221301896,4.239130907803039,-9.608025472970954,-11.499348875522497,-0.43135938953823294,4.316227148215727,47.058293439279154,0.0,0.0,0.0,0.0,0.0,0.0,0.0,0.0,0.0,0.0,0.0,0.0
588,11.76,8.3993087867818,-3.145542321433981,0.2782524002323855,0.7445351728975451,0.6644220431549782,-0.04827290361666251,-0.04336417489823015,0.47000560958826704,0.4611209954878701,-0.9295622015693129,0.36435782632725194,0.1735556887623737,-0.0153268109385747,-0.2548643696478576,-0.307717094748885,1.2740690788963724,0.7360645713517522,-0.5595777815836801,1.0941857254624998,5.568940893114881,-5.4107055660041095,26.316721808339565,-2.485906343210011,-5.113848881121963,24.531958988417166,5.956080623862305,-7.090334272729287,-2.2781819658944262,0.1586054323943274,6.0660791609431675,-37.00372405968044,0.0,0.0,0.0,0.0,0.0,0.0,0.0,0.0,0.0,0.0,0.0,0.0
589,11.78,8.395148669474667,-3.1513382686099987,0.27533340226434416,0.7343611272643804,0.6750454548952767,-0.04846742817386733,-0.051752072368448275,0.5344500451332068,0.4001963826833437,-0.7055663039057545,0.3682733598202151,0.12508503573923324,0.08543853407760707,-0.12031885557834596,-0.37883779917848864,0.798998659340797,0.7029348879216094,-0.4053367333555915,0.3528597487476183,0.5858467430513874,-1.6986275893037397,0.6729813384963714,0.44505775256887703,-0.5775026996881576,-4.622201381165005,6.514103976199275,-1.8190515857471499,-26.719323327202098,-2.6479795785485547,7.903514795593566,-26.92424260990807,0.0,0.0,0.0,0.0,0.0,0.0,0.0,0.0,0.0,0.0,0.0,0.0
590,11.8,8.392483222291505,-3.154491767736115,0.27560352180715064,0.7263186771708736,0.6820150623585484,-0.05953604775454585,-0.06141736665297992,0.5244864802534223,0.41812676584364583,-0.9761003927721271,0.412977148526059,0.1493164337517705,-0.1654687162367452,0.050843775107488304,-0.371249464683836,0.5594795109644655,0.6907504028341843,-0.32704650294300175,0.7136063859333703,-0.828666566105343,1.9498402420581002,-15.653373296848473,3.479650833145265,1.7211397259177876,-12.108809941140048,9.71938166756237,1.423857978046136,-2.4116145662025072,0.23079890798934555,2.853733731582026,31.533745636417358,0.0,0.0,0.0,0.0,0.0,0.0,0.0,0.0,0.0,0.0,0.0,0.0
591,11.82,8.390095278607305,-3.1570057951807513,0.2761672025533528,0.7285728146912285,0.6767316960180894,-0.07342866322959024,-0.07631576975761561,0.5078710066056292,0.46635109759740423,-1.077448983133079,0.5333149004166142,0.18761526178015211,-0.19449894900768933,0.2740102721064665,-0.3042637831339215,0.8542992243452529,0.7070579434467714,-0.30659356387665576,1.3104422118944221,-0.7456223531781427,2.648794102511343,1.0013893568727927,7.3262698611257715,1.8850700649178398,3.8222779661890294,12.042801741876278,5.007531715669173,17.938836591368748,0.8905711652241666,0.18421738987972158,20.964372700101375,0.0,0.0,0.0,0.0,0.0,0.0,0.0,0.0,0.0,0.0,0.0,0.0
592,11.84,8.387281431716943,-3.161754006251932,0.2768120635896659,0.7339559318813818,0.6673691699065973,-0.08417910436300645,-0.0940263766341913,0.4837746774826794,0.5457950956005012,-0.9162140629064865,0.6871354742394571,0.2363285043490042,-0.17854542251140637,0.479985141379788,-0.1782049111991565,1.0667073891688579,0.6703268107280468,-0.31020874472494336,0.9076373639535753,-1.9271479654557149,4.806941810587774,9.077523801517273,7.519783538307245,2.879755201534009,-0.8616289364069433,8.789821345856883,6.932289303429305,5.148787719126981,-3.125329452443499,-0.7048901274532395,-32.65852747187417,0.0,0.0,0.0,0.0,0.0,0.0,0.0,0.0,0.0,0.0,0.0,0.0
593,11.86,8.38616976862061,-3.1676517875828543,0.28064555489063875,0.7108840356991398,0.6880355005431801,-0.09695989181963935,-0.10885686546435311,0.290799382236956,0.6831103414740113,-1.0934070718765692,0.754381518353816,0.35451169539541416,-0.7588592079067902,0.530029621004862,-0.019567879343677937,1.0327419481326061,0.506095699278118,-0.30820771225837607,0.5565006343659151,-13.614040116574394,7.366443183509766,-13.494882429086216,0.685531061770466,6.0993359137005045,-31.764121797333587,-0.9045296493936648,8.156473279169225,-3.8811146119030946,-10.766487003669038,0.08796735806151532,-6.031477504418579,0.0,0.0,0.0,0.0,0.0,0.0,0.0,0.0,0.0,0.0,0.0,0.0
594,11.88,8.383509532733783,-3.173522440469774,0.28295972414320164,0.6718788406106337,0.7210737344110179,-0.11908120947279388,-0.12021297198204894,0.0007282478557951028,0.7942384267891415,-1.1653740369946537,0.7181997891742335,0.4618742245023646,-0.9063395841944141,0.5135110405335582,0.09351382975503446,0.9339679153763506,0.37729392338489764,-0.3492379281081296,1.0945214156378487,-14.111293957995802,4.26150063000189,1.855748572237315,-3.042581906910274,5.04438322714553,4.934637636582054,-0.7190169924238166,3.867571736773754,-3.936852154303265,-3.808148620926742,-2.0965840684891592,33.02231646551337,0.0,0.0,0.0,0.0,0.0,0.0,0.0,0.0,0.0,0.0,0.0,0.0
595,11.9,8.379616343307536,-3.180748844087376,0.2790374874576125,0.6462167791075195,0.7395221118871662,-0.13985021682096005,-0.12630454182245396,-0.134555110696047,0.8210495031994386,-0.7984180566428555,0.686919819632765,0.5836974822270874,-1.0655066830725135,0.49487054677343467,0.14135285281545007,1.2814317028546114,0.33401900904590087,-0.3237710758427483,0.6498681105755132,-2.662422642967197,0.10142151511653263,20.223252883086595,-0.7510082262839493,6.309074252296859,-11.17838371513565,-0.7104195581016366,2.107345460156757,21.88661149756871,-0.6356601519924687,2.7461331696022295,-43.91694768719269,0.0,0.0,0.0,0.0,0.0,0.0,0.0,0.0,0.0,0.0,0.0,0.0
596,11.92,8.375766206957971,-3.1889416671530104,0.2718950356962605,0.6378759413082719,0.7437045509874755,-0.14951123344160636,-0.13290679220932697,-0.12116178945630093,0.8175685435413977,-0.7931770015338071,0.7131607874340571,0.6555398560038682,-1.0944492242146322,0.4892454501755155,0.15605059628779014,1.4825853727019511,0.34564019737027585,-0.2885398423818013,0.4247782329173307,2.4346123195878464,-0.20484706533530472,-8.421463660685713,2.307051093588284,2.2336417272363267,3.165301253126329,0.06720877024621202,0.2682015434415812,2.1240428007342915,0.8229692008548858,1.5444868094411135,5.907313413335951,0.0,0.0,0.0,0.0,0.0,0.0,0.0,0.0,0.0,0.0,0.0,0.0
597,11.94,8.374567830177988,-3.1996205370661888,0.2661796270170719,0.6334332849040413,0.7453080227697014,-0.15097967588378253,-0.14312009726387817,-0.06191576300162867,0.8376740366150804,-1.1191883302141623,0.704177060405193,0.6881233363969966,-0.506034940382907,0.46974245526621067,0.1730739411303049,1.0890792507433402,0.3633528220352392,-0.2752765560207046,0.6920008144026293,3.5266993408740728,1.0463363397419203,-15.04828718193328,-1.4821855474441947,1.7607046110618896,32.57816976672744,-1.9067187664541607,0.8398791323804983,-24.170006372486814,0.7604113607661278,0.3105969568740963,12.955368784594649,0.0,0.0,0.0,0.0,0.0,0.0,0.0,0.0,0.0,0.0,0.0,0.0
598,11.96,8.36881349764448,-3.208716602470249,0.2623503514380759,0.6325247108266125,0.7463008356590201,-0.14805552768334082,-0.14500728812982455,0.1590401080001973,0.7083595001478081,-0.49670228917333126,0.7320086044923211,0.7357174378301855,-0.8381522198171288,0.40018529983347456,0.08046554889975606,1.396141364764504,0.43300094491686075,-0.23384269132569344,0.05407224285624007,13.514767621311913,-9.419470651969343,43.74780117580261,2.5609511871249726,2.7310822696291726,-33.49625921408438,-3.551548791569795,-6.9735172329856905,28.00403265822478,5.272645583069888,2.481736845397676,-48.62938475253785,0.0,0.0,0.0,0.0,0.0,0.0,0.0,0.0,0.0,0.0,0.0,0.0
599,11.98,8.36363042313947,-3.2179125483596245,0.26369388689736645,0.6311134374466448,0.7494321306112411,-0.14492511872678604,-0.13800007479636434,0.3311332155590784,0.552103203429356,-0.3467656877857453,0.7439882485021546,0.7146157233999266,-1.0792438032498557,0.2992321612957935,-0.1039929068410835,1.6453628348855005,0.5188740801646982,-0.2670637182833575,0.3676623394633892,6.930693474737133,-7.047183638592379,-10.342333138035901,0.014627995962379792,-3.2584887166116037,0.20369713229033515,-5.207653744035139,-10.701333687312232,2.3633614897492237,4.370964044307798,-3.5658000865857877,41.38216398830164,0.0,0.0,0.0,0.0,0.0,0.0,0.0,0.0,0.0,0.0,0.0,0.0
600,12.0,8.357746982770285,-3.225934588028879,0.26355768953889547,0.6321891671650003,0.7498504661398159,-0.14402778592648252,-0.13159457523104356,0.4352333568774072,0.417701871796234,-1.0393214851924466,0.711613431144527,0.5801008819182671,-0.4162187610101821,0.259291757270179,-0.28133408079087774,1.5153487236363175,0.613408537027663,-0.3633470875299224,1.4085380296141783,4.37353097572064,-8.036246143995891,-35.15513595221246,-1.665731944867131,-7.780775825428794,38.172648823424936,-0.48805993668746395,-7.620845156223593,-9.001031735135733,4.050737165405723,-4.326866844623983,44.54891883477971,0.0,0.0,0.0,0.0,0.0,0.0,0.0,0.0,0.0,0.0,0.0,0.0
601,12.02,8.351907917423784,-3.2347035678627063,0.25887547220383605,0.6330345858472561,0.7510799258115455,-0.14291460275763346,-0.1213324955761796,0.5342588439221845,0.19255522657776455,-0.835379384459972,0.6814711798514271,0.4434524344429951,-0.2455730009417113,0.24913126574756006,-0.3699752488048479,1.3294327468839162,0.6923233188607671,-0.44944844824846364,1.13151343427107,1.4948368116157007,-11.841371720427924,25.886928784073444,-2.6059269570746153,-5.551537376325676,-7.699411933071145,-2.15884152208685,-2.456573393828984,-7.136030699335901,2.8284795551636313,-4.672138325853973,-36.620578460388955,0.0,0.0,0.0,0.0,0.0,0.0,0.0,0.0,0.0,0.0,0.0,0.0
602,12.040000000000001,8.348537008835544,-3.24640523140506,0.2555119721312976,0.6041899968753014,0.7763884505601788,-0.14587461223139295,-0.10438399790642545,0.44225335567047636,0.031702262507493514,-0.908160892486823,0.6026561164544227,0.3430185142695563,-0.6270982865357787,0.1276645195739008,-0.3960063926880903,0.9923906493960412,0.6686702742037992,-0.5138115939438582,0.777897740820495,-7.269116450853301,-5.9677176762377915,-15.30240341134235,-4.408180870945777,-5.404465575637559,-18.229202694779865,-7.8874114109595075,-0.6843545565142803,-16.63940382680417,-2.9829232335486444,-2.6837357927131977,-4.393114350704403,0.0,0.0,0.0,0.0,0.0,0.0,0.0,0.0,0.0,0.0,0.0,0.0
603,12.06,8.347691516285222,-3.260397852764036,0.25042151298510085,0.5765618470175007,0.7975763422687921,-0.14904026456996025,-0.09610106322938534,0.2792370270126495,-0.015481446221682897,-1.3670916833450393,0.50956028166,0.243387666744991,-0.5934831839393089,0.07802770208278144,-0.36724588852155693,0.8120423151857228,0.6712104219560906,-0.5516878845858015,0.7430862391827121,-8.348452626945235,-0.6722256700003281,-19.811850891389042,-4.566629057485083,-4.028736028648066,9.34636789834159,0.8590277870968754,2.4438921984505884,-3.155154360933772,2.316401364319483,-1.1822792152097978,-0.2856501718338066,0.0,0.0,0.0,0.0,0.0,0.0,0.0,0.0,0.0,0.0,0.0,0.0
604,12.08,8.347414739545716,-3.27284935644002,0.24241585688237507,0.5646230713692346,0.8058762336508729,-0.15171733797228248,-0.09352076065163031,0.21707588695804975,0.0064704572056555375,-0.8753691521159153,0.49271897650215,0.20384700527834212,-0.6584542038629264,0.12151628119791233,-0.30450328382265807,0.8148135486149054,0.7399263456998253,-0.5282491308380248,0.28314954922717495,-1.883325924519831,2.0972607605923965,38.24023695531521,0.11237371010551217,-1.4814721365066936,-7.621910614931089,1.3031661477465477,3.3984408314802206,1.6776226328153143,2.109081996193274,1.7468206993388495,-26.647172692406542,0.0,0.0,0.0,0.0,0.0,0.0,0.0,0.0,0.0,0.0,0.0,0.0
605,12.1,8.34616821211338,-3.285562515695301,0.2375172223589066,0.548937283923033,0.8164034515106814,-0.1544091467097946,-0.09116511445175694,0.1510319354154773,0.0918390417546044,-0.7292093335708446,0.5124977631613964,0.15439595961152444,-0.650968030099132,0.14124420934366097,-0.24292022277084419,0.936731022675007,0.7342112462167483,-0.507565501846408,0.30657432067796475,-3.50617845315998,5.621910507416646,-8.1561242128279,1.7713145197380389,-3.010057832861045,3.9018258526119807,1.3292550468171602,2.959192892822004,6.330008555048803,-1.2109480205836864,0.9630120807369833,12.60501110476881,0.0,0.0,0.0,0.0,0.0,0.0,0.0,0.0,0.0,0.0,0.0,0.0
606,12.120000000000001,8.345475885791672,-3.2977040730454554,0.23206917728986132,0.5400425109299964,0.8217727243719409,-0.15675633352050589,-0.09203872971716681,0.09665981327248711,0.2624992148762738,-1.0356202267816317,0.5711243929946286,0.11058442677128869,-0.23695053535281715,0.20812816128641795,-0.1566254056717873,0.9242404728024531,0.7233437941993042,-0.49669903165101104,0.6989875754572608,-2.1395841195113388,9.606179461824219,-13.831358541225706,3.5785035454940606,-1.38528304032809,22.36295173456975,4.375597947897538,4.790599213749291,-3.3707489550481533,-0.30513050425405014,0.8549058021912495,16.918447281762766,0.0,0.0,0.0,0.0,0.0,0.0,0.0,0.0,0.0,0.0,0.0,0.0
607,12.14,8.341815065519958,-3.307030516059489,0.22578769172204222,0.5391724234777654,0.8221477467166826,-0.15727918257196796,-0.09289477412258912,0.14560903587724164,0.40174263373841385,-0.5402758593787405,0.6658244616223787,0.14237644600298782,-0.6288112941451838,0.2945717957272954,-0.08255880481049097,1.1182980944148588,0.7284892074597799,-0.4308653466356689,0.11479410782318725,3.512449475309546,6.0210330308787885,35.449305627941385,4.076868762654321,2.901297080459924,-31.896091088862843,3.2099613051515945,3.893527579950702,12.876346805954324,0.32501649795898513,3.5783201162353517,-43.48110698388292,0.0,0.0,0.0,0.0,0.0,0.0,0.0,0.0,0.0,0.0,0.0,0.0
608,12.16,8.338034704093445,-3.3143500292454346,0.22138849822277026,0.5232368034941668,0.8321491093997073,-0.15795489592819925,-0.09381555333094016,0.16122340259849655,0.5636059818014024,-0.5236260232673322,0.7238288967067206,0.18273804627339818,-1.1629643181356795,0.3338431779709027,-0.04749223386898702,1.2831920151725387,0.7201705311063139,-0.42323976507837335,0.4660557578232627,-0.1379628954671252,8.8594631448107,-14.006426709034756,2.168411381767577,1.05047925401625,-17.214540438629008,1.6305596315625803,0.2983973953640773,4.060237769913767,-0.7847210689994386,-0.3835865676336288,41.01262272137494,0.0,0.0,0.0,0.0,0.0,0.0,0.0,0.0,0.0,0.0,0.0,0.0
609,12.18,8.333087050102582,-3.320945814157285,0.21509257848303978,0.5115697017460052,0.8382363081360461,-0.16219922864016112,-0.09668372255188303,0.15440041377931082,0.744695815077274,-1.2252152286242468,0.7263045964030586,0.1856344307721913,-0.6137420048579016,0.4414407027330785,-0.04223028040342342,1.2994259990074186,0.7244042019560457,-0.4288703732619301,1.3871480064579134,0.06408384913449555,7.64999495442757,-34.08428832887073,-0.6624318857829758,-0.10372334467427745,41.00630665907291,7.324017583620724,0.15130213518555455,-0.9612617379886867,0.23995153356158755,0.8023712379359593,35.485241076813296,0.0,0.0,0.0,0.0,0.0,0.0,0.0,0.0,0.0,0.0,0.0,0.0
610,12.200000000000001,8.32695887795224,-3.3284390443217076,0.20548785550726759,0.4976107436970208,0.8460456673244794,-0.1659816946096818,-0.0950807741516246,0.28807547764808006,0.7715677701014058,-0.8361228433519461,0.6974056307941128,0.20940831270476512,-0.4441798422930976,0.5218798157295249,-0.04252150127581662,1.2503890421642994,0.7322989633289503,-0.3937640961477815,1.0206430034037215,8.610426523603877,-1.7566878912054384,37.171833946207,-2.0766265620080504,1.6723518107508215,-8.44599865520141,0.9443268218853729,-0.2592612078261176,-2.185062747318976,0.291808085035337,1.8984454173868008,-40.152154926677156,0.0,0.0,0.0,0.0,0.0,0.0,0.0,0.0,0.0,0.0,0.0,0.0
611,12.22,8.319363313766086,-3.33683764008536,0.19697781771319503,0.4711366739110103,0.8615768625138694,-0.1685453905425645,-0.085486816548996,0.4404226586008745,0.7073938607821926,-0.6312287463621833,0.6740661451891987,0.2379561532802379,-0.6260726021487082,0.5044411772626138,-0.0804636174515267,1.1443370888788083,0.7287207354986228,-0.3459662883611481,0.464832753102294,7.156985104128963,-3.6997460222064564,-4.385607870451967,-0.6167963237693632,1.052718626559799,-6.653644995097222,-1.8122171493519346,-2.7667308400556623,-5.311496140498159,-0.3009207714449938,2.1952294994619215,-14.749011633313701,0.0,0.0,0.0,0.0,0.0,0.0,0.0,0.0,0.0,0.0,0.0,0.0
612,12.24,8.31226661257823,-3.3462499568251305,0.18747171197703874,0.43860267712177975,0.8782903890651242,-0.17371021937936038,-0.07783600568255805,0.5094433213023235,0.6575867533681156,-1.0730739044543747,0.6437915413595958,0.2666795690841882,-0.22160534264665124,0.493889350998839,-0.1085850315759831,0.9175057029246347,0.7248616402250642,-0.3321198781127764,0.5813255009915625,1.3288970971583165,-2.578597190113527,-23.72028942227892,-1.8562129255602282,2.1984733288355685,26.226528613471004,-0.09340139246931897,-0.7751187589366753,-11.047669942822342,-0.09403962488045306,0.15542129645568106,13.044703229819604,0.0,0.0,0.0,0.0,0.0,0.0,0.0,0.0,0.0,0.0,0.0,0.0
613,12.26,8.308614472715535,-3.358044185571903,0.17739383573456383,0.39986227519866474,0.8955427187181993,-0.17974122820575952,-0.0762003327213761,0.5037411686512994,0.5739437930096521,-0.6558015411634952,0.6137302972173944,0.42002660329124214,-0.5336083897129289,0.4804915266689524,-0.09105742340240108,1.0909687092528577,0.7270330131496484,-0.27700523952294626,0.08797279333330624,-0.42979251266239515,-3.288230430474343,34.384682779269355,-0.4211797769021527,10.00418490189766,-27.960553167530243,0.3772738670604199,3.085411885124201,15.589941535392029,0.12211171824654539,3.71683451407776,-33.870081186569394,0.0,0.0,0.0,0.0,0.0,0.0,0.0,0.0,0.0,0.0,0.0,0.0
614,12.280000000000001,8.308979061768042,-3.371854413717665,0.17421052565504597,0.36530137930510215,0.9101574025793073,-0.17654134314699388,-0.08367531874892092,0.45177029987561873,0.5637877141466865,-0.692847019685839,0.6254755025803318,0.5749030378142493,-0.9846055905816444,0.4765736410044636,-0.05579357396586142,1.2797091292712126,0.7130010007838397,-0.30551224325342574,0.5652405038936195,-3.5485597596425817,0.4375985653720578,-16.59502875316812,0.8413934498595628,5.857188895131046,-14.08268499636024,-0.5025108241651003,0.7647162660215766,4.133613114517621,-1.2149476946319626,-2.8774773187181792,43.09484533945262,0.0,0.0,0.0,0.0,0.0,0.0,0.0,0.0,0.0,0.0,0.0,0.0
615,12.3,8.308264231496556,-3.3869465898011466,0.1706614184455707,0.3256490940123387,0.9249192735601672,-0.17261234107659165,-0.09317716820087224,0.32588592532178573,0.573751874938725,-1.3818658674532565,0.5912543613329038,0.6331257431288311,-0.6765610723227153,0.48245510631240934,-0.029086332702697032,1.262963719696371,0.6914298727125779,-0.3925282381748112,1.6878937796751154,-7.095085797239911,-0.6708851304688322,-32.52529009738202,-2.6739159717799605,1.5731585190817912,23.954840749099514,0.8095474095212714,1.6091985995963995,-2.9121306987651225,-1.4179550995498802,-4.143269028218094,51.34230100176423,0.0,0.0,0.0,0.0,0.0,0.0,0.0,0.0,0.0,0.0,0.0,0.0
616,12.32,8.305915499354471,-3.4013935520679928,0.16867547461903745,0.2859292849330847,0.9380837950069919,-0.17053329629450967,-0.09571641665808096,0.26936023022516864,0.4934522679406008,-1.1267787932082807,0.5146123830221105,0.6706434634915156,-0.8250033513588036,0.4795300997881079,-0.017408532903650988,1.365587357911274,0.660143102530485,-0.4852669723136585,1.4849957491367607,-0.8216996133328052,-5.458453879073172,28.90733684734967,-4.021774813557725,1.5236836928267388,-19.27705377153203,-0.6282644238832729,-0.19788298857207692,7.2604065530254704,-1.0008076196777722,-5.484394994268811,-35.357263650823235,0.0,0.0,0.0,0.0,0.0,0.0,0.0,0.0,0.0,0.0,0.0,0.0
617,12.34,8.301014345093442,-3.4176666708765198,0.1691661842207261,0.23817140688162813,0.9519395168842245,-0.16977559978853046,-0.09089434996026909,0.19662076697022968,0.40373859178111365,-0.7180002294074194,0.40579473288066586,0.6569884901602601,-1.2154739078325378,0.42312544710362776,-0.048044110791477766,1.1551587715531857,0.575703770026163,-0.5231645805225285,0.7184037540732928,-5.145931813824859,-3.588349789584009,11.23646294870034,-6.241672239976171,-2.3780023756439035,-14.526372351356034,-4.171019168311041,-2.4583774356350956,-15.787043061438068,-5.2167231115093085,-0.3295264608869959,-29.685456839889156,0.0,0.0,0.0,0.0,0.0,0.0,0.0,0.0,0.0,0.0,0.0,0.0
618,12.36,8.295942379801021,-3.4350893260354436,0.1687006550476311,0.18654435100398095,0.9640893543919961,-0.16883160454994978,-0.08502241564209391,0.07211222978013898,0.4009452840205126,-1.0096011479195286,0.25591829932806054,0.5892945578011921,-1.296766947766046,0.3528109080367728,-0.12589704273111965,0.6957816939633102,0.5076164980000221,-0.5375908809598845,0.7715981350922595,-6.266423353570886,1.1267358446990379,-21.3099230319543,-7.782550645109778,-3.8044546730841002,1.3201139105628985,-3.2550746606843046,-4.955158334321924,-20.04352217434004,-2.401651300441266,-0.6158524359984566,15.74563796643101,0.0,0.0,0.0,0.0,0.0,0.0,0.0,0.0,0.0,0.0,0.0,0.0
619,12.38,8.292687257930941,-3.447425038842364,0.16707550701261725,0.15199541911418013,0.970803130913031,-0.16714372620263335,-0.08063279958466107,0.053180343315352076,0.3973638722462022,-0.848854229416752,0.13023924748279514,0.5268815851224413,-1.181994647678073,0.3157378925755108,-0.30181300367403213,1.1238141127408787,0.531814424732488,-0.48997821624168314,0.4240675632330667,1.7197023334795793,-0.3259472502411246,18.696937384269937,-5.047363428486754,-2.2808606193784224,6.234313053778435,-0.2912212911425911,-9.859719617837566,32.9276077710299,3.752202491581545,3.6738247719292074,-26.78149597528902,0.0,0.0,0.0,0.0,0.0,0.0,0.0,0.0,0.0,0.0,0.0,0.0
620,12.4,8.291552217260511,-3.452648935489386,0.1667579841880001,0.14274958191611425,0.9726612362188897,-0.16499810665337505,-0.07955062049234686,0.18008668280702916,0.3938785316240885,-0.6310844451390705,0.13124006584462825,0.45307187657573866,-0.8368997187893589,0.3738447312260575,-0.48882824804588293,1.3576297433656415,0.6405080739083076,-0.42215481386051157,0.14520041644262852,8.906250394197302,0.16175222676847104,4.64008692006246,2.6100292862728587,-4.662135314872222,18.458385032150428,4.78522334064173,-8.958061143499643,-0.4797703187746558,6.330065799631431,2.9783471910043886,-4.40478512052935,0.0,0.0,0.0,0.0,0.0,0.0,0.0,0.0,0.0,0.0,0.0,0.0
621,12.42,8.290001677137827,-3.4576800685665456,0.1659779764812785,0.13221814217857572,0.9747433163010933,-0.1626084978581319,-0.07715119331231816,0.3359963990224133,0.383206586925376,-0.7018256311785213,0.1680585063753856,0.324266042024458,0.02981614902618765,0.406269745727661,-0.6221976619690911,0.8366580258789611,0.736915000097292,-0.39715239477663067,0.4163251060114181,6.99408241378215,-1.0342874844062366,-6.140281096820452,1.7930964651650885,-6.628529694490594,45.08182731250583,-0.9872581631259489,-5.467004625153188,-30.308637385184518,3.5513570257032985,0.8824518247884992,17.188112231691164,0.0,0.0,0.0,0.0,0.0,0.0,0.0,0.0,0.0,0.0,0.0,0.0
622,12.44,8.288406950024056,-3.4632467815672787,0.1646741732730888,0.10736589112829209,0.9788379080274506,-0.15789690700635783,-0.07360354603208488,0.505694593374759,0.2709658503511126,-0.13016475649869896,0.24546967458963959,0.23932767763401766,0.18192053678071868,0.3049148626266292,-0.7356588215327845,0.9383239206217713,0.7516101785740065,-0.3008281236456899,-0.18408837855957164,8.448120662167113,-7.316197098480375,35.409838817677006,4.771245379292752,-3.1253723032687626,-10.362605163804957,-6.9998945664513545,-5.497703834245777,18.7981878077746,-0.11874931687644996,5.875582135867804,-44.107500854982824,0.0,0.0,0.0,0.0,0.0,0.0,0.0,0.0,0.0,0.0,0.0,0.0
623,12.46,8.285389523833748,-3.4723342621544497,0.161856527250235,0.05774978790559977,0.9850184830518459,-0.14827112467607664,-0.06647724144690476,0.5399623280057367,0.2136157208361183,-0.2756209222243688,0.34774350387448655,0.16883888183391227,-0.3021864866587318,0.1270133692912216,-0.7923519224757245,0.9812772842931832,0.6642058159353658,-0.3128986752402812,0.23656400683375142,-0.23709552844267456,-1.2076084941352454,-22.84279040823202,6.1339690163068905,-4.867308676325741,-22.541581542206096,-8.757400409159212,-1.2919837187091179,-5.886043334123909,-6.282683415602548,-2.907157120709896,45.43635125086918,0.0,0.0,0.0,0.0,0.0,0.0,0.0,0.0,0.0,0.0,0.0,0.0
624,12.48,8.281540237491937,-3.4816113482103264,0.15945773027202237,0.007931263986182394,0.9889838860869293,-0.13609198765052366,-0.05767962386585807,0.49691835129822154,0.19382545251346464,-1.2252060220040517,0.4815391710979175,0.033588493431933264,-0.33112193090228786,0.06994453115453651,-0.7493984259368749,1.0920440540736112,0.5544901829747634,-0.4170657503872715,1.4789671394329258,-3.060133611689608,-2.9412433345164075,-50.63923146789274,7.632274538144632,-7.745915333508157,7.336488942514516,1.7191865439437248,3.8125545144826325,9.048792104205289,-4.168304931812577,-5.774854720640337,64.77360606457867,0.0,0.0,0.0,0.0,0.0,0.0,0.0,0.0,0.0,0.0,0.0,0.0
625,12.5,8.277790521439329,-3.488044846959672,0.16283614830706256,-0.02720918749490571,0.990599776594234,-0.12568992665209028,-0.046623867981030104,0.4071681465766268,0.12186615474623973,-1.4530160290038876,0.6262713492759744,-0.07122403174723872,-0.3634300638310869,0.15489971240937528,-0.5930053514861598,1.16850824380095,0.48210240743796856,-0.5524533283445455,1.9951662442719704,-4.613052238054999,-3.492893825779755,9.184381556363599,6.892461127396057,-3.719025343004414,-4.911178870925887,5.316397631221056,10.20724057669298,0.641547796817133,-2.8946855713780213,-8.003664457980976,2.183978514004364,0.0,0.0,0.0,0.0,0.0,0.0,0.0,0.0,0.0,0.0,0.0,0.0
626,12.52,8.274006553844487,-3.494565916011055,0.1685101066471085,-0.06606779416628666,0.9905735334120044,-0.1138404344005387,-0.03794043981234856,0.2881347482393991,0.07554234489862936,-0.8336240178473302,0.7436248219491749,-0.04451639223252016,-1.0932593281913148,0.19697870042183035,-0.3579494793106075,0.9689596264808937,0.3540119616071551,-0.6501312750040642,1.2531130679130302,-7.2436443981704635,-1.554444679640907,32.51172303537828,3.3534196841224517,2.7205527685521727,-39.25573123881792,-0.4948415820342875,12.180652997353723,-11.750873802772293,-8.737055432493744,-2.618406418882798,-53.54678852645549,0.0,0.0,0.0,0.0,0.0,0.0,0.0,0.0,0.0,0.0,0.0,0.0
627,12.540000000000001,8.270293020235314,-3.507551645577258,0.17343738429026326,-0.13616046786928301,0.9851872245766136,-0.0989358456727144,-0.03283531576933922,0.04518489443081203,0.09530395117125902,-0.38134328976180226,0.6766449101782073,0.023669774733139765,-1.6967692040286184,0.07909365811323307,-0.09172692738116692,0.6724781727595077,0.0945252870726399,-0.6260552951960555,0.4029632751123068,-15.523841656764773,3.3259887671958817,11.979652365743144,-8.067767905626152,3.9880183732744223,-18.83285610198627,-9.352663235407512,13.586899792074126,-12.200924931751537,-15.008110957021495,2.3501153696068444,-25.864955371498304,0.0,0.0,0.0,0.0,0.0,0.0,0.0,0.0,0.0,0.0,0.0,0.0
628,12.56,8.267066713294064,-3.5220284072004575,0.17599761645151646,-0.20826010331285066,0.9737800805103213,-0.0843402688364966,-0.03559217922549721,-0.21445227893693225,0.20156677344944018,-0.4702482204176428,0.5030118026163626,0.12707279611342787,-1.3250053192132567,-0.08494279428671744,0.16795278247844903,0.1643257333483688,-0.10278994902410435,-0.6400907575126447,0.6422746904988488,-10.60232852087928,5.629412753787131,-10.022055087252973,-7.8725602281701,5.446132975792028,30.508624820638698,-6.7944097604012414,11.489490718203305,-23.520139369641836,-6.123102770937482,-1.697313409560848,24.393222297663414,0.0,0.0,0.0,0.0,0.0,0.0,0.0,0.0,0.0,0.0,0.0,0.0
629,12.58,8.261755285951143,-3.533888820149646,0.17682718859529642,-0.24907161830760355,0.9650442762590933,-0.07256670280043696,-0.037241743485864454,-0.3554009208124047,0.28367436528803863,-0.4164695852212094,0.35039617792851835,0.21315372166646238,-0.7435024324905124,-0.2279898509224185,0.2622962140800547,0.5590561782750871,-0.19018262226464405,-0.6164698168943923,0.5768668220697754,-4.349749040353967,3.3323759088003904,6.806548392668043,-6.561037773062829,3.8520344855568807,20.250600965008886,-6.413313946846947,1.7973180267295084,31.681429463288406,-2.3070246850228058,2.2700218529859564,-14.13023372241414,0.0,0.0,0.0,0.0,0.0,0.0,0.0,0.0,0.0,0.0,0.0,0.0
630,12.6,8.257584721645639,-3.5468539165601016,0.17629822884947563,-0.27851877074874815,0.957641435082359,-0.06590767384496084,-0.031723093833227356,-0.46211588895015393,0.4174217044412135,-0.6987349467621311,0.19694170149301113,0.28576291561164996,-0.4245668003255078,-0.3525456355748383,0.2981367407882507,0.750845611718521,-0.24001052155394992,-0.5733533926420508,0.761604636335952,-5.556424297151695,7.889131647436481,-18.387941625921023,-7.95145977556373,3.7344844341756196,9.765717916187137,-5.996806687474233,1.4286967357126974,-2.2572925389609972,-2.737720227149279,2.5726295327950757,16.572414318920032,0.0,0.0,0.0,0.0,0.0,0.0,0.0,0.0,0.0,0.0,0.0,0.0
631,12.620000000000001,8.2524691908531,-3.5627056799068755,0.17287703294722456,-0.3286114954092728,0.9422320250141967,-0.06209309657357988,-0.018914107973441917,-0.6014651674911664,0.5306059191987524,-0.7832776715431194,-0.0439763822187547,0.38375136198042686,-0.49619056977168147,-0.5114683729794967,0.30753468178127047,0.33696370830955913,-0.38891988915942216,-0.5105809532399888,0.8708267687144492,-7.062242470372457,4.442059195799697,3.0265324497307082,-13.935481066248123,5.242266918315366,-7.782629128104023,-8.655894973865145,-0.3933050889086227,-23.03457640025577,-9.500119457526699,3.329406654578911,-0.5685581621046718,0.0,0.0,0.0,0.0,0.0,0.0,0.0,0.0,0.0,0.0,0.0,0.0
632,12.64,8.245549116017829,-3.57772931894,0.16837823464950896,-0.3777073485216218,0.9240522929828139,-0.058846053463707915,-0.0012886806103198723,-0.6771431791602253,0.5874673831195343,-0.6145813197591555,-0.30290569958831526,0.4959229835183255,-0.8966508754084572,-0.6681306931287779,0.19920465507757878,0.4411368308508208,-0.5506270747038409,-0.41671658229344216,0.5921204269966497,-1.041818225762035,2.511929453406975,7.829359192375086,-10.679497801910488,5.562381547036278,-19.76920886282433,-5.402665509983922,-7.239533122028904,15.72561886951092,-4.184859657648121,4.82630009523521,-14.024509900103102,0.0,0.0,0.0,0.0,0.0,0.0,0.0,0.0,0.0,0.0,0.0,0.0
633,12.66,8.240662747194493,-3.5838945286216926,0.17375441997982038,-0.38961207801615066,0.9190798892200822,-0.05812408187084505,0.010778543584752933,-0.6330216890666818,0.6415655209319917,-0.5621176350111811,-0.43928120957490135,0.564877666850682,-0.8208335840390232,-0.695485469712022,0.08741971983130312,0.4020816526335654,-0.49785388092560307,-0.36717535448921407,0.8362140123751994,4.033079827742582,2.8635785274805237,-0.2377499695876808,-4.48001066889899,2.4627152895086293,12.825701664712968,0.586009399220571,-4.969415859407755,-9.009174714207795,6.126274458342989,1.9080049021220482,19.508407231335706,0.0,0.0,0.0,0.0,0.0,0.0,0.0,0.0,0.0,0.0,0.0,0.0
634,12.68,8.236405062123243,-3.587473358510188,0.17995102579564212,-0.39217087441606796,0.9177542782350268,-0.05955469474673706,0.019553219035834242,-0.5891986646275205,0.6891779696284102,-0.5802450743995435,-0.5257917713680785,0.5702731738517804,-0.29708094936953977,-0.6875630135574329,-0.06335069775767953,0.6757072567667295,-0.40880955058321405,-0.2936916133955057,0.8934012162583563,1.900382590227824,2.031480881377044,-0.8946123002600529,-1.5226867040858736,0.02904410607720436,24.02279184473925,1.2377584006825528,-8.239403369482051,19.090432253973958,4.430577773254715,4.560845975348428,-4.926002748876695,0.0,0.0,0.0,0.0,0.0,0.0,0.0,0.0,0.0,0.0,0.0,0.0
635,12.700000000000001,8.23297938007797,-3.589289534392357,0.18501486622949626,-0.3902307888890725,0.9183428038658783,-0.060548336797744615,0.0264636524651148,-0.53212950252962,0.7053972142428923,-0.5637362839193246,-0.5202966582459675,0.5689934903484782,-0.1754620291405684,-0.6522125257240883,-0.20339445327877767,0.7106464818854245,-0.326006684126343,-0.22368055114339402,0.9039412460821767,3.0468376984024066,0.12338476153049854,1.333518779531502,0.6902191662274739,-0.20276933985494372,-3.149343868724398,1.7379557001250021,-6.318819278367676,-6.231010288602128,3.5211709091768597,2.8962127837439495,2.7822331838202228,0.0,0.0,0.0,0.0,0.0,0.0,0.0,0.0,0.0,0.0,0.0,0.0
636,12.72,8.230246109240353,-3.591811174004065,0.1880056243876351,-0.3947097578467021,0.9163278909999785,-0.05928002241191656,0.032144706857744225,-0.4844619900442942,0.7004481319457144,-0.48825155206590426,-0.5087908364692125,0.5678558392325018,-0.5193313943931455,-0.6302285130198025,-0.303140583977886,0.6106221427118093,-0.28341986540184266,-0.16034756421833693,0.7683275140456093,1.8940987044025341,-0.3022410821572213,3.701757626553175,0.5258303432401681,-0.6937586971748879,-18.107942481014096,0.7819214665027607,-4.194871730324498,-3.149523341523384,1.4783874596951065,3.109204365695749,-9.020004281596744,0.0,0.0,0.0,0.0,0.0,0.0,0.0,0.0,0.0,0.0,0.0,0.0
637,12.74,8.228805381867561,-3.5932708995524845,0.18965813521768576,-0.39648694978562177,0.9154309573047422,-0.05936855169814264,0.035491352849398,-0.4350428575425667,0.6862436651053799,-0.3648653854819744,-0.45588174406648335,0.5650621600046102,-1.066630156200825,-0.5885088380970692,-0.3955432297798349,0.82193078652589,-0.23006665510483068,-0.09900767912246608,0.5910566090262818,1.9630927484468876,-0.33934478657091716,4.806795531724805,3.3065957902619014,-0.6529812507006164,-23.669154313038657,2.851058033370111,-4.328543107736863,13.33206448316403,3.160355681442931,2.808680149191745,-6.297783009095951,0.0,0.0,0.0,0.0,0.0,0.0,0.0,0.0,0.0,0.0,0.0,0.0
638,12.76,8.229115432647871,-3.591223559992297,0.19183008593185263,-0.38304424636517226,0.9209429814830135,-0.06291773377993688,0.03438733720005659,-0.38558215670484497,0.6953613102404389,-0.39221314916949335,-0.33114996781976064,0.5481036205750194,-1.2164919330929973,-0.46717666178950845,-0.46677795888091056,1.1045559299013943,-0.09360928080999414,-0.05935696433257641,0.6456417761648611,2.474797135326926,0.7245412639534848,-3.0152064914024566,7.33512752550507,-0.6887454862512445,1.6483141906113303,6.146265367070068,-2.619643392319321,11.738963000898952,8.010665139962391,1.8377092680786598,5.915906896648955,0.0,0.0,0.0,0.0,0.0,0.0,0.0,0.0,0.0,0.0,0.0,0.0
639,12.780000000000001,8.230034241478402,-3.591925936868218,0.19248378407919825,-0.3700166276030743,0.9265488073639541,-0.06318206985538789,0.024556647134116913,-0.4231622950425615,0.7558032410663749,-0.6110458067142851,-0.21656140350260475,0.5385465014130199,-0.869272910006897,-0.37455641993237493,-0.4783500961490368,0.9598386898039821,0.03048141063704688,-0.017557288735863305,0.8535703769154457,-4.71218281172863,3.7811186904315366,-11.001591575683985,4.462923615609847,0.09067546258135495,19.476763438193945,3.7185627170470776,0.37059546811977817,-14.021407460055137,4.801832223110253,2.567530991504713,9.434679210103555,0.0,0.0,0.0,0.0,0.0,0.0,0.0,0.0,0.0,0.0,0.0,0.0
640,12.8,8.2309010315571,-3.592381886926049,0.1895318718815254,-0.3551386859422138,0.9326578549419987,-0.06215149778946571,0.012768346985877133,-0.48664292162995487,0.7665708284440494,-0.4759854237073448,-0.05852474212403182,0.5221651171375752,-0.6765546209612008,-0.29356839278736546,-0.49124314671153596,0.7563212756698728,0.12039997591806778,0.04283701699567516,0.4883989053893966,-2.6794189873832286,-1.103529104266618,12.407704172894569,9.270593151929942,-1.3519818825583423,2.9581266224587877,3.8496674250970413,-1.6205732560582227,-5.658232603658671,4.076296263706989,2.57240074469493,-25.077666897463658,0.0,0.0,0.0,0.0,0.0,0.0,0.0,0.0,0.0,0.0,0.0,0.0
641,12.82,8.231010683676374,-3.593531575374662,0.18532883017449553,-0.35073407210171875,0.9345613812645195,-0.05983281471277964,0.0008182905625579422,-0.5849384086552494,0.7322242160468299,-0.3647711337996391,0.08722367022998682,0.5160045330041739,-0.8534745860466003,-0.23375920935147862,-0.4883784543619335,0.728869148601243,0.1583173463443856,0.03206441518472119,0.6294607493383919,-5.804841414032797,-1.9412576207632757,1.1612129806805545,6.294811889093362,0.050415616544577754,-11.2758255110006,2.5587166859494195,1.1546212774017905,1.2135396878761608,0.9255268007508175,-1.6357779161483441,18.62629344889414,0.0,0.0,0.0,0.0,0.0,0.0,0.0,0.0,0.0,0.0,0.0,0.0
642,12.84,8.232520763845129,-3.5957394470972224,0.18125770128867782,-0.3464163201997763,0.9361212272226831,-0.05897491937837739,-0.013954924817298124,-0.6921869094502145,0.7065191630360661,-0.4323110253486908,0.20282279651423754,0.5234922802770606,-1.0803184980336993,-0.1690826383906808,-0.47366034566615195,1.03053200150015,0.18491828818576314,-0.008836997287691047,0.8856210324771396,-5.102848633886744,-1.1696760415155276,-4.166193017236545,5.039577137448745,0.29543987359471063,-8.179661735812168,3.492373962667068,0.8496969278498094,17.02708130726193,1.2957161608805385,-2.1930026453803926,6.795691009308447,0.0,0.0,0.0,0.0,0.0,0.0,0.0,0.0,0.0,0.0,0.0,0.0
643,12.86,8.23444710855073,-3.598215575473034,0.17678855776288235,-0.3278564925942896,0.9424768196337125,-0.05775502755171963,-0.03019803817123909,-0.7588744418626322,0.7139605813032968,-0.6480018398427326,0.31729062580084,0.5450706628078411,-1.1486469569527786,-0.05874199280413389,-0.4529288722049185,1.178436195051773,0.2483191317517561,-0.057401808590349,0.9844933167703644,-0.7762620382340457,0.8161536420882806,-11.181703308342646,6.906815405144158,1.039475884879551,-0.7638464460531482,7.020191527992337,0.7294026221787291,1.405210741530984,4.515298340285834,-3.185195246599143,2.935742285690373,0.0,0.0,0.0,0.0,0.0,0.0,0.0,0.0,0.0,0.0,0.0,0.0
644,12.88,8.23398394492605,-3.598544382577117,0.1769700102826557,-0.29669165620579857,0.9529205841433008,-0.049965866639616136,-0.03768067972849239,-0.7459992170857119,0.7489331370525704,-0.5709268239575106,0.47390727922292714,0.5953991812250534,-1.3576126679974707,0.10260735681739386,-0.43339490364829575,0.6993308021454226,0.3230765128683079,-0.13251875680187492,1.0308582511650595,0.9246360724216953,2.7369634810060908,9.487910948465615,7.793968842020542,3.3780477085077134,-11.423687476001064,7.5624119996862085,0.551644431608053,-27.837081050294103,3.0868437307995213,-3.5481754056638866,1.397658712838388,0.0,0.0,0.0,0.0,0.0,0.0,0.0,0.0,0.0,0.0,0.0,0.0
645,12.9,8.232175923928226,-3.6017425709458615,0.17574108575702094,-0.27929670253753475,0.9584875802786708,-0.04145304302531485,-0.03970586388858161,-0.7300480027600212,0.813472486092685,-0.7777764700250844,0.5280361629181994,0.6575870714415408,-1.4966481765728683,0.16062988522466626,-0.4916564018166545,0.6858518136791981,0.30850762858607067,-0.18254636248907347,0.6978748771656741,0.7249422993748542,2.7588689789166643,-15.709885245896903,-0.7446521583559478,2.803577953624051,-3.3130989944484073,-0.2601524361433287,-4.903893336407067,11.329127515802778,-3.0303750173559503,-2.264072216157117,-20.173789256181212,0.0,0.0,0.0,0.0,0.0,0.0,0.0,0.0,0.0,0.0,0.0,0.0
646,12.92,8.231309295353519,-3.603384920526393,0.17478286873455987,-0.2596301929232559,0.9641803546420176,-0.034420242485341944,-0.041995875419790114,-0.5836387527340072,0.8606552488415571,-1.0434695142657104,0.51891022028971,0.7213953517586136,-1.3311878982106755,0.21228805647618568,-0.5435106294533738,0.9388968843388115,0.3038285309870492,-0.22642710642900832,0.7660576777580224,10.900586502127023,1.380440628432201,-8.210135689029062,-0.9756773607886934,3.2854994136318676,11.038240179737407,2.7666442073625714,-1.2403066355464816,10.22094201316456,0.15861634818513867,-2.210032328107416,12.468927250683425,0.0,0.0,0.0,0.0,0.0,0.0,0.0,0.0,0.0,0.0,0.0,0.0
647,12.94,8.229511669598365,-3.6069999557675807,0.1733876881816287,-0.26233270319261764,0.9636576392322268,-0.031425586699409404,-0.039470744680357016,-0.44310810809250384,0.8866829712664654,-1.2334205269259921,0.3718513857051102,0.7737831117824568,-0.9696440275515555,0.2022113513656778,-0.5299226893129751,0.7992376469554006,0.2323476360529118,-0.300973304301934,1.2700849749569463,5.863149452524003,1.557663347387314,-7.769161303804801,-9.248608787781668,2.6651482045075015,16.49239248179979,-1.1191868018330589,1.140927162565764,-12.004729168029986,-4.7521821025499085,-3.502383173056937,23.92607576494626,0.0,0.0,0.0,0.0,0.0,0.0,0.0,0.0,0.0,0.0,0.0,0.0
648,12.96,8.229457107708125,-3.6081819831338198,0.17579999123291562,-0.27355181941059303,0.960539106837818,-0.03473952144348525,-0.036430646195708544,-0.3402011896403754,0.8820927016579333,-1.172090056044603,0.14252631312742034,0.7768442535976678,-0.7381986379710852,0.16328913383928773,-0.5179382289795239,0.9728412802820678,0.12313847974428269,-0.3476047665060944,1.1544858584652964,2.594349181518167,0.13386108561717264,4.602236349940697,-12.023464719559671,-1.2256462049224401,5.9176497762418006,-2.0977249341105435,-0.10555255447879541,15.8977656365727,-5.264118242798015,-2.293046533134871,-17.168915248564748,0.0,0.0,0.0,0.0,0.0,0.0,0.0,0.0,0.0,0.0,0.0,0.0
649,12.98,8.228955318472032,-3.6068380723956475,0.1799975554062128,-0.26679189964408156,0.9625554632420731,-0.03858782504303951,-0.028636379407778845,-0.27636562475868576,0.9013293410556267,-0.96210408780446,-0.012347279306575143,0.7256944921738471,-0.6958777748142376,0.13356370897370734,-0.47562784888149096,0.6135109517913161,0.09456916417943244,-0.4253843468160693,1.0726415778736127,3.874339597962717,1.0112443710205685,11.17535146844725,-5.282628772427136,-3.163048532399508,-0.3909974750988918,-1.4437780131838829,3.4031935359120205,-28.621797941257192,0.41780790339378004,-4.778111541505581,2.5784958642707587,0.0,0.0,0.0,0.0,0.0,0.0,0.0,0.0,0.0,0.0,0.0,0.0
650,13.0,8.22700802193824,-3.6086700397306335,0.17959522201701503,-0.28196897622789685,0.9585390904763348,-0.037703422470996166,-0.016575898399909226,-0.3046084292264506,0.8758074928837034,-0.762754460131696,-0.21523084248766255,0.6456361988357122,-0.8475936753372486,-0.04366572313209549,-0.47234843504505475,0.8114167159324508,-0.0279448226462898,-0.4838105019016331,0.6100950828468017,-3.474023186233678,-1.9423405852530107,6.758714874540928,-11.628227943697691,-4.40113260115247,-8.247482594256077,-11.119453897992326,-0.9256873461410541,23.938837032007207,-8.390128911142133,-1.8570295250060869,-27.620874187674325,0.0,0.0,0.0,0.0,0.0,0.0,0.0,0.0,0.0,0.0,0.0,0.0
651,13.02,8.226341173143943,-3.6090496951622644,0.18095095920341436,-0.2880093569590225,0.9568859009537753,-0.03521721687285596,-0.013406360268997513,-0.3190002672208881,0.8115390135463616,-0.46526165676855824,-0.3351487753304945,0.5587331479841647,-0.9973799437045608,-0.20131108284965896,-0.4506665553674039,1.0813213878108912,-0.08716880525433235,-0.5447314601072238,0.6803693635972109,1.238446228577467,-3.975488319126612,14.753869827912048,-2.67916173012924,-4.306983466914523,-5.464786276008471,-5.7553181190112195,2.2339844551945505,5.361015651924654,0.11010465813047765,-3.3256773928196557,15.679996993206242,0.0,0.0,0.0,0.0,0.0,0.0,0.0,0.0,0.0,0.0,0.0,0.0
652,13.040000000000001,8.227606858185032,-3.6095865608149142,0.17986557515992443,-0.2946694626253023,0.954853207217858,-0.03387083022643813,-0.016674151302474592,-0.3885594083548207,0.7649568776202024,-0.38738850575187717,-0.4255050641381581,0.4885901029619382,-0.9283491739277125,-0.3316057899144005,-0.3577429182429005,0.8554992144974446,-0.1309243818413141,-0.5836395875949735,1.0190511896185588,-5.658692065218147,-1.507486125821421,-1.7726936465813412,-5.058105340103366,-2.836257152814137,6.205589985549541,-6.785880619347734,5.624850863875714,-15.626906408615985,-3.3408738440837435,-0.7259889447648333,12.722131741682517,0.0,0.0,0.0,0.0,0.0,0.0,0.0,0.0,0.0,0.0,0.0,0.0
653,13.06,8.229911286650633,-3.6118114418593095,0.17533924998114414,-0.2998864663783477,0.9530435171987451,-0.03443388893748759,-0.024299565864320857,-0.5296202647318643,0.7486773897869249,-0.4383231149605068,-0.47120978466651997,0.4566512346371071,-0.9828896090510154,-0.4271930303030784,-0.29899988275827133,0.9078818439148889,-0.25281226519667166,-0.5277033664555786,0.831154268705539,-7.386295953621741,-0.5645055781058613,-2.019965655139688,-0.426844553950926,-1.0092587248742988,-5.869909017462976,-3.1501410002779746,1.483491812872412,9.940519449071823,-6.764478236298349,4.4032349904484365,-16.32345366479053,0.0,0.0,0.0,0.0,0.0,0.0,0.0,0.0,0.0,0.0,0.0,0.0
654,13.08,8.232482706365726,-3.6106721299380813,0.16958554968098363,-0.27928392215884695,0.9588489433072404,-0.03802111958363756,-0.03411142342042017,-0.6445613494245317,0.7396592029019272,-0.46820343188245467,-0.38855788371224426,0.4766126637877936,-1.3112353889521329,-0.41009468794230947,-0.30185731626765494,1.1401749488201807,-0.29479039284208486,-0.43118273573560023,0.6466765602230153,-4.1655788224839565,-0.48033200155293676,-1.1565281538850765,6.5052439060698255,1.2031016069479583,-16.954829299849518,3.0588474870979576,-1.0941473091594778,9.030074854417615,0.6102510849381368,4.121004843018444,-3.4523144120860825,0.0,0.0,0.0,0.0,0.0,0.0,0.0,0.0,0.0,0.0,0.0,0.0
655,13.1,8.233681472153961,-3.6022592174844497,0.16839556396310457,-0.24602444203918652,0.9677509224242024,-0.038292190502367894,-0.03826008642100997,-0.713970469882065,0.744794590866168,-0.4993333593760085,-0.24671321594505155,0.5239455210824864,-1.4937399590436098,-0.3116181738102511,-0.34709650425935246,1.195222034991571,-0.25218319715552373,-0.35826888463986767,0.7291543096305901,-3.5411873457915233,0.6368659593706796,-1.011501437858429,6.849032143728699,3.2772565497764425,-2.9951091128778105,5.722244696312577,-2.8380943600111395,-0.6520075533893226,2.4933208395083555,3.8200822441919544,6.273885106231069,0.0,0.0,0.0,0.0,0.0,0.0,0.0,0.0,0.0,0.0,0.0,0.0
656,13.120000000000001,8.235778936502713,-3.588934709505721,0.16879088174398116,-0.20585369957981153,0.9767783299596106,-0.040828956891960054,-0.04314330503952486,-0.7452432901570566,0.7886953581269931,-0.5978271993082815,-0.06693273874065307,0.609091785387744,-1.3280933049828103,-0.1421652454987366,-0.4022772507247661,0.8934270429370437,-0.1809667876516964,-0.2591446853225772,0.9515375239342252,-0.11073705500504305,2.830584729515913,-5.043852640137813,10.109880047741818,4.735126386132916,11.328068950993998,9.495367163629803,-2.883579346877148,-17.35186063469489,3.861514635623157,5.829308264297753,10.125674915695456,0.0,0.0,0.0,0.0,0.0,0.0,0.0,0.0,0.0,0.0,0.0,0.0
657,13.14,8.23673825441372,-3.57462949330257,0.16670859615702383,-0.1550829877360067,0.9858692200490381,-0.0424161345091028,-0.04703211039365266,-0.7368270330262411,0.8489333975460347,-0.8780302205978063,0.12905855313155512,0.65402231074778,-0.9641041856678348,0.021558782436870025,-0.5147858772777085,0.8438945762443951,-0.08744088186682689,-0.13381849268621343,0.814297364728201,0.4644708034019626,2.423450311078517,-13.558228289482082,8.956225704898777,1.0491055118238997,16.40430478628973,6.722025114122079,-7.086825911246284,4.489944303612727,4.561694467028076,6.087167453297527,-12.16027754822794,0.0,0.0,0.0,0.0,0.0,0.0,0.0,0.0,0.0,0.0,0.0,0.0
658,13.16,8.238288488361146,-3.5606680726867816,0.16361520200410237,-0.11275765959276708,0.9913234112205163,-0.04404187661471594,-0.051224190316048246,-0.7090914948116462,0.9244106549824607,-1.2761873077167432,0.28129012311273116,0.6925461662190467,-1.0058875229099906,0.11933494035795127,-0.6478702957282028,1.0096326680417316,0.0009401376135440599,-0.00907534326756481,0.6763654427056823,2.38807922420905,3.9082059220877317,-16.892361726167174,6.493322936833772,2.0426661741582457,-9.214037677671206,3.6287894994123744,-6.067590318940313,7.764616529246031,4.154747937246489,6.061572047597707,-2.795706230671955,0.0,0.0,0.0,0.0,0.0,0.0,0.0,0.0,0.0,0.0,0.0,0.0
659,13.18,8.240383588280089,-3.54696550215071,0.15996855651051117,-0.07221370288175213,0.9947685484514812,-0.04594383680389784,-0.055766297954726846,-0.5686954299512101,0.970056961824779,-1.4836928226582664,0.35877962289624366,0.7551589517389158,-1.0800758612971395,0.19816132085610036,-0.768892047884524,1.31782424233941,0.10109704206991142,0.09448366380125409,0.6698062498739908,9.858053325756527,1.201542112683365,-4.936611147265955,2.071180798118996,3.67534812497135,-0.3190884374566729,4.32293704854402,-5.644768549204049,14.555051264896063,5.335242583195455,4.485091075699031,0.8873641803613076,0.0,0.0,0.0,0.0,0.0,0.0,0.0,0.0,0.0,0.0,0.0,0.0
660,13.200000000000001,8.241936396258371,-3.5355206294407497,0.15711757481970345,-0.03616227761516352,0.9964541624040024,-0.04813910060269646,-0.05877090180170203,-0.3429525352946006,0.9985235577390873,-1.5909658113546734,0.3209285151495964,0.8121485168794277,-0.8197265360751664,0.2631768557980741,-0.8477045022219593,1.4225356349272391,0.17101966601481405,0.15514738872922207,0.6337887687573482,11.723980215965305,1.526621139504652,-4.2042785932179685,-4.062430831748709,2.619001458000069,15.295195349239405,2.340708665346002,-2.9230153461218573,0.035152162841061596,2.0844324002068517,2.057796532233654,-2.3632986154313578,0.0,0.0,0.0,0.0,0.0,0.0,0.0,0.0,0.0,0.0,0.0,0.0
661,13.22,8.243139684989165,-3.5276090128892275,0.15536507991510543,-0.012709783109815846,0.996890892124348,-0.048027865283843646,-0.061158276374502094,-0.06697783492070533,0.9760987815693949,-1.395138363448461,0.191617848983484,0.82827693109618,-0.4694793321045841,0.2547021141101323,-0.8723423050785154,1.2655428845034609,0.18177953364511082,0.13657869101551362,0.6714898134148239,13.483787367170368,-2.160787860369022,12.670232078478895,-7.653475806488793,0.19685836389216332,13.355261850545727,-2.412570839314546,-0.45662419320125025,-9.264060257617874,-0.5288930168833368,-2.6571704637746247,3.141567244732567,0.0,0.0,0.0,0.0,0.0,0.0,0.0,0.0,0.0,0.0,0.0,0.0
662,13.24,8.244043816523169,-3.5220353137569904,0.15462072366810517,-0.00012411986546604172,0.9969908396891176,-0.045696679212632894,-0.06261839729013201,0.20180512324980598,0.8395118447788229,-0.7524553301084673,0.0630701001566713,0.7930773640215544,-0.2220852548756945,0.1494195708505225,-0.8417914118950797,1.226534661889192,0.15404077689343348,0.010898587102582721,0.8233016259788425,11.206983795381943,-8.426533587762153,31.198938348597668,-5.650861907852722,-2.4226200336552597,8.087837176224504,-6.813668023073991,2.530578341165484,1.4644097303102883,-1.8379721367173867,-8.3168652270184,7.201364079065863,0.0,0.0,0.0,0.0,0.0,0.0,0.0,0.0,0.0,0.0,0.0,0.0
663,13.26,8.244010161171156,-3.5210421995234142,0.15491622715863954,-0.0012049489928018858,0.9971325326770129,-0.04282681910820416,-0.062378874149216834,0.30289183938253783,0.6593484517566427,-0.3173554505989427,-0.006898412497834901,0.7222739878736704,-0.1880639217711243,-0.037749246538062,-0.7276308331349892,1.052871412038886,0.09401744337957645,-0.23499639685402457,1.216869323339041,1.5625389946953967,-8.653223123687479,11.809802173806485,-1.8269420708985966,-4.130648332702604,-1.3834969025101582,-10.497782442075712,7.684109121120558,-11.304139603001502,-3.6249586405151826,-13.89281964408736,19.22981195660566,0.0,0.0,0.0,0.0,0.0,0.0,0.0,0.0,0.0,0.0,0.0,0.0
664,13.280000000000001,8.244182612631226,-3.5217939242719907,0.15531919263355085,-0.007132538629648572,0.9971970858991291,-0.04008508654813217,-0.06277168631963212,0.2735920414753312,0.5112151626096817,-0.4337365439966762,-0.02048887048772654,0.666530842071452,-0.715789307415403,-0.23410513657760154,-0.5572509660304784,1.0820726763534754,0.044672377064035394,-0.5239133972303673,1.214394279452917,-2.489519040524105,-7.134477520515764,-11.629666194793169,0.11054660179879461,-3.4006472009915476,-28.978584233573333,-8.812715792832075,8.956523808845283,6.688556807943285,-1.0501844911037141,-14.5803283763477,-8.772196724447117,0.0,0.0,0.0,0.0,0.0,0.0,0.0,0.0,0.0,0.0,0.0,0.0
665,13.3,8.244736369022176,-3.520116612434666,0.15534499512312727,0.004108068791840905,0.9972127991234739,-0.03896114199695639,-0.06349634989053138,0.23639135357655197,0.36524619052759844,-0.41688285739626674,0.030133582233741695,0.5854049303122949,-1.3404998173955172,-0.35307784374210616,-0.37811191495757457,1.2402720584813096,0.09371676250467971,-0.766785691256285,0.8424708536712429,-1.798587538688567,-7.129685022688236,5.617213272159281,2.90174513217326,-5.082679882658755,-24.049089948780765,-4.648339007891919,8.739930387883463,6.478275215255024,4.366061222139114,-10.98089883616553,-18.083128079746817,0.0,0.0,0.0,0.0,0.0,0.0,0.0,0.0,0.0,0.0,0.0,0.0
666,13.32,8.244631600516534,-3.518012677942937,0.15542432986561783,0.013182146318616398,0.9972128564302174,-0.03875678371015113,-0.06237516897905862,0.15335174378478947,0.2625190402045894,-0.3535073175107014,0.052547333270056715,0.47332434779386995,-1.4826731164074394,-0.4465720249605547,-0.23063365040015577,1.1857954022770087,0.17847391113719044,-0.9323351503138679,0.6212826038601961,-5.30698321398916,-3.771958320587219,1.2297002433457145,0.3618719686864008,-5.488851681623689,1.9821487556187352,-4.5524111195961305,6.35951095491801,-5.710350471429609,4.029152232576422,-6.697427831101629,-5.086692664037608,0.0,0.0,0.0,0.0,0.0,0.0,0.0,0.0,0.0,0.0,0.0,0.0
667,13.34,8.244682530966553,-3.5173985503711065,0.155877984443107,0.015672400338658802,0.9971919651238589,-0.03881883156188939,-0.06209395200992685,0.021831050386967872,0.25923961752238023,-0.35303699899865787,0.05058534543242613,0.4149375792474384,-1.29421964409336,-0.5175627139928868,-0.1532542245715521,0.7862604275302822,0.1857354695891001,-0.9929891620227645,0.7033682182676145,-6.98118465935073,1.8720729993990195,-0.35574079680631987,-0.00302837863838315,-1.283154819628855,10.072794176046777,-2.915995538649951,2.0177288107000915,-20.57617692828313,-1.9435947560856532,-0.5541969968865716,6.893421900533069,0.0,0.0,0.0,0.0,0.0,0.0,0.0,0.0,0.0,0.0,0.0,0.0
668,13.36,8.244809828065447,-3.515857666623087,0.15631780685100347,0.021553506005080124,0.9970560383980794,-0.03986458320939253,-0.0618507694241424,-0.09904053903894952,0.3225686803757897,-0.360790872402584,0.056816038126278674,0.4220268169632339,-1.190776026151901,-0.5540650463644284,-0.21276822286391414,0.9668564233128548,0.06526710375910472,-0.9097717454325573,0.6921474574370262,-5.3239068974818275,3.899502451775838,-0.1929950447267029,0.6238846042318344,1.3403612070962532,1.6761812584440605,-0.9188365648722335,-5.382322435596553,19.12749581321374,-7.58740648170511,6.513665008662577,-3.195918675189849,0.0,0.0,0.0,0.0,0.0,0.0,0.0,0.0,0.0,0.0,0.0,0.0
669,13.38,8.244972006925757,-3.5099590712052953,0.15786577021215567,0.04055136068625215,0.9964190014316406,-0.041307174746580355,-0.061631794123823934,-0.20570917986718612,0.47540513045961674,-0.7522521863395204,0.10377447532402938,0.4735877885614338,-1.2710291269113685,-0.517406277590468,-0.37257858544325384,1.437278584828218,-0.01932331541414069,-0.7441238936760148,0.826464981837621,-5.319034962516939,8.922317766457985,-21.6563909636357,3.156014072647389,3.161985301548765,-5.277974037495753,3.6316130839617236,-9.053133630013873,18.821101162065897,-2.383685040949679,9.486041934767691,9.30172437819031,0.0,0.0,0.0,0.0,0.0,0.0,0.0,0.0,0.0,0.0,0.0,0.0
670,13.4,8.245498361154182,-3.498981100976562,0.16080491778819886,0.07511320093142615,0.9943009092410996,-0.043648277502240956,-0.06179431041160597,-0.28629662876543,0.6522784904610666,-1.0551172966549995,0.17849507158658623,0.5575588866776696,-1.1821974078952477,-0.3820507217643762,-0.5702763050018909,1.6382038498629798,-0.002688753382342998,-0.5380252811649837,0.9362824485874885,-3.089968514789344,8.528158466952062,-7.965765849403768,4.155340460649567,4.87746249977772,7.831361939636034,8.714446159908944,-10.071119086936175,3.505226410283054,2.6008051970850885,10.816339115410555,2.5440557575662797,0.0,0.0,0.0,0.0,0.0,0.0,0.0,0.0,0.0,0.0,0.0,0.0
671,13.42,8.246185105420977,-3.4863382750057843,0.1641428925089423,0.11287351481354115,0.9905696778381812,-0.04658414833555203,-0.062138555865511896,-0.37143280287052316,0.8522674778522377,-1.1806126236426764,0.2228919005728643,0.6500941869048488,-1.0265818451177162,-0.20554416561330732,-0.7708409051756585,1.4890699193895827,0.04916246084254805,-0.2748340526859756,0.5314528034644472,-4.98626573694337,10.582806007493975,-3.4800789838393307,1.0316325100118,4.581407036750708,5.79354986702071,8.615010869288446,-9.801565769170084,-10.399391240992966,3.0782139122078798,13.819634016622926,-24.517614551942437,0.0,0.0,0.0,0.0,0.0,0.0,0.0,0.0,0.0,0.0,0.0,0.0
672,13.44,8.2468354934126,-3.4729737559527227,0.16672030081271688,0.14992951858234752,0.9855079973090771,-0.0495560286426896,-0.06196230081818826,-0.40029167788583936,1.0214519909597413,-1.2941605589724257,0.20410287865660726,0.7174059671013449,-0.8324339868575745,-0.028841361165477634,-0.9352153100903414,1.1501171433363373,0.1376883788060355,0.012847753038718907,0.06973837688197293,1.0788322896312685,6.650698605853245,-4.78541784351155,-2.3867266402338965,2.83361789945699,8.80327240615323,7.987073026453991,-7.3759222207175155,-15.308061188549834,4.927764263339399,13.9415099123019,-15.425233132131833,0.0,0.0,0.0,0.0,0.0,0.0,0.0,0.0,0.0,0.0,0.0,0.0
673,13.46,8.247043031907372,-3.4608961122908966,0.16876360206585803,0.1799088582757917,0.980469200110994,-0.05132842500360247,-0.06064934570347389,-0.23165438073573397,1.0546001221011112,-1.1894567659495148,0.12657004578509312,0.7305238384955949,-0.28096186800657064,0.08460417639018444,-1.0349250076122685,0.9794161497227538,0.22856256894904917,0.2406908679105753,-0.05799434030835796,11.566179388620368,-1.0108051002608684,7.317554485146381,-3.366551932698389,0.5460074108506423,26.4672878425345,3.1020906238328876,-4.156110085522077,-3.018276106257615,3.3233631794483225,9.290860040030044,-0.25518661818454236,0.0,0.0,0.0,0.0,0.0,0.0,0.0,0.0,0.0,0.0,0.0,0.0
674,13.48,8.24532322246498,-3.4511669575154125,0.17464813879951513,0.20803942595014008,0.9751086881743618,-0.0545167337077336,-0.05394969177903759,0.1390352231092461,0.8760262651445585,-0.4769608679842926,0.1690082679075247,0.7396808407689752,-0.014123643565361377,0.155320942809515,-1.0721280224201206,1.116579207617281,0.3256842143575361,0.34738121175011055,0.008112501310004797,19.42650871527558,-11.998621762915372,37.88194137161709,5.336762547713274,0.8529136655996332,3.9282000990727646,4.487643490945864,-0.02964859717074586,9.345882312724706,5.815421185791437,3.27688808038352,3.7662973722529833,0.0,0.0,0.0,0.0,0.0,0.0,0.0,0.0,0.0,0.0,0.0,0.0
675,13.5,8.243344330844906,-3.4410252618197177,0.1800778952686909,0.231530769312811,0.9701591104754808,-0.05462977319405924,-0.04690832659143628,0.41884435969972106,0.5998055699939144,0.1048702924884825,0.31108501956375345,0.7121667918465354,0.07981016472533392,0.208485045104915,-0.9989009651673227,1.2163501105584726,0.38941505842350604,0.29915264930575947,0.5730143575874967,10.425278387578532,-13.659473296739943,16.319701709347235,7.950358962729343,-2.5761593027005483,3.6464265971788965,1.2085297534021389,5.756100483242899,1.937298684770183,1.2663820927308844,-4.452985841786622,29.651484760625205,0.0,0.0,0.0,0.0,0.0,0.0,0.0,0.0,0.0,0.0,0.0,0.0
676,13.52,8.241072453608995,-3.4323367455227296,0.18423346103087437,0.24306968689109823,0.9678952727334065,-0.050602574429258196,-0.03918223827349555,0.5141110419582817,0.41022180352656906,-0.23902412763280392,0.4730943980045008,0.6200399041937109,-0.007543102841833075,0.2593315519792917,-0.8016086734275718,1.245755883379987,0.392754673321983,0.15746646233047554,1.0993282554370487,1.4254057956295612,-8.227614426663033,-26.003508534273035,7.723778480847802,-6.18187574930047,-6.3790047730549615,2.220816697981821,12.164383012962858,0.9255552093590457,-0.9121898566215879,-8.505582648265591,17.441089725419857,0.0,0.0,0.0,0.0,0.0,0.0,0.0,0.0,0.0,0.0,0.0,0.0
677,13.540000000000001,8.239703954839854,-3.423884005720057,0.18667767684321268,0.2536438994618092,0.9656064443006354,-0.04560018555213006,-0.03449043444934302,0.4988206428184923,0.28674753349458726,-0.9899004852458668,0.6152459317983873,0.5286223985712815,-0.3746895227982978,0.37834236977078795,-0.4668672066458911,0.8246703638964487,0.43130544497547973,-0.04479538599628608,1.1785035731475733,-1.941776940828702,-6.14084853296666,-31.63415183082017,6.382957926866806,-4.3381389028475805,-17.811604163537176,6.264463278424054,18.6787584924557,-25.028159072545712,3.442718105311318,-11.043773467350293,-3.223387926403274,0.0,0.0,0.0,0.0,0.0,0.0,0.0,0.0,0.0,0.0,0.0,0.0
678,13.56,8.241232113226562,-3.4172298557541856,0.18769992029432672,0.2553327920448113,0.9652773277293621,-0.04143326336153766,-0.036443525700420254,0.4371914832333552,0.1666076587930479,-0.7323390057237384,0.6925197457863665,0.5030402975990176,-1.1094981231653447,0.42012172099635836,-0.10567310014750081,0.6664073948103185,0.507868012326595,-0.2208642628520115,0.6113818638622175,-4.146575387559389,-5.070418996768002,28.545385588970383,1.7802897359073206,-0.8330456608836468,-33.879467454314444,0.05896479150295142,17.484382860557467,1.9719965820518022,4.398115550330459,-7.528179713918808,-32.03325073787114,0.0,0.0,0.0,0.0,0.0,0.0,0.0,0.0,0.0,0.0,0.0,0.0
679,13.58,8.241407493583639,-3.4177914120475292,0.1881063763151726,0.21461666964134613,0.9749708232582914,-0.03884427857592829,-0.04315901909245788,0.22884451889927482,0.09108446285986932,-0.24177896312130093,0.584297535602022,0.4273252217752923,-1.3550890532674011,0.2290303143539429,0.18833462078269808,0.9750211580356403,0.5170754600752028,-0.3733312936825594,0.3447192117255271,-13.259134125316006,-2.494702228559909,15.75223085712122,-8.949131986741293,-5.1636812934181595,-0.10311811387990577,-14.14201484774649,13.348242701496622,16.783586828077414,-1.1810019379586105,-7.911148370026515,-1.7540700610885835,0.0,0.0,0.0,0.0,0.0,0.0,0.0,0.0,0.0,0.0,0.0,0.0
680,13.6,8.240861592142947,-3.4232342785591916,0.18667855351208196,0.14849807249608354,0.9870092570522475,-0.03524078138460145,-0.05019099805265964,-0.04309795699560964,0.10444094770688679,-0.22222730877843813,0.36293746276449523,0.30913512127185266,-0.757490822488674,-0.13545871130330747,0.42190196100354616,0.9570145190156374,0.4773244397749438,-0.5315983867712692,0.5564180024312184,-12.79484228986338,2.2449877424128895,-5.597576377819765,-10.815808252171669,-5.924209701326478,34.928859689044806,-19.623731092719158,9.919222297774123,-8.173354851489854,-1.8891090964415438,-7.261826998024851,12.398069314268056,0.0,0.0,0.0,0.0,0.0,0.0,0.0,0.0,0.0,0.0,0.0,0.0
681,13.620000000000001,8.241732065255212,-3.4261753787622924,0.18193269932525277,0.10137804016571828,0.9930046675178891,-0.029739874530677685,-0.052723458941392604,-0.1791497348927591,0.15972580993198443,-0.20347949925417372,0.20071038588526824,0.22893610467354528,-0.7823513793639509,-0.4806882749239441,0.5172016561868544,0.9336111376964232,0.449366417350865,-0.5710369650259834,0.041145039248784154,-3.313972450246668,3.2386659297927554,3.403718158647343,-6.633697129647645,-3.077681815704213,-16.54405626676853,-14.999762784846151,1.6700712618910822,2.3620977651209296,-0.48408747330343604,0.23083307884975257,-34.658239171169484,0.0,0.0,0.0,0.0,0.0,0.0,0.0,0.0,0.0,0.0,0.0,0.0
682,13.64,8.243189702350334,-3.4265721890741263,0.1744892920443769,0.060905016942934466,0.99630572892444,-0.03028491313258393,-0.05242420681396345,-0.2603114964179647,0.23657513415417278,-0.2659633618629589,0.0388413465312344,0.2227386393671305,-1.3625859152668198,-0.6731665664429763,0.44216141636032336,0.9878242191585559,0.4139004185517312,-0.6127994675600674,0.35773779202797673,-3.8407323445163195,3.92170672305656,-4.828536322577786,-8.722377646851484,0.5940362153569375,-26.124311204266686,-5.787384213399997,-6.692711840922878,1.9270439925675915,-2.427532799655199,-1.9028565961802844,31.661054025769026,0.0,0.0,0.0,0.0,0.0,0.0,0.0,0.0,0.0,0.0,0.0,0.0
683,13.66,8.24357722309191,-3.424423848129111,0.16302322616718956,0.036236233242420035,0.9973259533846386,-0.04050219990551044,-0.048861538132121275,-0.31754073107346775,0.34490593208328985,-0.7538588389359312,-0.13951872637573892,0.2566513969331633,-1.3283628501386047,-0.6612472358707906,0.20490786471261643,1.4211109244719893,0.3852319396029824,-0.6248014690159212,1.109839679746625,-1.6794331136309748,5.26935827840456,-25.347297206572165,-8.21999346449653,2.6551293070562947,13.332884323058122,4.123958236351683,-14.17093315796886,23.955695468737712,-1.1362385598003335,1.3718469384265717,29.441718230956997,0.0,0.0,0.0,0.0,0.0,0.0,0.0,0.0,0.0,0.0,0.0,0.0
684,13.68,8.245829660555428,-3.422978695375162,0.15704145888034318,0.04104184240532363,0.9964264888709482,-0.04683072344434663,-0.05706752833240816,-0.33464137179495895,0.5121609407059086,-1.2327962619098942,-0.23932154267964717,0.33664210662441246,-0.9749289545799581,-0.5336516622187557,-0.08706891764666769,1.5557352770248265,0.34445453314182506,-0.5588383413662523,1.3829565507244335,-1.1091167735713896,8.719668141998115,-16.888019503188065,-2.775162710409562,3.4484349519073767,13.415275288814472,7.059629262881929,-16.024272465332796,-2.9402761703116767,-3.301149559654181,3.2590598235700883,3.2150800650920877,0.0,0.0,0.0,0.0,0.0,0.0,0.0,0.0,0.0,0.0,0.0,0.0
685,13.700000000000001,8.24326799454075,-3.4226660287497466,0.16022610829525827,0.04710114767657232,0.9957649090182403,-0.048895208158314635,-0.0619918258692304,-0.35680704205679586,0.7001746594826183,-1.1300469714075565,-0.22623447005675887,0.4066389862418738,-1.3347136443782532,-0.3886846859594648,-0.48340956212984715,1.4317415054719873,0.2544963513837748,-0.4674482320808694,1.0125324842035663,-0.8562664792052975,10.062923547909607,13.628403008893237,2.647873789838973,3.6350157481617384,-26.349649903972708,7.985177532760748,-21.64022310895239,-6.32486877147104,-3.790321347783684,5.408399389733792,-23.285713082574986,0.0,0.0,0.0,0.0,0.0,0.0,0.0,0.0,0.0,0.0,0.0,0.0
686,13.72,8.240266609579642,-3.4231395860707177,0.16726405113412915,0.06526463284755363,0.9941414995193216,-0.05060713457580001,-0.0697289363376257,-0.3479310853965758,0.8943778835043438,-0.8815134096544093,-0.15434212708412878,0.4739460753610663,-1.7229662230768763,-0.22778628206315688,-0.9002251103385608,1.3293174570701745,0.17411922991865408,-0.289251205902415,0.46331691347886583,0.8272706357882315,9.645432385694669,8.549552982930585,3.136060424010841,3.426053491974453,-11.74812527037711,7.744913388772266,-19.859557318513733,-3.8457062222615086,-4.130016899024268,10.092454005451996,-21.806445083944155,0.0,0.0,0.0,0.0,0.0,0.0,0.0,0.0,0.0,0.0,0.0,0.0
687,13.74,8.240752600712772,-3.4232335889201617,0.17680325057961468,0.09186442578238063,0.9917837480756657,-0.0465654846872181,-0.07587871878532973,-0.24747615711220117,1.0760001224187858,-1.0667475262419746,-0.07358517657212686,0.5378543962584144,-1.1637530831275598,-0.034700812997376144,-1.2386360456136007,1.1978287705627984,0.13195365222263625,-0.09322744646237915,0.25599514099364845,8.341991029781102,7.762902375606036,-13.329428744359978,5.152172334901586,3.0717025788954997,39.84163955794378,11.134057353746819,-14.709681822607832,-5.991676598572548,-0.8874621343102902,9.590995949956417,-2.2474418301491887,0.0,0.0,0.0,0.0,0.0,0.0,0.0,0.0,0.0,0.0,0.0,0.0
688,13.76,8.240692484790276,-3.4222987606457793,0.1809769153350663,0.12705509521340735,0.9880373529808983,-0.039075447521613765,-0.07818120807328294,0.04308462193781616,1.0993581589729438,-1.1858027317436586,0.062395532798993084,0.5266040453939609,-0.28510173954727236,0.1527007375145159,-1.4581333415499051,1.204237017194883,0.17412494427732317,0.0272689943233843,0.3891966116747599,16.7309968717296,-2.875327770841499,-1.5765381476734581,7.267701561970414,-1.7106244717312458,33.72119399550777,6.049493597568931,-9.273314948226561,3.819227919296719,3.0519270762718294,4.013710854023255,8.61660688491238,0.0,0.0,0.0,0.0,0.0,0.0,0.0,0.0,0.0,0.0,0.0,0.0
689,13.780000000000001,8.237279562424861,-3.4186085606348087,0.17681322880579367,0.16618963546111687,0.9833270958013256,-0.03190692553847991,-0.06656407312442893,0.5118962722146151,0.858785560159825,-0.4587327521999433,0.2883274229117399,0.4995906717792939,-0.045019262900313356,0.2781197612084727,-1.5655794465475668,1.3629421571086562,0.29543115128237785,0.032773608213578206,0.3703405959976665,21.62751916661124,-15.346233914825302,42.35211009730185,12.60834709044899,-1.138439883983625,-0.5494131217954727,5.001140558275241,-3.115350711543516,8.199690642411344,6.96974816724082,-2.1626872676999174,-4.628431146952159,0.0,0.0,0.0,0.0,0.0,0.0,0.0,0.0,0.0,0.0,0.0,0.0
690,13.8,8.228801362440613,-3.417917835687372,0.16630750729863067,0.1591214145573935,0.9857146679638902,-0.026867203769512106,-0.04821952044245144,0.5935711641115049,0.5905099088367041,0.007666988905620599,0.47881762348097157,0.4287077930491765,-0.14920020137349396,0.29172608417593016,-1.5076709137369264,1.287533239986135,0.3340351750625883,-0.1127013598606745,0.8587957835657734,-0.9141328259202162,-10.712229722574882,8.358167629867307,9.39940686778467,-4.00357566621529,-5.766524944173653,0.8200275750279191,5.07166564817827,-5.716629866670676,-0.4179568781374401,-7.863766168577674,29.906279835351125,0.0,0.0,0.0,0.0,0.0,0.0,0.0,0.0,0.0,0.0,0.0,0.0
691,13.82,8.227917639484195,-3.420694221742207,0.1663213800607565,0.1334423029636229,0.9898227952218038,-0.017703615264477356,-0.04615807454419576,0.4806308991941253,0.5152383001268709,-0.7418655316367271,0.6520222986196478,0.3972826832006364,-0.47194852206334936,0.4908551694950936,-1.2825644413186281,1.1997230509184647,0.333056846963786,-0.28012764206247726,1.3805851112157022,-8.117062863646805,-2.072898637049278,-50.86855494427272,8.063630232623284,-1.2583408567114087,-15.481887924875943,10.333922920108005,13.296344564435147,-1.7713590083382598,0.364666794112804,-8.803916495339141,16.80667954473517,0.0,0.0,0.0,0.0,0.0,0.0,0.0,0.0,0.0,0.0,0.0,0.0
692,13.84,8.22986281079799,-3.42649593698172,0.1653928532234102,0.09690407737511864,0.9940327272770874,-0.0065060103911888075,-0.04966093755602157,0.3161315471273085,0.43775969768660666,-1.1192050998458583,0.7477401331587046,0.41730844849247045,-0.7857537153010752,0.5306011180999025,-0.9983541784327585,0.9387807321177732,0.3768439947012464,-0.4588172815186744,1.2572402179675997,-8.089201988088252,-4.235245264091585,-0.4690308073702081,1.5778458557558985,1.9527456316351972,-10.867720519823312,-0.23469340257413895,15.618222693859881,-16.22344301967416,3.6139473533423425,-8.81761409430959,-14.796156059111384,0.0,0.0,0.0,0.0,0.0,0.0,0.0,0.0,0.0,0.0,0.0,0.0
693,13.86,8.235001631517937,-3.4371118724608687,0.16023195714925026,0.04127606274501609,0.9974371811092397,0.005497380643926513,-0.05818191464002844,0.14855143645267277,0.37218341128257815,-0.7651631246657477,0.724853544486453,0.49152346908013433,-1.297364705299733,0.3500094504265039,-0.6946073943027873,0.8147936874235308,0.41877105733355213,-0.5516988917684141,0.5371485822471395,-8.332345192952552,-2.303146908063589,20.78506008788553,-2.7215382300196778,3.9675781294396675,-24.795579766303586,-12.423613796451345,15.360601621594883,-1.0297542920221576,1.9671138782654385,-2.4349131751112925,-35.99864792403386,0.0,0.0,0.0,0.0,0.0,0.0,0.0,0.0,0.0,0.0,0.0,0.0
694,13.88,8.23853110035119,-3.4516298132455674,0.15518996562453294,-0.014526854001014769,0.9975269293261475,0.017124639896326618,-0.0666013700339746,0.010208143091302427,0.3117607005545065,-0.5100099822791478,0.6166639053992049,0.49919481510506997,-1.239998398676411,0.06923450758765202,-0.44285855539116603,0.9944562889995339,0.4899976753208125,-0.6220891799946999,0.4341960001783658,-4.117448954918068,-3.85528717922159,4.534951591756274,-5.605528706645442,-2.0741725569033713,13.364989261547688,-12.994713603113926,10.150488417656796,10.655884169156424,6.061831044602337,-4.583438223614241,8.834792147751708,0.0,0.0,0.0,0.0,0.0,0.0,0.0,0.0,0.0,0.0,0.0,0.0
695,13.9,8.237246723555737,-3.468477937042832,0.15698880267284068,-0.05608577758516261,0.9961716640387464,0.024029884352066176,-0.0626016451618527,-0.031989737229422006,0.2529869747902276,-0.3054608436218855,0.4306481603614403,0.42792272884383475,-0.48502423594202704,-0.19927820738898716,-0.2153539990102851,0.7144616248064833,0.5839090593897089,-0.6884931141088919,0.6840537956859346,-1.682106405107755,-1.7083681148804903,9.92466174988033,-10.776431051031663,-3.4100705440760977,38.72527869787353,-13.92958152569321,11.751322481055874,-20.853145917703152,3.205378363530678,-1.9771455395825517,11.054871727503471,0.0,0.0,0.0,0.0,0.0,0.0,0.0,0.0,0.0,0.0,0.0,0.0
696,13.92,8.236418853848566,-3.4831266092386435,0.1625922437144813,-0.09767548138507366,0.9931326806909022,0.025331660508267368,-0.05920545461181572,-0.02076846365108038,0.15104573455217535,0.03327980718226349,0.2426650371068587,0.3787013606614705,-0.13679462118585878,-0.4642685667070907,-0.04931673545594553,0.6395985245825335,0.5983103458537357,-0.6043391325977675,0.035830414105643915,1.6475996040788803,-6.500085288699333,14.878372389713535,-8.608997558468806,-1.534833151931639,3.0543238495992426,-12.69133267752105,6.216204705197403,4.882581278824393,0.07221531330457868,6.526258099567604,-42.603819223650326,0.0,0.0,0.0,0.0,0.0,0.0,0.0,0.0,0.0,0.0,0.0,0.0
697,13.94,8.235452637267262,-3.498293718102791,0.16928668663987784,-0.13768902540190422,0.9886519773692554,0.025475398265378913,-0.05440591889635286,-0.0031159197334547756,0.05352173045906538,-0.06225183152435788,0.06125029931067809,0.3547537551649451,-0.36646721848915464,-0.6589463313695937,0.04902593016817337,0.29976630038596286,0.5552760190687444,-0.5693060325225997,0.4205856524529904,0.7651290933502507,-3.668173479176952,-13.042672189705035,-8.545486014816367,-1.5896998819262855,-14.456332761385003,-7.362822672360917,3.4591700677892683,-21.16578230951928,-3.0191459346633,0.32523867718656163,42.743857572145004,0.0,0.0,0.0,0.0,0.0,0.0,0.0,0.0,0.0,0.0,0.0,0.0
698,13.96,8.23519429988119,-3.512246543332017,0.17742399343207735,-0.15916410731346917,0.9858371595370764,0.03008739687668794,-0.043435358501580056,0.042664188860106866,-0.01718581915298706,-0.27300263801125974,-0.09943465177643579,0.2383958952382466,-0.14148301362097523,-0.7365368199883989,0.04892179468950009,0.6198576841361779,0.46163500415351605,-0.5467401849492466,1.135303114041521,3.1704474981947675,-4.07736496705018,-5.901697259269092,-7.578070501061973,-7.451637485956087,18.682377002074645,-1.5483943690243547,-1.0609004582062738,26.783008302785543,-6.399630139803587,2.119557699310273,22.659501978882126,0.0,0.0,0.0,0.0,0.0,0.0,0.0,0.0,0.0,0.0,0.0,0.0
699,13.98,8.234195686275665,-3.524641474882375,0.18568819641138787,-0.1888332949047876,0.9808112147672092,0.03366155345990012,-0.0349034029994231,0.04569257281393607,-0.05652807869001833,-0.22312586909886678,-0.2787460371673565,0.12905262785887342,-0.10751821943346633,-0.7388921106385603,0.05741827149284951,0.8726717459377766,0.2249416943937378,-0.4541266243230242,1.010786848171456,-1.3450123383132901,-1.0955336134892584,5.73144142042058,-9.742585848583571,-4.715534788579054,-6.090741263947683,0.28598981958590874,0.9669886306155465,3.2800348383522238,-14.328952022224307,5.40717910084468,-17.29965897076972,0.0,0.0,0.0,0.0,0.0,0.0,0.0,0.0,0.0,0.0,0.0,0.0
700,14.0,8.23565185168412,-3.533935513659229,0.1924601314127839,-0.211337568483364,0.9762072611429717,0.039046129143738305,-0.028830803633761296,0.04756984756239223,-0.019826848475471386,-0.1824555229281585,-0.38677535967327176,0.11052226251636886,-0.769890685402539,-0.6657092785751049,0.12709380373610993,0.4033981185389901,-0.009204807854426199,-0.32485888374491184,0.6933905357229053,1.2252851945955028,3.866906160015425,-0.02808858952800697,-2.736157151274859,-0.202711264448872,-34.413382848604044,5.174295738817714,4.541816956221282,-28.54900763717891,-9.734120831011595,6.665421536986744,-10.45547659723444,0.0,0.0,0.0,0.0,0.0,0.0,0.0,0.0,0.0,0.0,0.0,0.0
701,14.02,8.239698156778454,-3.543443391107114,0.19581320896791762,-0.2395681633034617,0.9694760446853877,0.03987296518923823,-0.03366660897091003,-0.034720424840637074,0.09938520628346861,-0.06225558471622814,-0.48406466671551945,0.1626675350670547,-1.4200613450648196,-0.5829697060052295,0.11904867993261803,0.828638968604839,-0.2675445339444784,-0.1237537548578948,0.1856231509474665,-7.009359960271629,7.327597511943231,7.084667928488773,-6.098529974081737,3.925966480472721,-22.898648225976217,4.22084236808049,-2.0177512978432905,35.91351373617466,-13.882960376593063,11.193855194619458,-24.50502479562895,0.0,0.0,0.0,0.0,0.0,0.0,0.0,0.0,0.0,0.0,0.0,0.0
702,14.040000000000001,8.241099241099754,-3.546647164360233,0.19710335603092063,-0.2155136169055615,0.9749343256046283,0.035051444884140116,-0.04275906801681198,-0.05402945632268714,0.29745097350705446,-0.36261154604910073,-0.4086995052040924,0.2158031112978309,-1.109012940548539,-0.2905341504603187,0.032720196520153955,1.4106388226787172,-0.29404343619061696,0.015170613338112489,0.4297655033151767,2.3127040408190007,10.594605704077992,-19.548564358213152,9.315285502138998,1.9953247834865084,28.436205454420495,20.16863869204579,-5.6185367143295,18.10929472622991,5.192713273851313,5.258056183458484,24.244477975469643,0.0,0.0,0.0,0.0,0.0,0.0,0.0,0.0,0.0,0.0,0.0,0.0
703,14.06,8.239762025959223,-3.5493967455828526,0.19391925757620404,-0.17705154597025569,0.9825080813527729,0.030004451545100716,-0.04929861086799253,-0.1277374738396165,0.5074065895681128,-0.7921525034890659,-0.2637858271231257,0.2439744774707649,-0.510837544425892,0.03628485407302774,-0.11764566026214027,1.1801953477592797,-0.2213669901600557,0.07362181667529538,0.8838089174655972,-7.592954677080573,9.66577983341799,-15.942582911507248,5.806602841444269,1.5191395614235264,22.258453649008494,12.934078839148887,-8.568389231095582,-21.623457746437325,2.0452684107341175,1.7495144432376253,15.71480409151384,0.0,0.0,0.0,0.0,0.0,0.0,0.0,0.0,0.0,0.0,0.0,0.0
704,14.08,8.23608967428629,-3.5523009286551015,0.18537276280121612,-0.13172316088347666,0.9897420237409577,0.026143023644444638,-0.04874707829958435,-0.23401173585507912,0.6431534593567457,-0.6296519801008429,-0.030724029319791027,0.31184573853585973,-0.7325438835774528,0.2852120819264625,-0.3443822337442587,0.9015283322094177,-0.09561861863156032,0.10725092209811267,0.48576785077454243,-4.515447623291455,5.19622747177706,16.54048927056104,14.100262387214329,3.6157815232710147,-21.685833437361104,11.223496338880473,-12.98790204867532,-6.75339546728441,8.19984398747356,0.9845324783936654,-29.92263572935525,0.0,0.0,0.0,0.0,0.0,0.0,0.0,0.0,0.0,0.0,0.0,0.0
705,14.1,8.232048866297394,-3.5611399587940875,0.17360606696061534,-0.12213171894053006,0.9912520905745705,0.023378820861316287,-0.04423309728370699,-0.4492776795264199,0.7595948694060461,-0.6574830064369692,0.1063972346776304,0.39468510189725775,-1.4467061594417432,0.3275621552068592,-0.5789447731047545,0.9661750757091413,-0.05788129735660742,0.09115534823032438,0.4005245712510877,-13.8135719847599,5.627504739184012,-8.131796647115289,2.4009896239382402,3.5013139410788576,-31.797484306298625,-2.8679079530383134,-10.782848501427146,6.821923925263523,-1.4286250066534594,-1.724351231917314,7.9819078206216565,0.0,0.0,0.0,0.0,0.0,0.0,0.0,0.0,0.0,0.0,0.0,0.0
706,14.120000000000001,8.234455319293948,-3.568738946480309,0.1666943584278659,-0.12580202965346407,0.9907483352827232,0.01423862655762604,-0.04887583230324186,-0.6601807629461075,0.8359509650078849,-0.825395544145466,0.16246321331796693,0.5220678056103137,-1.566425487496903,0.31177698262101106,-0.8016076306839993,1.439993400226131,-0.018091687844857762,0.06269516892249632,0.8824006868482651,-7.803193882910505,1.8910572146058298,-6.039984743209793,3.2579009608123246,7.35548307982067,7.329322055905406,0.252527749007606,-10.706207180905624,24.330942378989732,3.8212915697043144,-1.2574158712297878,23.76990764483003,0.0,0.0,0.0,0.0,0.0,0.0,0.0,0.0,0.0,0.0,0.0,0.0
707,14.14,8.23800388123338,-3.5727896283818374,0.16154960151359127,-0.1243237823699152,0.9905555629561695,0.005948248294819113,-0.057514278019013265,-0.7870102681307076,0.868699489330608,-1.3581579246151272,0.17941781799709303,0.6622840169922654,-0.9365161932319463,0.36216628576507703,-0.9136936535917596,1.5704110061621779,0.04837672180859222,0.007076633550331356,1.225417857149543,-1.7898089401499697,-0.10113879554608252,-28.01840182760383,0.8548370176898081,6.356837008595751,33.19261167132365,4.918303036602206,-2.5352127744155717,-3.143098882011812,3.575091819019511,-4.415531246383638,9.94245516271437,0.0,0.0,0.0,0.0,0.0,0.0,0.0,0.0,0.0,0.0,0.0,0.0
708,14.16,8.23817429989202,-3.568961468996507,0.1614114188933131,-0.10988660770984002,0.9921699523714097,0.0047660288060289435,-0.059169282797408795,-0.6603681629132702,0.7957055230180945,-1.3404112945128517,0.24240575386665741,0.7532255189639798,-0.7598368447563538,0.46684348402556824,-0.8899609464410045,0.9236537769730148,0.16140261829028058,-0.07063063681427,0.6310723947423809,9.424358110837462,-5.176742181505459,13.195902718197937,3.4438192220866317,3.7724388571656626,-3.893083732287879,3.2030635952981195,2.7755831510384037,-36.32643304691438,6.493256775734677,-3.234086097579309,-41.79788358573834,0.0,0.0,0.0,0.0,0.0,0.0,0.0,0.0,0.0,0.0,0.0,0.0
709,14.18,8.238011683208653,-3.569692087877776,0.16252666144036512,-0.11111233573954751,0.9920959908279161,0.004801215968941973,-0.05810802143334189,-0.5334294886954816,0.6644616148790561,-1.0035252607240557,0.24231155665254653,0.8203454000683931,-1.1093678577003079,0.39717032904140914,-0.8876205635048754,0.8166125291372008,0.22624996309106377,-0.15153419492797382,0.25454154991547806,4.200950810068789,-6.831700240969791,13.750804724364093,-2.2899568385988682,2.3932371340608576,-18.26907040456193,-6.60703700971038,-1.2056262937520805,9.175113432192681,1.567887277632733,-4.962568566811292,-3.2874964481360482,0.0,0.0,0.0,0.0,0.0,0.0,0.0,0.0,0.0,0.0,0.0,0.0
710,14.200000000000001,8.238052835354312,-3.5725167762355166,0.1637158804098481,-0.1198571358381235,0.9911532963365385,0.005199292304684978,-0.05676598902006991,-0.43928290586127283,0.5212750230017701,-0.813076590372914,0.16920755652105163,0.8166465892749922,-0.8759596134906275,0.26514078031988925,-0.8469558651667226,0.866949312734261,0.29536805307941383,-0.3302575925772591,0.9683815626835685,4.793227522012501,-7.048638940213812,5.029715974194648,-3.707934539937044,-1.1491048814316094,21.367148222619225,-6.332252286177639,3.9184932979478484,-1.0088272915076448,4.421175972385301,-9.541607358999372,43.51772917370288,0.0,0.0,0.0,0.0,0.0,0.0,0.0,0.0,0.0,0.0,0.0,0.0
711,14.22,8.237782780063036,-3.5784902896964272,0.16545260403806206,-0.13828350595259367,0.9887864534524163,0.006230174977712135,-0.05603754429130237,-0.37068246296437113,0.3673756467872974,-0.619046104881526,0.003776230162681554,0.7329545895313723,-0.5368703872152919,0.10150891489385086,-0.7301937457897638,1.311312662887623,0.32599358511502813,-0.5190551885593262,1.3741003686793816,2.6129696856077635,-7.645810600906327,8.861449751443072,-10.04225642684746,-5.4289001375594585,10.217154095698186,-8.373700200705965,8.009552429716555,25.929092899116245,-0.19254798003625995,-9.456316067680882,4.9118674810858955,0.0,0.0,0.0,0.0,0.0,0.0,0.0,0.0,0.0,0.0,0.0,0.0
712,14.24,8.237497827114854,-3.584823201336564,0.1667735439528992,-0.15519435249840893,0.9862879050825647,0.008062461306866407,-0.05555067918686358,-0.30431664762692057,0.25484604637466396,-0.5110469283508524,-0.12369631446807298,0.6409531172887674,-0.6061425659088625,-0.03384038053937109,-0.5203704813016966,1.1639982632637247,0.3302346628142684,-0.6807581872019748,1.1345223711663908,3.707890276246568,-4.253034304833487,2.234161706413988,-4.397462743830147,-4.235632959964476,-8.546978697902567,-6.20231036273843,11.157489526567034,-19.76002415278063,0.6117952892727663,-7.243151023470873,-16.26399754803615,0.0,0.0,0.0,0.0,0.0,0.0,0.0,0.0,0.0,0.0,0.0,0.0
713,14.26,8.237758662694494,-3.5910117755363933,0.16759292496000955,-0.1716895076526628,0.9835691720555457,0.009224549652805714,-0.05503911724999366,-0.2672326709751877,0.19244321523095345,-0.43775176331330423,-0.184787202462239,0.6047755130698967,-1.225968734493841,-0.1533981945506688,-0.34066452875924585,0.7774191218224612,0.27986651989855965,-0.7397887351690375,0.5400144502757906,0.7164985066372156,-2.177702123211707,3.2874704678677173,-2.5956070510808735,-1.5050540056253605,-31.433884522059962,-5.73721003816176,7.312143566020708,-13.331367674547746,-3.684786477585016,-0.8279284970496616,-27.465049400516385,0.0,0.0,0.0,0.0,0.0,0.0,0.0,0.0,0.0,0.0,0.0,0.0
714,14.280000000000001,8.238013598649502,-3.596774283765942,0.16889048132630027,-0.17903127654482662,0.9821665981398353,0.01245069189509154,-0.05604958330342466,-0.2478859690709875,0.17481039136230192,-0.3723477807738274,-0.20156429481366353,0.559158476667121,-1.6461426393881817,-0.24405822337638897,-0.2718491333734845,1.0695194353575956,0.21341091431422227,-0.7302574882823228,0.3696438888313779,0.863398708459601,-0.08392088126364328,2.444923764015248,-0.052832683618100174,-2.618118945097745,-10.996006879537422,-3.556200070525478,1.8201986739777956,22.36935544269191,-3.2288168227386564,1.2061549148533408,2.012577915649147,0.0,0.0,0.0,0.0,0.0,0.0,0.0,0.0,0.0,0.0,0.0,0.0
715,14.3,8.238274215507852,-3.6006206209370086,0.16952155928001342,-0.17046453593641353,0.983508459930934,0.018258216245071006,-0.0576158725683699,-0.22046493627393599,0.25731322024203396,-0.4979525595533418,-0.1582759960362853,0.5293639475800695,-1.3706681363828224,-0.2801090990373313,-0.23177234156362714,1.2581696831887768,0.17684525929428943,-0.683611671485687,0.8132634032334283,1.6409741625892074,6.275194159917531,-8.0182564060234,3.675379960191548,-0.6463204578588827,20.98036354829049,-0.7854495077516597,1.9560821003271274,1.3231402779957442,-1.3504432333425143,4.056553920832083,24.276197288522294,0.0,0.0,0.0,0.0,0.0,0.0,0.0,0.0,0.0,0.0,0.0,0.0
716,14.32,8.238419375829087,-3.607383647528722,0.167975651947227,-0.17443901319129895,0.9827039328152335,0.024453671040922137,-0.05714918266206574,-0.25424680333795313,0.4215144664549939,-0.6477032507603847,-0.15745994469736455,0.495399721095446,-0.8621613845559275,-0.3426773842418658,-0.20554246917896438,1.116509519001804,0.03605364451964491,-0.5805231391444848,1.1709221523059827,-3.1756330749445283,8.930818136555471,-5.022060163945232,-1.3110165964131257,-1.9951761106261099,20.381334649343245,-4.1053876691268245,0.5721987058829235,-8.842854871721219,-9.857102749391071,5.733237335794891,10.30175613889422,0.0,0.0,0.0,0.0,0.0,0.0,0.0,0.0,0.0,0.0,0.0,0.0
717,14.34,8.238338139137793,-3.6139314657926818,0.16724078934765554,-0.18629365921341648,0.9805346623456329,0.026932287490359048,-0.05586680916384318,-0.32033063012889135,0.600943451469419,-0.6625762062821109,-0.14898656705797197,0.49899980634925356,-0.7977049441065982,-0.4075634252535007,-0.23375173435831753,0.973997441161291,-0.16633136808870252,-0.4393065910787639,1.0353281428955778,-3.1119926799027957,8.891512722587446,1.4696049087265248,1.4632519221013567,1.4233572768108935,-5.092114292040271,-2.5872439519731043,-2.630611689972736,-4.391736877483277,-9.56688914660262,7.279558982686868,-11.917669673561619,0.0,0.0,0.0,0.0,0.0,0.0,0.0,0.0,0.0,0.0,0.0,0.0
718,14.36,8.238264037755814,-3.617506002470809,0.16830023409026199,-0.1933685443940411,0.9792199603182061,0.025846351226939932,-0.0553971252105676,-0.38958907427158157,0.7957306633676529,-0.7807641918907694,-0.10265359976944546,0.5647800473916637,-1.2014608187993483,-0.44392158707961454,-0.3134442239295412,1.0157306385618405,-0.3121465025883925,-0.2807632899176621,0.7687801161941417,-3.449949210874981,9.851873706911618,-7.094996151486405,2.6191497105025947,3.7067765148359495,-20.748177978003696,-1.1386669987463336,-4.5978475139033606,4.232173098017149,-5.504852593915862,8.043069841961728,-10.169492499803571,0.0,0.0,0.0,0.0,0.0,0.0,0.0,0.0,0.0,0.0,0.0,0.0
719,14.38,8.23795392278142,-3.6174728879669114,0.1685321736490639,-0.17869329117425176,0.9821797479765855,0.01797719614835823,-0.055393779186925375,-0.40998662257569396,0.9647043796245958,-0.8287648840683719,-0.012740022113815013,0.652574190515615,-1.4872968832175366,-0.398926026795331,-0.44538687157156076,1.2563976205174072,-0.32244024273000294,-0.1109148086161585,0.6563423304665346,0.4756062481894455,7.4002714385533865,0.4593619701445175,5.138804003925707,4.5955842228649235,-7.587311005453282,4.111621320075553,-7.361902134451141,11.918761325800848,2.158849011914338,8.551023737964211,-2.0038844541841203,0.0,0.0,0.0,0.0,0.0,0.0,0.0,0.0,0.0,0.0,0.0,0.0
720,14.4,8.236995030620106,-3.6152596355466415,0.16625646887334106,-0.1501144775188705,0.9871478913484775,0.0053488825993738935,-0.05455340228098027,-0.44378023446185194,1.1331146831721985,-1.1081021433288065,0.0511201853491622,0.7297263802579472,-1.1761326378838157,-0.278452093573561,-0.5899580300686866,1.2013708229713782,-0.2188799156821633,0.04297817761407601,0.7900361272864432,-2.298092733946255,8.385927643818926,-16.12399555042195,2.356773083667062,3.3830286762380415,20.944120572416555,6.489164829160496,-7.025953733708738,-8.831614377926037,6.2675808015327465,6.676406468149873,8.623082907494846,0.0,0.0,0.0,0.0,0.0,0.0,0.0,0.0,0.0,0.0,0.0,0.0
721,14.42,8.237681343413763,-3.6119571219668773,0.16378365047608012,-0.12312578545591768,0.9908453990145576,-0.004536753127829867,-0.05518019643498706,-0.46020446204053084,1.2212163330626686,-1.1569596596371878,0.07482403082392974,0.7459509066973542,-0.6523783090576976,-0.1658068125918043,-0.731208917852745,1.1055996261728849,-0.09670335007987686,0.1883853350911565,0.5222636603053994,0.2867331178792504,1.8017938559690536,4.059084338281049,0.6900380978953823,-0.33253554548514297,21.33858810851986,4.593169685937906,-7.1063452236567,-1.9304540959449725,5.824032518082581,6.725686724438693,-19.09995811310187,0.0,0.0,0.0,0.0,0.0,0.0,0.0,0.0,0.0,0.0,0.0,0.0
722,14.44,8.238304076968953,-3.6069641208318037,0.16240873899840588,-0.10367471998583584,0.9929752898456357,-0.007485288931719094,-0.056529608537867614,-0.3541616155461854,1.1629369985738562,-1.1263089581138388,0.08605825670841444,0.7197945047841048,-0.4177520158351705,-0.06580644038949751,-0.8094849925715292,0.8089010309390272,0.013535602683796215,0.2461849714546584,0.5703997790310573,6.9420341428693995,-5.2733073859607495,-0.5161250973218785,0.18756682972643285,-1.572857501278226,4.482988760412858,4.6705438966539266,-2.396977246397856,-16.363589995015026,5.15354296318823,1.135489800318795,10.759588778757431,0.0,0.0,0.0,0.0,0.0,0.0,0.0,0.0,0.0,0.0,0.0,0.0
723,14.46,8.238597057383446,-3.601429729194922,0.16126238770520138,-0.0868546770596361,0.9945489206486238,-0.008874094582541387,-0.05700842003480915,-0.13928886510708022,0.973616037420413,-0.8196891602076096,0.07943950040111711,0.6856334847244255,-0.42169994411338046,0.019590010602131412,-0.846647744516791,1.0507155342434487,0.10551492435902984,0.22466093539393694,0.5537242181798833,10.422827889785857,-10.547546641821889,17.202257743755265,-0.7795190552990873,-1.8095650265082417,-2.1245772375293335,4.3519205787816055,-0.8424882335823213,21.038167826159263,4.0217425151428285,-2.495537807257845,-5.587333439986092,0.0,0.0,0.0,0.0,0.0,0.0,0.0,0.0,0.0,0.0,0.0,0.0
724,14.48,8.238596278222712,-3.593375434627692,0.1604274157633054,-0.06559986305472357,0.9961736636617157,-0.008178998753467863,-0.05716461994440701,0.059042611356031914,0.7558935261054339,-0.6938309042841294,0.1305413529623108,0.6386858697510217,-0.4748280457068533,0.13351484088234203,-0.7926284474489133,1.084814945407836,0.20337978190642836,0.07307393500942488,0.910291606556822,8.912885408965085,-10.798237643245582,-0.3177959754201307,4.0292370687759975,-2.7058655392620103,-2.120724860630105,5.565867768909857,4.396658840661196,-6.68172531268512,4.7996279359659555,-9.82202673768576,22.406815449818087,0.0,0.0,0.0,0.0,0.0,0.0,0.0,0.0,0.0,0.0,0.0,0.0
725,14.5,8.238694653457312,-3.58666519544416,0.15918234279614296,-0.05418919839371716,0.9967983471568725,-0.004105629777688154,-0.058649208749168694,0.15873033703069386,0.5584794491832067,-0.8128490861056036,0.18176161226078164,0.5979283165609435,-0.6740773407073155,0.20939272637421505,-0.6473923659276145,1.1254463718952292,0.27508019286042235,-0.1789467692518751,1.3640997397040695,2.7472274913495394,-9.35869421610651,-6.837060246808351,1.4556465609009925,-1.9469606369527537,-10.359429626173242,2.5640064336646433,9.022815666431105,5.406596494253899,2.7153393514907656,-13.705830499866146,16.358257455412488,0.0,0.0,0.0,0.0,0.0,0.0,0.0,0.0,0.0,0.0,0.0,0.0
726,14.52,8.240031513602968,-3.58440167362867,0.15889598668656965,-0.053401738061012366,0.9967950745112112,-0.0006914346792087619,-0.059559682003330894,0.16459556484287854,0.41059403551354895,-0.7836991549503302,0.1975540985125087,0.5958244700083087,-1.048363508504092,0.20754750595160432,-0.44824399888418887,1.1585697266802857,0.3409890519779319,-0.4562501314937769,1.3996142137923326,-0.8403810487484484,-6.204692375044154,4.482243664573408,0.023444390385993885,0.3229540206578496,-17.11817590572616,-1.664569638180416,10.1948137694778,-0.5368864895257213,3.8474676517869755,-13.927904155259796,-5.32018411303187,0.0,0.0,0.0,0.0,0.0,0.0,0.0,0.0,0.0,0.0,0.0,0.0
727,14.540000000000001,8.241474629126177,-3.5853564010420658,0.15874335546074156,-0.058882269950768805,0.9964654194397257,-0.0001845280664058431,-0.059912537049022246,0.11089431556858877,0.31551001632888087,-0.5635198556521155,0.1761881178816789,0.6045033811256025,-1.308445358781027,0.13362509023648741,-0.2681253944635493,0.9583349206463256,0.4213060494455185,-0.6824018413707109,0.9500130745380716,-3.335869277719274,-3.82441149083086,10.808407955726505,-1.7448907396094575,0.23993069337667067,-7.928376433345312,-4.817928159658652,7.853299635885658,-11.355673065594596,4.445501632537557,-9.87464927114031,-24.447293405189747,0.0,0.0,0.0,0.0,0.0,0.0,0.0,0.0,0.0,0.0,0.0,0.0
728,14.56,8.241411062422959,-3.589181587001376,0.1598693960858486,-0.07108079837207565,0.9957149154737626,0.0006507455132403095,-0.05915153198476311,0.010139748648462284,0.2698798268478381,-0.4434725668535774,0.1162968895714647,0.6038666392025411,-1.3033441627636502,0.002939170256100597,-0.17174632252872213,0.7035641914159775,0.4876790324095881,-0.828933432178665,0.5665960685331904,-6.018226513210326,-1.2297179693968903,2.3783220946618417,-3.5216661638051523,-0.041974748328880436,3.7528611775001774,-7.491992359524209,2.8602669837665538,-9.833879218377794,2.64722668728817,-6.048883275752904,-11.709965971957697,0.0,0.0,0.0,0.0,0.0,0.0,0.0,0.0,0.0,0.0,0.0,0.0
729,14.58,8.241152299338792,-3.5943909237135006,0.16143339193290393,-0.08714491927886657,0.9945026239383573,0.0016849406362575612,-0.058029776827558686,-0.1157577545554698,0.30074174714708185,-0.45374166825516343,0.05908292247258349,0.6264456431173742,-1.126533184527577,-0.15542586826087926,-0.17512384535023534,0.5569606991322055,0.4806777235304308,-0.882222099774416,0.5770387934648042,-6.202137933866528,3.087299632255311,-1.4315807912797607,-2.0198483391089472,1.9448531836100904,8.707666247709994,-7.892230089974168,-2.0386640067932715,-4.274438522081489,-2.2477197066620325,-0.4207645005733991,5.621434890820259,0.0,0.0,0.0,0.0,0.0,0.0,0.0,0.0,0.0,0.0,0.0,0.0
730,14.6,8.24094113203527,-3.6013664228403357,0.1632374471916929,-0.10838271808031687,0.9924725937446868,0.0030388130603553384,-0.05693946524513777,-0.2660766533265579,0.40249198446636925,-0.5261350466297368,-0.007423132725057093,0.6692591780380526,-1.0702348589028372,-0.3346294672497698,-0.27271841982793277,0.898373975682712,0.32284465874991114,-0.8229526675649483,0.8953457300374894,-7.835286214819144,6.034382085624118,-3.201619822762476,-3.6149789494662907,2.234352340476106,-0.39486676515167374,-8.871788181951548,-5.756775471534203,21.03203969864479,-10.740911979249061,5.582819095388424,15.843327870879355,0.0,0.0,0.0,0.0,0.0,0.0,0.0,0.0,0.0,0.0,0.0,0.0
731,14.620000000000001,8.241288249550735,-3.6073323146698852,0.16494654939069053,-0.1233966745649493,0.9907429959337636,0.0030136357565270513,-0.056502165569389216,-0.443348764744717,0.561041448106588,-0.8288393816585764,-0.0638540295061059,0.7236881014426738,-1.1105036637139394,-0.46770082526005813,-0.39660137482352903,1.428449541371938,0.12084471761439632,-0.6695457564421925,1.0916955724964832,-9.131690019153131,8.334885261923553,-15.499666164743708,-2.078468333185137,2.877535617307794,-1.958413877189419,-4.604130226464623,-5.857792191135751,21.625598840815137,-9.063770933086031,8.850782747743091,4.771497377004616,0.0,0.0,0.0,0.0,0.0,0.0,0.0,0.0,0.0,0.0,0.0,0.0
732,14.64,8.242576161183415,-3.6095426077246784,0.16437911800386612,-0.11800965660804237,0.9914457409397408,-0.0005587558346176228,-0.05575617913396242,-0.605498066447997,0.7305802263889827,-1.0116607066182495,-0.05644633326728724,0.7982823001586706,-1.306379886355017,-0.48046699038776447,-0.5201383185991677,1.5924609668822498,0.007085769350964461,-0.472709342419558,1.0898232161530284,-7.324988687973058,8.245121164741771,-3.496512867197005,1.5043481026894336,3.9298828189917603,-10.3565962749031,1.8049576317600144,-6.351735075423143,0.338212795970124,-3.547627335660975,10.091748010282323,-1.6469785463614917,0.0,0.0,0.0,0.0,0.0,0.0,0.0,0.0,0.0,0.0,0.0,0.0
733,14.66,8.24317294067521,-3.608979150419058,0.1633990356630993,-0.10614218222315398,0.9927500041444643,-0.005624824148113906,-0.05612154468095461,-0.7534998495444128,0.891785487348291,-1.0468165565893888,-0.06707980219137409,0.8713207553133065,-1.4792586883820593,-0.4139429936012961,-0.6539778738435484,1.3528623620957925,-0.057404055359803405,-0.26940387490838263,0.9993380005335767,-6.89113768402228,7.749053426800575,-0.5597979797322982,-1.87968741662014,3.232616177584024,-5.802475621209135,3.9503549660089874,-6.868119562783929,-14.438509358271542,-2.9386550203991093,9.655285408215594,-4.33561038758403,0.0,0.0,0.0,0.0,0.0,0.0,0.0,0.0,0.0,0.0,0.0,0.0
734,14.68,8.243184094726045,-3.6039432330581533,0.16245055419551555,-0.08145181425014061,0.994962954622717,-0.008566350699957204,-0.05780085223835505,-0.769839021342569,1.0366386160136434,-1.1982882435280593,-0.11840944918504762,0.9145160871429,-1.3566517985137618,-0.2849905727250997,-0.7949482251155949,1.15808817196056,-0.07379995125954489,-0.05538964693320898,0.832779175721129,0.7476098269871814,6.984492638309939,-9.36091620766227,-3.7043694603264408,1.6327165463439737,9.66241533550319,6.771620128144551,-7.06181629949047,-5.3122678061325415,-0.4641978318407614,10.872126498457165,-7.646162847423616,0.0,0.0,0.0,0.0,0.0,0.0,0.0,0.0,0.0,0.0,0.0,0.0
735,14.700000000000001,8.242731019831403,-3.5969133034064975,0.15887400058840537,-0.043370336731597,0.9971274418129689,-0.00934713959450862,-0.061388188250786735,-0.6908184484894286,1.1577700515197533,-1.3381350346455438,-0.18006595203358267,0.8986110705413288,-0.9529034973009116,-0.12587415101531,-0.9390733117092185,1.2023065846263694,-0.03140700410794167,0.15665507188707462,0.6722780283814838,6.007162372157426,5.228358345025878,-4.205721904817112,-2.357373933936971,-1.6836640146559296,18.75182395557663,8.272683127693636,-7.055355405040385,4.596716626827757,3.2355082001127795,9.82927167978022,-5.864541274275718,0.0,0.0,0.0,0.0,0.0,0.0,0.0,0.0,0.0,0.0,0.0,0.0
736,14.72,8.2422148722331,-3.587631797752176,0.15379720348799325,0.0005505002063346751,0.9980487221051523,-0.007811825275198327,-0.061946917919026005,-0.45021076122404025,1.1896349736882068,-1.2550893042893951,-0.19761608417339507,0.8386007250966574,-0.6401095637879005,0.027247129221233582,-1.067733095515205,1.320947578544419,0.0429390160560027,0.3199074281631726,0.44856108195677025,13.608174116510293,0.03240336669363919,6.311078205877331,-0.7826149808620662,-2.7020712422248536,9.694920872073464,6.7726185868396644,-5.97292132421971,5.340304231401033,3.128220154970099,7.458250795922358,-9.834407427020505,0.0,0.0,0.0,0.0,0.0,0.0,0.0,0.0,0.0,0.0,0.0,0.0
737,14.74,8.241925849674477,-3.5768624305462424,0.15561647151975258,0.03644310720242832,0.9974478554916796,-0.009748435385469762,-0.060618837996274634,-0.056286950509126896,1.115346431163465,-1.089774866621883,-0.1860411787905122,0.7744464827371056,-0.3361584343406999,0.16763498444649358,-1.13748689311398,1.2106360189442642,0.0979760990140126,0.38752847447708694,0.4225989006598472,20.87132611699714,-5.235248166463629,6.561726172963885,1.7537052083385931,-3.1160748495816946,13.640743128771817,6.242768160783259,-2.083585718908459,-8.394409226036514,2.1700676644291175,1.150099954457411,2.6601921484858932,0.0,0.0,0.0,0.0,0.0,0.0,0.0,0.0,0.0,0.0,0.0,0.0
738,14.76,8.24147241492769,-3.568372940380969,0.1591875898423382,0.06550533089193461,0.9960522459824015,-0.012355291605747753,-0.0586201472830794,0.34036908409036115,0.8938331826891023,-0.4743499151340807,-0.08315855003602861,0.7110674919134186,-0.08221351400657426,0.2543824249320701,-1.1255217046076786,1.1474899687965365,0.12590071081743184,0.3443155533290884,0.5129557921644557,16.396864842216818,-12.824494362031796,32.39940869080734,7.1223003015330155,-3.1500752931566485,9.207870157958952,3.35449015384752,2.2880045723904536,0.02983168692765914,1.068335681151343,-3.8771742414213435,3.946674911234611,0.0,0.0,0.0,0.0,0.0,0.0,0.0,0.0,0.0,0.0,0.0,0.0
739,14.780000000000001,8.24135686743033,-3.5639434204175,0.16090563904727548,0.07451510538490998,0.9955012405156726,-0.009912025376887323,-0.05767608650179179,0.48591015374040936,0.6522495239405685,-0.1922149549573979,0.06343789564398541,0.6150129866270793,-0.005875263840867381,0.18587319855593504,-1.0357028428474948,1.1227310660760674,0.08572353155736966,0.17282362895237469,0.9452058486355353,2.655516902254019,-11.259916366204344,2.0335563459714736,7.504865734545218,-5.714264059928634,0.5092727885610593,-6.854300071918671,6.054836017031481,-1.9916973138681828,-3.7195164664157527,-10.622770038301644,22.703316058148825,0.0,0.0,0.0,0.0,0.0,0.0,0.0,0.0,0.0,0.0,0.0,0.0
740,14.8,8.241291740237314,-3.5617318287188753,0.16121754868857063,0.06968015126156558,0.9959275098237982,-0.0038021114698004767,-0.05708428544448044,0.4496169425234754,0.47857321810516584,-0.6912708699545155,0.23076720934973657,0.526170614697323,-0.43481958285550915,0.09976822651325774,-0.8354890635608853,1.166664871655697,0.03639245863661316,-0.0941666753090173,1.3049974159906297,-3.8407227875315457,-8.519345786117324,-28.86062061513428,8.741095111450695,-4.775525242905816,-23.94496707590766,-3.1033859764483562,12.126667344530638,3.731822614907278,-1.5774448700710635,-14.639895768885104,10.835007297598336,0.0,0.0,0.0,0.0,0.0,0.0,0.0,0.0,0.0,0.0,0.0,0.0
741,14.82,8.242877837663224,-3.5588083468391245,0.15948345204272188,0.06385389662838022,0.9961613070648802,0.0033993104217987734,-0.0597810578763868,0.35599690114805255,0.2849942760313957,-0.8464955538819098,0.41615823042241357,0.44894228155990523,-1.021747738308222,0.05615350315552264,-0.5295185165618178,1.1818372409857678,0.06627886054606986,-0.40317124874702803,1.2657681700164605,-5.216738780243476,-9.80483687527196,3.0460767282699193,9.084730787732672,-3.943335462520087,-23.199554024752604,-1.9951204922681032,16.7619923222638,-0.4806724695415764,3.5549359680784716,-15.599321836126038,-7.2093478112653155,0.0,0.0,0.0,0.0,0.0,0.0,0.0,0.0,0.0,0.0,0.0,0.0
742,14.84,8.24513834866673,-3.5607223093428697,0.15904134394757044,0.03986907056848229,0.9973254816481877,0.002474624149347517,-0.06120634854765101,0.18683756681926206,0.11856170057419618,-0.5716753918447829,0.49725735289424317,0.3769853671510534,-1.4282719633170238,-0.08093490611429938,-0.22397071180302464,1.0340307690139432,0.1362813355345305,-0.6706070353381156,0.8876597557747945,-9.883739700821007,-6.571444692101364,14.757632862373276,1.565881884577641,-3.3913840480055413,-13.56627630888433,-8.94349914847701,14.44969213859109,-8.28925858866047,3.913456767698307,-11.972225051023223,-19.1719764285508,0.0,0.0,0.0,0.0,0.0,0.0,0.0,0.0,0.0,0.0,0.0,0.0
743,14.86,8.248617408494226,-3.5655378466019294,0.15824191385928432,0.009760241966506924,0.9978729124637281,-0.004062093564869952,-0.06432641482146814,-0.021772042886698983,0.034489348524451124,-0.3683276949590061,0.4813392632221193,0.3261880887693605,-1.4446481298137468,-0.25413648655688914,0.0002005580683329261,0.7451718478028451,0.2524423613927655,-0.8482530903372003,0.46824645518571567,-10.418743302885101,-2.6806996088573727,5.283451305422043,-1.994533904310839,-2.1224410993743805,4.650413036664144,-8.65285141139255,8.661101688432222,-12.782169079132137,6.939531923457267,-7.751541645142751,-16.164241594690573,0.0,0.0,0.0,0.0,0.0,0.0,0.0,0.0,0.0,0.0,0.0,0.0
744,14.88,8.252183729918858,-3.5693595625330454,0.157027311736452,-0.015432265331711137,0.9976707741051799,-0.011812540443047035,-0.06538605028127728,-0.20844503276245788,0.043003138485317796,-0.3646283658116782,0.4293877993148776,0.3165390906004217,-1.205849397214642,-0.4009778494990047,0.09120422262472822,0.5589831835217102,0.3909947976533621,-0.9294179893028489,0.28793410548820736,-7.553335443655239,1.6974441686186856,-2.1514079696519697,-2.0327757512355458,-0.024804525115525278,11.730152062726575,-6.211421476929214,1.4356949499084526,-5.0230414857983225,7.119626173109031,-2.368726219822907,-3.732594912664428,0.0,0.0,0.0,0.0,0.0,0.0,0.0,0.0,0.0,0.0,0.0,0.0
745,14.9,8.253128474494693,-3.572441458357007,0.15697634643149774,-0.043433554516280684,0.9972040005548455,-0.01663436957653587,-0.058489361154692256,-0.3619420050682921,0.12468019172825873,-0.4096663537665108,0.3378632541185158,0.3310826496480868,-1.0357148188279304,-0.5428471183443014,0.03287238441147099,0.6621743291747868,0.3979847454890449,-0.8905083846320686,0.28909754930526194,-7.530606209895275,5.481471264334156,-1.4501928436547966,-5.751929949039264,1.4065735710073557,4.85454726567883,-7.180004994808777,-5.024934210849908,7.781851572275376,-3.4427820015178807,4.571579215814998,1.8244116573138478,0.0,0.0,0.0,0.0,0.0,0.0,0.0,0.0,0.0,0.0,0.0,0.0
746,14.92,8.253646641686514,-3.5789920196991076,0.15847791496373226,-0.06584340224277645,0.9960407651749492,-0.018475820629138162,-0.05679863152292742,-0.5072386010739908,0.30093155574283426,-0.6609939204726218,0.20728360369717697,0.39398563000517983,-0.9372407543641307,-0.640224191623483,-0.10351862304248138,0.8703081066536861,0.2617635376922348,-0.7582651366479681,0.7539279070076239,-7.044732087962465,9.8792606509346,-13.330217405068543,-6.9278811371049756,4.012857805082987,3.319964664970823,-3.2710517648153843,-7.855779309757333,8.052790554315425,-8.441922098392173,8.729675483222124,25.37694908943737,0.0,0.0,0.0,0.0,0.0,0.0,0.0,0.0,0.0,0.0,0.0,0.0
747,14.94,8.25347150859359,-3.5841011826988547,0.16135153340281969,-0.07727041485815488,0.9952818830490875,-0.020714573683855944,-0.054901390683728485,-0.6394369204077813,0.49234792242098563,-0.8584420134289489,0.05987789455686185,0.4836811150843198,-0.9643221286252315,-0.6544129671995617,-0.30734148440682707,1.413203525524607,0.11418219491504172,-0.5692380939527185,1.0868443149585496,-6.153971600925082,9.109795830246668,-5.349089456159803,-7.53412560482409,4.663076645749868,-2.684571099223155,1.324096110406282,-10.612893885824516,27.700348431512335,-6.5982250129043685,9.857936946633462,8.679995559286226,0.0,0.0,0.0,0.0,0.0,0.0,0.0,0.0,0.0,0.0,0.0,0.0
748,14.96,8.253125415911338,-3.5855263245141065,0.16341289185725777,-0.06955596835977884,0.9958253478006841,-0.02660789036086904,-0.05278128563917798,-0.7358500359788123,0.6823880024789895,-0.914942505939744,-0.07281726591924861,0.5757052756606581,-1.1152785191713914,-0.5221482878841317,-0.5248560799780775,1.593774168265587,0.025672826570581488,-0.35304985449992143,1.037405795802841,-3.8196204250353336,9.578287842382668,-0.7897281913166994,-6.067637777379818,4.303337328050021,-7.539009904566046,9.824886016228284,-10.835018070869985,-1.6573323669947033,-2.84596506236264,10.922884001164658,-6.338485040078836,0.0,0.0,0.0,0.0,0.0,0.0,0.0,0.0,0.0,0.0,0.0,0.0
749,14.98,8.253654567788454,-3.5823013442495073,0.16459164399255727,-0.03844433550213463,0.9974102716132501,-0.03186601863738626,-0.051762341565890456,-0.7456839556464696,0.8803526516554117,-1.0290498127472005,-0.17061279763138815,0.6615536441309348,-1.2593475968998495,-0.25133668416113686,-0.7407625718740105,1.229682811483453,0.021716072709230233,-0.11648801841237949,0.7983104307340418,0.3701981686843409,9.809659750601995,-6.274173327319357,-5.060050765456816,4.123205853150588,-5.035294701169384,14.566704655422575,-10.527714793120504,-20.94468975090205,0.7041453358408429,11.86291387159527,-10.801013161773957,0.0,0.0,0.0,0.0,0.0,0.0,0.0,0.0,0.0,0.0,0.0,0.0
750,15.0,8.253517154654704,-3.578825542008695,0.1646635982344732,0.002858927394131997,0.9978866632564473,-0.03433632160623039,-0.05509129557038306,-0.7303152972178215,1.0704834282369005,-1.2687283022611684,-0.27708835882232463,0.7060012560554614,-0.9717899287329087,0.03109838385935819,-0.9550020298706853,1.0808795572896543,0.05900939982452125,0.1223579169242797,0.4602202106896641,1.0835882262247059,8.629056503620225,-10.835324185104199,-5.37689606877792,1.3232696613119288,18.809023559522565,13.110603335126392,-10.789526371203984,0.4282202059578255,2.0442636986732334,11.325945598307966,-14.545144687527738,0.0,0.0,0.0,0.0,0.0,0.0,0.0,0.0,0.0,0.0,0.0,0.0
751,15.02,8.251032541277606,-3.575214324833101,0.16077618491983023,0.0449793571240089,0.9968980432856251,-0.03227369514053471,-0.05594244656769655,-0.5697088408418852,1.1316952419587407,-1.2324095924844658,-0.29362277180126894,0.698431305166188,-0.6255323733301887,0.2458539108586299,-1.1462593694771905,1.1308589939654499,0.13276931483306453,0.30227010941393545,0.26720255901256257,10.246940342852136,-0.49130295435392,6.206444430835033,0.9613990181325007,-0.32013814549455943,10.07547717623087,6.480621089113181,-9.103823737077454,2.711272788141573,3.035010891910535,6.789402220327549,-4.6213642875609935,0.0,0.0,0.0,0.0,0.0,0.0,0.0,0.0,0.0,0.0,0.0,0.0
752,15.040000000000001,8.24946251329994,-3.5741335112389114,0.16257997670134025,0.051861413365942424,0.9968391551133413,-0.031515787268321556,-0.051272290659435976,-0.3121777332642937,1.0616381899855039,-1.0544713999671067,-0.2779858242874925,0.7220221021394504,-0.4761940843138518,0.31293808654032956,-1.272965407179435,1.230681135548087,0.13105574852600024,0.4034268015499937,0.31678080888058163,13.829911040863454,-4.786946081818634,7.137831688453967,1.4902374438501342,2.1138079165149586,4.376989044440893,2.1014474353381405,-4.484075547262418,4.543358865680641,-1.055910075176881,3.714166972768907,4.7116367999513376,0.0,0.0,0.0,0.0,0.0,0.0,0.0,0.0,0.0,0.0,0.0,0.0
753,15.06,8.248961187040646,-3.5711977075996573,0.1656801511437395,0.05870277698738677,0.996582573940462,-0.031091121743827367,-0.049096837381687776,0.011207569906847403,0.8937570266009588,-0.7833074900246266,-0.14902845838056727,0.7824260706422285,-0.4419491561875583,0.4181584520322932,-1.2759340706440727,1.3383774600944933,0.13333117627680147,0.4169864126245395,0.44369179375931694,15.885487372288011,-9.585505712756285,12.156005659347626,9.626279294016179,3.507194289301636,0.3058985707540577,6.85316403637915,2.4210458601275375,4.692121913802922,0.7905376049212549,-0.9413487384329506,5.156786103285267,0.0,0.0,0.0,0.0,0.0,0.0,0.0,0.0,0.0,0.0,0.0,0.0
754,15.08,8.24935880652118,-3.5664343443018773,0.1673115660328604,0.06693505780970141,0.996165180578673,-0.028314646656510917,-0.04871254277277052,0.2365756567951671,0.6993010938477962,-0.68759999684943,0.10909867899446471,0.8360591353301235,-0.4223913117381747,0.5199026678194645,-1.1642300789606204,1.3120023200061255,0.14699606490635428,0.31439567534749224,0.8514857283538718,8.174109879708402,-9.492833080560006,-0.04970989557076555,14.170156781607577,1.9047938401486673,1.4177856962642121,2.3713954600585945,6.851865498766838,-2.853308803618855,-0.004089131491849862,-7.004391337946047,20.826293019432683,0.0,0.0,0.0,0.0,0.0,0.0,0.0,0.0,0.0,0.0,0.0,0.0
755,15.1,8.24965344380009,-3.5628767486143538,0.16807354593262144,0.06484321264747382,0.9965273104811901,-0.021525446237569426,-0.04759550822245805,0.3214776986710689,0.5389987560481724,-0.8930820999114846,0.39012073920634704,0.8507628794017104,-0.555005416957074,0.5191843123037841,-0.9767711615922435,1.2440768738666215,0.1672593014707567,0.11378116959940164,1.28750390968749,2.2683390313546448,-7.422234652963377,-11.891586928320573,13.45236482374856,-0.42765198259029824,-7.713894872336326,-0.7932104762259327,11.145639124427413,-3.2964398323050004,1.540307049973999,-11.52893657909719,16.08701319816043,0.0,0.0,0.0,0.0,0.0,0.0,0.0,0.0,0.0,0.0,0.0,0.0
756,15.120000000000001,8.250275461618234,-3.560577601993611,0.16758925904196967,0.05290285331221237,0.9974409779390409,-0.01108120706561989,-0.04679733421260102,0.3248594131350438,0.4046446999797544,-1.0243565443240288,0.6160170201433013,0.817738776420766,-0.8346401844079488,0.47778531583735434,-0.6952598427226063,1.0949805424106813,0.2280127961329967,-0.15207094173635718,1.3254211619634804,-1.1899385463406416,-6.167167528720505,-2.6423936153585412,9.438131589267805,-2.7717829505873306,-12.535219018175212,-3.3922746289218626,15.457017363793968,-7.285018150098739,3.9496712814608173,-14.084023136063939,-5.08382249822784,0.0,0.0,0.0,0.0,0.0,0.0,0.0,0.0,0.0,0.0,0.0,0.0
757,15.14,8.252356011280046,-3.5637037257497735,0.1648188099649046,0.015505900669945887,0.9986667526022315,0.0025576071995131655,-0.04917054948585413,0.24821260445303703,0.3124344811543328,-0.7372128182331532,0.6984711668987698,0.7468555584209363,-1.2394990954928344,0.28499068308244235,-0.38412625655057253,0.9220961761858499,0.28092720521672365,-0.39277036788918784,0.8752148202456494,-5.389781404209077,-3.324337721750327,17.76905912313503,0.8626941932179402,-4.358711551091946,-18.239620870365304,-12.719488150074609,15.435478547590531,-7.392392254904438,2.392935867079455,-10.64350139176557,-24.53185292921708,0.0,0.0,0.0,0.0,0.0,0.0,0.0,0.0,0.0,0.0,0.0,0.0
758,15.16,8.254859349504109,-3.573035282204909,0.15911613297385202,-0.04675248354183974,0.9971049902959217,0.016132840568643832,-0.05775443762021227,0.10092558944679653,0.2519113379226369,-0.32171548898290336,0.599090394265398,0.6070291342869591,-1.2535277790530244,-0.05482108263894708,-0.11829645699531963,0.8295755507469882,0.317079866851314,-0.564997952656569,0.46953834643786246,-7.58629080115123,-2.1334497412745614,15.932641699612692,-6.999774398002283,-7.898205273350161,6.6570763613189685,-18.18709768360074,11.883301204244052,-2.0234891254643967,2.3468155780514497,-7.656062072670359,-12.870579703800864,0.0,0.0,0.0,0.0,0.0,0.0,0.0,0.0,0.0,0.0,0.0,0.0
759,15.18,8.256460725823729,-3.583219887680454,0.15899616927151738,-0.09055319458509885,0.9936098248027813,0.023717731964747947,-0.06306428621865381,0.034626869591466956,0.20135643399545178,-0.0435242664117257,0.4667116727498087,0.43303923893574714,-0.7680425263310672,-0.373022603505984,0.0338164589836266,0.6269637595585433,0.44468409019137073,-0.7071428926660444,0.4346328506034547,-1.2280283676096384,-2.4434624927097572,8.517510873658473,-5.326856390973352,-8.713700360901417,25.080671293366578,-14.013324796665083,4.518900354917756,-10.563855977284407,8.973170733313685,-6.699474865198045,3.129943759998901,0.0,0.0,0.0,0.0,0.0,0.0,0.0,0.0,0.0,0.0,0.0,0.0
760,15.200000000000001,8.257391369937876,-3.5914404498620947,0.165123530963405,-0.11844890875492137,0.9907589046151293,0.028177247455328604,-0.0597719973435647,0.009660966406331796,0.1434879924671318,0.14907379583413055,0.35815679437204906,0.27083949691370207,-0.32026530219102,-0.6347097130898611,0.048041427189429484,0.6906751775433151,0.5565503949529416,-0.7445936163913739,0.17111718704347487,-1.085262467682041,-3.317885918308255,8.000795930337336,-5.424562728434295,-7.160502558702848,14.667468136686487,-12.393301897165038,-1.3509775865120952,8.026324279305125,3.3019145385795707,0.4794492718365291,-16.24687883056432,0.0,0.0,0.0,0.0,0.0,0.0,0.0,0.0,0.0,0.0,0.0,0.0
761,15.22,8.258977642738847,-3.5979411348260384,0.170555439927814,-0.1415188652574878,0.988089976124088,0.029573979958311538,-0.05268766049805296,-0.0009747431744564581,0.07503543560743835,0.15214096907503838,0.25104363931216095,0.1560767125067655,-0.20073584726696164,-0.7765144750424993,0.031366667152185085,0.26191300295949416,0.5522812060229777,-0.6943994991952087,0.43460710878557074,0.8939090883467747,-3.1825110637075915,-3.7835199095854426,-4.456880783405368,-4.589644919477671,0.5736670388987406,-1.9680900422748313,-0.8802546302976352,-28.44734608260007,-1.549701613690464,4.986430621450522,21.154923960011264,0.0,0.0,0.0,0.0,0.0,0.0,0.0,0.0,0.0,0.0,0.0,0.0
762,15.24,8.259796918606549,-3.6005159922555583,0.17589099160776778,-0.14014002209618934,0.9887666094990535,0.025536676075545894,-0.04526857985003069,0.05271123859164487,0.020384063449930087,-0.017749900356372035,0.17492944736660007,0.0423341145436239,-0.03512694557679228,-0.7420639561383893,-0.08418317518189883,0.6293371643320564,0.49387634033233846,-0.5467467458985574,0.47669704686950504,3.5849546730605124,-2.8889942499225305,-7.642007615830859,-3.6606987481119324,-5.823266035275712,8.813072953829872,3.639237196993612,-7.309562010784278,31.99885498554468,-3.8186128984946883,8.230271768319579,-6.26146685689736,0.0,0.0,0.0,0.0,0.0,0.0,0.0,0.0,0.0,0.0,0.0,0.0
763,15.26,8.263859156245394,-3.6026491255179263,0.1789507787024058,-0.13768466962038944,0.9894406470882339,0.02163676546987136,-0.03977421301726702,0.10692903989610973,0.050856573889270444,-0.40297266530060555,0.09600086802780644,-0.02673288753560049,-0.22407543028080465,-0.6611204401622613,-0.14629961863094537,0.8608798194748337,0.43087244296095517,-0.3926387250336504,0.4599462125885255,1.6553961352783642,3.646487862234178,-18.046336584883445,-4.685562849429015,-2.635142919128988,-14.214981051182672,1.5563827036823867,1.9685889988946093,-1.3911769602510313,-1.9875157078125993,5.101819595648679,5.353399583522034,0.0,0.0,0.0,0.0,0.0,0.0,0.0,0.0,0.0,0.0,0.0,0.0
764,15.280000000000001,8.26931079322986,-3.6068656904312526,0.18078384904265404,-0.15746727078747116,0.9864865237002306,0.01921479679273388,-0.040977905910306034,0.08214744055090634,0.11899145584317487,-0.38236425339243496,-0.05152878317563156,0.006894009772609587,-0.8071778641391516,-0.6215794721914222,-0.090763093077282,0.9118938558917684,0.3246906525997551,-0.3310702897803943,0.6146810087307896,-1.5064619857702592,2.2350556919870526,9.425507397054474,-7.827588992562599,2.333128722474274,-26.625465544612137,3.5944710788237066,1.5361977649142062,4.649667332193406,-6.099968515431037,2.301623133251397,5.284752730058205,0.0,0.0,0.0,0.0,0.0,0.0,0.0,0.0,0.0,0.0,0.0,0.0
765,15.3,8.270507284634622,-3.6066917253560886,0.18412460835302136,-0.16706441367450728,0.9849941297747198,0.015223434602306705,-0.04054988325316161,0.0425258523447342,0.17343799696167703,-0.3105443514418375,-0.18533280926346532,0.07076044857517048,-1.1224508083770468,-0.4929529570465087,-0.10224807841449275,1.0462729728849738,0.23638423813330592,-0.28471192043268656,0.7556613321198519,-2.6153077473553195,3.343583362631351,-0.013925162394638146,-6.228290514354807,3.919423872094465,-6.89920016249159,7.831962188299394,-1.494460220669493,5.579267867339208,-3.7437760700861853,2.6616277682226968,5.911487785484079,0.0,0.0,0.0,0.0,0.0,0.0,0.0,0.0,0.0,0.0,0.0,0.0
766,15.32,8.274697952284416,-3.6051055796818807,0.18378576571205235,-0.1698171913743118,0.9843465637659842,0.0077842629581594365,-0.046512032486636906,-0.05264294514899057,0.3019377414473803,-0.32271159366820396,-0.27972395038784115,0.22477797236119107,-1.1759693191160308,-0.2894107894148467,-0.13199933433248728,1.0285689085678726,0.16470671995444447,-0.1766787757067337,0.7957650152371601,-5.829128209626945,8.084009672971296,-0.3760890535808306,-3.5436004552068487,9.67397437817456,-0.008268329209346392,11.427840984979289,-1.6347248078721648,-3.43653753355692,-3.263319276279964,6.8125667735609685,-0.020576819602187157,0.0,0.0,0.0,0.0,0.0,0.0,0.0,0.0,0.0,0.0,0.0,0.0
767,15.34,8.279800278293306,-3.6009822421777113,0.1807956938821028,-0.14691712163926213,0.9875565874522951,-0.0023202856827583907,-0.056053208856959975,-0.15983246515506083,0.4706577992679244,-0.4850647526967006,-0.24002186101942988,0.42740126839396336,-1.1227565036859881,0.009694231778001425,-0.2113911461619483,0.8260625497919996,0.1872015774405844,-0.02537833665170569,0.6283117238670668,-5.314187757188798,8.16900205626449,-8.676882301034487,4.960708732701652,10.174379344892206,3.25606462624453,16.2117773589832,-5.473639027381831,-10.39888517246101,3.391501638010449,7.512499848922005,-9.368839212226304,0.0,0.0,0.0,0.0,0.0,0.0,0.0,0.0,0.0,0.0,0.0,0.0
768,15.36,8.283483459634141,-3.5969181286760534,0.17515754976117723,-0.10940329397678795,0.9916573352085346,-0.011737282900538614,-0.06714823143053998,-0.30683950928293896,0.6402952960238708,-0.6304308674979013,-0.07695731249111362,0.634470796290197,-1.1326695565562017,0.30065683990422654,-0.35907686252998633,0.7218419332900278,0.28588706595790925,0.1316882456030521,0.3920169662125113,-8.933410222833826,8.171112875009136,-4.112768481251396,9.420522034220731,10.147516446930927,-1.819277733472161,12.756172491993267,-8.500153582083035,-1.5200279429599628,5.3350415452833815,7.500359085373786,-9.357134718983076,0.0,0.0,0.0,0.0,0.0,0.0,0.0,0.0,0.0,0.0,0.0,0.0
769,15.38,8.283186910308872,-3.59293838403319,0.16924382484684158,-0.0738417922738799,0.9948641702669835,-0.009440084694102376,-0.06858248489035608,-0.4837160495451254,0.8094761550755112,-1.0482852903365205,0.11515784840793696,0.7793391388483497,-1.110117108910592,0.5063266343635148,-0.5253134426822584,0.8103007581074855,0.3839390105297117,0.20693880094631484,0.385270854175978,-9.29327986726576,7.434471850224474,-21.512395615439363,8.664369483282275,5.645913217999357,2.825943403781052,8.397656418005873,-7.981161124795517,5.783782934706416,4.324354395113076,2.1042572483629436,3.412306379223842,0.0,0.0,0.0,0.0,0.0,0.0,0.0,0.0,0.0,0.0,0.0,0.0
770,15.4,8.279198049231649,-3.5927966954312067,0.15920181282960225,-0.06211768919752457,0.996386526420333,-0.004386233154834682,-0.057758493881803805,-0.6589460618555838,0.9073596809196344,-1.3518836121782583,0.2007731635335192,0.8684720421793484,-1.0174892555803998,0.5166425867854111,-0.7083172091343963,1.0956616199874154,0.40763173224922955,0.18199886322004166,0.654881891427023,-6.97613601738569,3.0942032644228257,-8.195142772863196,2.1824504460826972,3.752661973768561,4.341035236917294,-3.154607006391356,-9.239867507762664,13.724834034819107,-0.2521648951998233,-2.613347260689638,13.68732861257151,0.0,0.0,0.0,0.0,0.0,0.0,0.0,0.0,0.0,0.0,0.0,0.0
771,15.42,8.278473915277392,-3.5918266741505653,0.15655281573848956,-0.06495008325555014,0.9962780772851028,0.00021466065109006184,-0.05666950967672671,-0.7494859662679467,0.9797996084138242,-1.6689022311029578,0.22545412501356316,1.0052789010322931,-1.1175197022875418,0.48913552076718453,-0.8467368749140002,1.4638947231202082,0.36931736888529104,0.1479465773957923,1.06517299759757,-1.4184219089247438,2.6527899862437994,-14.77378400251601,0.16140991085093792,7.515625886591985,-7.366353783333978,-0.5673331182484973,-5.484307635568413,15.380290950195118,-2.8769964948379028,-1.7992436001384915,17.154228205445104,0.0,0.0,0.0,0.0,0.0,0.0,0.0,0.0,0.0,0.0,0.0,0.0
772,15.44,8.278532893399644,-3.5923326285929056,0.1584202494998462,-0.06842807396321887,0.996013447962319,0.0015892870707335642,-0.05720388394596705,-0.6766081770009603,0.98258379104379,-1.9053859192720435,0.14646160299737315,1.1425511072449581,-0.9735485819913147,0.4934788908893037,-0.885691691386512,1.4974999147441284,0.2792342165316849,0.08717214632203017,1.2043416612607776,6.8264401764647165,-1.543991479342188,-7.358552387650253,-6.334898962999281,6.461297198825867,11.664330719869541,0.014521955642212453,0.07265614608317383,-4.367562597853439,-5.690924619382294,-3.8332363651570116,0.7565349673047037,0.0,0.0,0.0,0.0,0.0,0.0,0.0,0.0,0.0,0.0,0.0,0.0
773,15.46,8.27839494317424,-3.592913452397186,0.16036967371120378,-0.07632805882518824,0.9953992785767318,0.0059605757195163,-0.05760881166967654,-0.4268484354445323,0.9055206397834596,-1.7275587680824027,-0.062152970676340714,1.162256654953521,-0.607559474264824,0.4574607262992028,-0.800938891181365,0.8143328796005386,0.1466316494936646,-0.04770879202118818,1.1934816029550386,14.114488136322569,-4.75771875835091,13.402002586832582,-11.71287094198177,-1.3958690783661643,15.54228231667523,-3.725185484983963,6.40271324459435,-39.356071963352804,-7.268993800124614,-8.345293309062331,-1.0230137138213453,0.0,0.0,0.0,0.0,0.0,0.0,0.0,0.0,0.0,0.0,0.0,0.0
774,15.48,8.278516768947172,-3.5910492479156484,0.1603778832378549,-0.07687897311350524,0.9952632591665067,0.008427922244385168,-0.05890363802787112,-0.0909079281787162,0.6843922242292388,-0.7867998527569992,-0.17701113788548914,1.1060203980809014,-0.43424567695866884,0.32480019691033496,-0.7202751663981086,0.9532155539071039,0.05891956087980614,-0.1913142986541093,0.6487655489072386,15.838894105236843,-14.199615887938034,56.25619237564494,-1.8981774728557625,-3.258483261726604,3.096606517506992,-7.416831517671633,3.302079800316307,24.64980359921404,-2.1048920280991723,-6.681550630164419,-31.622357903758886,0.0,0.0,0.0,0.0,0.0,0.0,0.0,0.0,0.0,0.0,0.0,0.0
775,15.5,8.278186835922245,-3.588957752370791,0.1602566223745183,-0.06980346201228134,0.9957829656729751,0.008171262274910277,-0.05896602784204749,0.10237152117765932,0.39515119461436954,-0.01052028534153461,-0.11528777135354495,1.0195822949612252,-0.3775871228891857,0.14754663757758218,-0.620568574263728,1.1763766427604536,0.05969019090077176,-0.4459023476875182,1.1139480094117808,6.285860913609415,-13.160508808263684,19.495849803698075,5.592432551467197,-5.04482222756989,2.255730177050549,-9.503878420615179,5.99653171397461,2.213306240470488,0.8364655714035606,-15.033980584896609,40.60728493468744,0.0,0.0,0.0,0.0,0.0,0.0,0.0,0.0,0.0,0.0,0.0,0.0
776,15.52,8.279461203793433,-3.5906769417045616,0.16135114341264647,-0.07467076369750461,0.9954538005827311,0.01014209346934341,-0.05825071582638806,0.12703448701743397,0.20778543589840143,-0.24023829448145284,-0.08689477409014532,0.8709630914814832,-0.5256038139826279,-0.08371573122007461,-0.46081281187728,1.3170995547093327,0.042669741661691886,-0.7488426150060082,1.508197057318265,-0.9130756468510863,-7.971342826450921,-20.995317286708968,-0.2774151658180599,-8.998776850380013,-9.601864885868407,-12.306440114439464,9.366902726976456,6.815135962747471,-1.578321595351746,-14.997389066129948,5.1745734029714345,0.0,0.0,0.0,0.0,0.0,0.0,0.0,0.0,0.0,0.0,0.0,0.0
777,15.540000000000001,8.283832980891765,-3.592595154607147,0.1622351028923753,-0.07712604728930447,0.9951227813779399,0.014290237363681665,-0.0598164854220851,0.09967353164109864,0.0821945609914702,-0.4922014247863749,-0.04189366653904619,0.7305672361254929,-1.1525927378187422,-0.2803073454892206,-0.2555015152140793,1.1436960876991467,0.02303940092824309,-0.9804233765379906,1.052696212381357,-1.076294445597064,-5.369701762290635,-5.499231895169349,3.3851138270306667,-7.360057044284758,-31.36767809327875,-8.380795333933795,10.363717884761195,-12.969259304611409,0.25614249367510233,-9.304879793761465,-29.440921192683142,0.0,0.0,0.0,0.0,0.0,0.0,0.0,0.0,0.0,0.0,0.0,0.0
778,15.56,8.287210288645682,-3.5937543104263785,0.16252325996449227,-0.07205006213536676,0.9953276084782042,0.017480005350028964,-0.06185620227844053,0.05224528696550792,-0.02112685780793587,-0.34634987544572554,0.013174962850045942,0.5590745635111463,-1.7605145854605184,-0.4322021804249604,-0.1292008960109169,1.1768826524093918,-0.025477489818053145,-1.0594068290374876,0.3414369243794664,-3.144788812739806,-4.756459126035066,10.638101340774224,1.777463424653208,-9.436458450617417,-22.142154072699675,-6.903433115260377,3.8264310526908547,7.824129141093028,-3.258655162495801,-1.8581164341683718,-28.338006700520268,0.0,0.0,0.0,0.0,0.0,0.0,0.0,0.0,0.0,0.0,0.0,0.0
779,15.58,8.28840728241576,-3.5933640600742156,0.16236940461744664,-0.0611473525102848,0.9959567473739482,0.019107745814144247,-0.06297660431613199,-0.0159648334290759,-0.05791034738561476,-0.2394486962703744,0.046733916876061356,0.37438500497178545,-1.6872723161416783,-0.5307021668060568,-0.09874837955656035,1.2183399999584497,-0.06607054184283705,-1.082272516120375,0.416271611930948,-3.2373139920246734,-0.1100394615656477,1.519564227864325,2.0760812555190693,-8.768084380298617,13.82594543325191,-3.5826945008165434,-0.016448826428056895,-0.9639236948666459,-1.5371161979709294,-0.1471627316999421,16.07509748754962,0.0,0.0,0.0,0.0,0.0,0.0,0.0,0.0,0.0,0.0,0.0,0.0
780,15.6,8.289702252117655,-3.5923979362491365,0.16139638672529716,-0.050808173869542984,0.996484459288023,0.0200061267233603,-0.06353744375584933,-0.09550599646670757,-0.0006840406059687894,-0.1549886961945779,0.06725821078586033,0.24767046960370778,-1.191482871813351,-0.589671234874773,-0.13884049077485705,1.1405992265957388,-0.19786594395517745,-1.0128368973469462,1.0367272755484431,-3.826666893682194,4.581265666988316,4.096740728840863,1.066859482104586,-4.883761171010377,22.845484781864716,-2.19781418459866,-3.369950231168427,-4.159686377240918,-9.102046186310682,6.779452444073817,28.426992317864435,0.0,0.0,0.0,0.0,0.0,0.0,0.0,0.0,0.0,0.0,0.0,0.0
781,15.620000000000001,8.291006917595963,-3.5893534836233183,0.1578233988660045,-0.019420063615258252,0.9978840039168675,0.01971362897445582,-0.05883662710147542,-0.1400933252643632,0.1328158445682785,-0.3667635587745582,0.12076612316312589,0.15512586354933786,-0.6787030898281033,-0.5719379548143828,-0.26368341534677525,1.270868684604998,-0.2692743418547223,-0.8309984012548104,1.0945224119484647,-1.549088402607315,7.30028804850079,-13.32664934040957,3.5132756550288393,-3.8782056596457073,19.721074903344267,2.577543763400581,-7.61573181397165,9.273683490961606,-0.15489762026373644,9.622421511594151,-8.186753504233666,0.0,0.0,0.0,0.0,0.0,0.0,0.0,0.0,0.0,0.0,0.0,0.0
782,15.64,8.292289060425905,-3.5858472191300654,0.15499383641849612,0.01187999309970067,0.9980465628340481,0.011226663674649895,-0.060298310107577344,-0.21926185461237724,0.3255142288085169,-0.6503719473672567,0.16105761454387477,0.18425312176398406,-0.9586400005062332,-0.5254491531792113,-0.4518627003666899,1.3559261561155391,-0.3192519349697463,-0.5935254869433997,0.7286699157058184,-4.5961681745514165,10.587089564233642,-10.331680307137697,1.4437794282384897,3.676101715558488,-24.265322223636815,2.4751677964180314,-10.31825549880095,0.5161073891769448,-2.2537750013398785,12.63430333580808,-17.933775187322446,0.0,0.0,0.0,0.0,0.0,0.0,0.0,0.0,0.0,0.0,0.0,0.0
783,15.66,8.29284760534042,-3.578503506779382,0.15593644400745052,0.0464053759184784,0.9970361052228506,0.0036068234220283193,-0.06125795289360905,-0.29751314437594156,0.5553131580893201,-0.9479515415473286,0.1605727833315583,0.27747557041574206,-1.4457739301766848,-0.43478644110223796,-0.6908630641536363,1.426341582724595,-0.2852240942179688,-0.3515879570779287,0.48933114811239825,-3.3863742788693143,11.46201923739834,-12.540091563849348,-1.2834072288211305,4.647211032317855,-17.772689471698286,5.473899703113228,-12.658974693833441,3.508724621673678,3.510142467454619,11.152479573889424,-6.117639189642041,0.0,0.0,0.0,0.0,0.0,0.0,0.0,0.0,0.0,0.0,0.0,0.0
784,15.68,8.292281304526234,-3.56649488758102,0.160345913623964,0.08363215840480785,0.9947675936018114,0.0007640765406016131,-0.0586729323219327,-0.3455837140595092,0.7894551665207244,-1.0567089159348149,0.09230684704857736,0.3967693404372875,-1.269330690153769,-0.2940745038106074,-0.9315852493177088,1.6028093098340364,-0.1948717499654334,-0.1011341257872823,0.13628459616021732,-1.7414650509816523,11.63044737549745,-0.6461847787805994,-4.360903473819142,6.833787311687041,18.41011113522036,8.435215444416965,-11.157686746450576,8.673233617564874,5.315814258447019,12.67494787925533,-17.34741253863823,0.0,0.0,0.0,0.0,0.0,0.0,0.0,0.0,0.0,0.0,0.0,0.0
785,15.700000000000001,8.291653205937543,-3.5509026132652384,0.1651022419541361,0.13080220072256404,0.989814512188185,-0.002320533364332209,-0.05614829358674936,-0.3273997502150524,0.9787002290390817,-1.1633010630433478,0.02842798530228953,0.479605796885671,-0.47699254770094734,-0.058057278750433934,-1.0997192544735481,1.274398562453473,-0.0235916266184788,0.12142956617343384,0.03689778184138671,2.7611503106296,7.666937660682,-5.702189932237239,-2.0217448091352703,2.908368299475235,38.69624900500477,12.319415364580218,-6.8897711013388,-22.90305340266126,10.010894293489725,10.074742239501164,1.8347716040847475,0.0,0.0,0.0,0.0,0.0,0.0,0.0,0.0,0.0,0.0,0.0,0.0
786,15.72,8.288274681709973,-3.5382266068820467,0.1720069047267731,0.16971670906311975,0.9843732756458263,-0.006758877560401969,-0.046473760695826885,-0.22220961120344435,1.0066142318993676,-0.9832391271313257,0.03903818842217312,0.48512493797297984,0.10383721797437538,0.08744530633595662,-1.1961525308324754,1.0170469671453597,0.19269190288198368,0.29105704776093766,-0.16674701188812974,6.574809268736905,-1.630268645334658,13.048362822049278,1.74913475367909,-0.01923078634940667,16.92427349885152,4.5334708000340465,-3.8569741232457226,-4.357551590975315,11.373672711419037,7.371947925514362,-12.012837962325069,0.0,0.0,0.0,0.0,0.0,0.0,0.0,0.0,0.0,0.0,0.0,0.0
787,15.74,8.284990005547973,-3.5275398084204292,0.17978529227477888,0.19751345985276836,0.9795807264383879,-0.008199582687147936,-0.03664424117354986,0.0016403607407825538,0.8528540642915884,-0.45795486800004787,0.0980508460879102,0.49636114345673316,0.2279299487532233,0.1908925469466457,-1.1731271395383112,0.6635902194736177,0.3759585256910255,0.35399560654466156,-0.2076023158500586,11.925662123032335,-10.123515581799357,24.422194203297465,3.494962568288494,0.8668448789746039,-0.049460008097678365,4.17395542188642,3.285647018633968,-18.404602796519345,7.522568265199039,0.6607447623065072,2.7920970996501224,0.0,0.0,0.0,0.0,0.0,0.0,0.0,0.0,0.0,0.0,0.0,0.0
788,15.76,8.280692397552803,-3.5124515763449162,0.18447838241313877,0.2363100210947497,0.9712565533105493,-0.005632452602100392,-0.02804562459985316,0.2879257625324692,0.5842102648743468,0.06582936584710798,0.2723120091311698,0.4938385416795101,0.22891162856624117,0.33108346543827205,-1.0759570659252788,0.7537089479904672,0.5671189475385481,0.27618011600221387,0.07831836596627062,14.792586917019232,-14.63583476771549,19.04573686195473,11.561986630110155,-1.1825885856888845,0.1306522008988486,8.034387704173994,6.058188584443755,12.841485148544933,10.321559038331554,-6.548150493540665,14.467615319321816,0.0,0.0,0.0,0.0,0.0,0.0,0.0,0.0,0.0,0.0,0.0,0.0
789,15.780000000000001,8.276532602495445,-3.49428300011818,0.1884408489196145,0.27377064516175925,0.961622262945139,-0.0010852656005848965,-0.018195588876433296,0.495090928344476,0.35530804795623505,-0.15170860808451603,0.5194296286870645,0.47537757431256716,0.009337413666721917,0.4867742686167525,-0.8805565146562457,1.024769999902454,0.748912921090867,0.06418621675337446,0.7886022200474874,7.999593676031816,-10.420205196764355,-20.140135731901452,12.539036549752517,-1.6964844169789215,-11.979769489099324,6.799935578151863,12.113775092604639,10.429374935874,7.851295818072417,-11.880788588885688,33.4388332087911,0.0,0.0,0.0,0.0,0.0,0.0,0.0,0.0,0.0,0.0,0.0,0.0
790,15.8,8.273077614603313,-3.4824925642127216,0.19301858580888626,0.2729943745023604,0.9619034877762072,0.012004171575119434,-0.008464724379911038,0.5045394564847571,0.20580330251774298,-0.9473096425410061,0.6734014497554617,0.4189438194645306,-0.16217950377883328,0.5310286931275787,-0.5516387997138216,0.9834328402697704,0.7741435618235539,-0.22400551405237001,1.3262783567626455,-2.599603391400599,-7.427891342653153,-36.36171511544245,5.444851609240194,-3.3815473797109,-4.650402796105555,-0.09584796095709214,18.644476946168425,-7.244470127733676,-0.4614859632760825,-15.487400772489679,17.00046115470792,0.0,0.0,0.0,0.0,0.0,0.0,0.0,0.0,0.0,0.0,0.0,0.0
791,15.82,8.274013221003369,-3.4744967946069405,0.19666364154800675,0.2513042732293985,0.9674425495544333,0.029261156031404178,-0.00669778440734459,0.4345844142637978,0.08053378572014754,-0.8808953724182422,0.7391419696101632,0.4292153980838029,-0.7251252723693509,0.48851709893839323,-0.11063215076949942,0.6880707867064867,0.7604875271744895,-0.49003066069901113,0.7983974159310236,-4.545602942483573,-4.66013458948758,19.28606826920709,1.3390520979414084,1.519027539386701,-29.33033934915587,-3.8436945294400173,23.46283894145163,-14.091981737227984,-0.7379989647559126,-11.770589401909692,-39.35950317584137,0.0,0.0,0.0,0.0,0.0,0.0,0.0,0.0,0.0,0.0,0.0,0.0
792,15.84,8.27761873815769,-3.474319651894362,0.20066916922233524,0.1823440709223294,0.9818414039337033,0.04965992715604559,-0.016492087673272416,0.22371025775979886,0.021652882141043727,-0.39241961027886185,0.6365041906379769,0.4387241864410481,-1.3339294969850677,0.17893453718522592,0.3232174352624405,0.5490527907473183,0.664136835336663,-0.690337002525103,0.2463911184363784,-13.00916386961192,-1.5241454498682925,19.959254807982724,-8.60082834804222,-0.7824194803298773,-22.638140229467076,-21.16579223366121,20.254871164120434,-1.7328617641547766,-6.17474194658814,-9.67133701104569,-14.906430657456738,0.0,0.0,0.0,0.0,0.0,0.0,0.0,0.0,0.0,0.0,0.0,0.0
793,15.860000000000001,8.280135406465257,-3.47982425951083,0.20267825987786778,0.09333771008377106,0.9925099843619046,0.07027682442717254,-0.03568151855907953,-0.02375354847882552,0.01720894778729683,-0.00819761184300552,0.3935760739449487,0.3738031911958483,-0.9838064132307187,-0.3627667435222339,0.6295847221278628,0.6791929700787283,0.5411530809330927,-0.8802466793596291,0.3858316509160693,-10.969667087370855,0.9245097344822615,12.951899197698438,-12.539120639350413,-4.221434027095099,30.211288372597696,-28.89863651517734,12.07367290601679,8.269400535370822,-5.513707463146413,-8.469731735959945,13.462911491783917,0.0,0.0,0.0,0.0,0.0,0.0,0.0,0.0,0.0,0.0,0.0,0.0
794,15.88,8.282479607964762,-3.484462374266625,0.2002318906862518,0.018435656426438005,0.9948600785061713,0.08458960892481766,-0.05251808096996036,-0.17066894888018683,0.05536413531172374,0.2661894659196091,0.1375396124438975,0.2914133695023576,-0.6233754916537032,-0.8454311423484315,0.7028050558203891,1.024683599227505,0.3420712566078578,-0.9439917795144885,0.6202568378924701,-3.294226723084769,2.3746948108626422,9.764705232252535,-10.777751556881682,-3.7773238656812884,7.645360441911588,-12.669538807537077,-2.3957383529559104,16.12048510874362,-10.41750758721005,0.9479697240144214,6.6014297019916945,0.0,0.0,0.0,0.0,0.0,0.0,0.0,0.0,0.0,0.0,0.0,0.0
795,15.9,8.28677671139651,-3.483231688936214,0.19068444620694347,-0.03140947826088803,0.9945597215709133,0.08235578880528008,-0.055515123654966345,-0.25901757018325305,0.19388165462588736,-0.10871444360587178,-0.07579251129987095,0.2954445518342505,-1.03009661629054,-0.8437679840932741,0.524596332817655,1.2034921023634166,0.05529460702314276,-0.8134903119822502,0.7920876342577028,-5.091083531498697,8.609567613704321,-24.31181249079736,-10.989358219153312,1.6469189605675798,-26.149517959284953,3.967548373993196,-11.6369042738431,3.403339805310797,-16.135978188733812,9.569226814825102,7.769751496850308,0.0,0.0,0.0,0.0,0.0,0.0,0.0,0.0,0.0,0.0,0.0,0.0
796,15.92,8.291134759847077,-3.475046465521979,0.17726804410840824,-0.0394359782522202,0.9955811720271751,0.07020799235769183,-0.04830912267252552,-0.2818942393464165,0.40322744587047776,-1.0308135151621962,-0.19446492083582645,0.36955707251276704,-1.4589636770418866,-0.5983192654534619,0.2035128675947614,1.4301842367878814,-0.046635178854505896,-0.6142735478669124,1.0844436902080339,1.65390721231008,9.921480762439995,-43.742011502912426,-2.676708944297745,4.816150878769105,-13.559367464402847,16.4768263684739,-18.510766068599004,11.646754287035787,1.1038010873175823,10.386677556926024,14.055903235790105,0.0,0.0,0.0,0.0,0.0,0.0,0.0,0.0,0.0,0.0,0.0,0.0
797,15.94,8.292732693917616,-3.457951607046504,0.16306847548378317,0.0220662242617655,0.9976819828454445,0.05028372373879218,-0.04019067030260348,-0.13939356333014616,0.5951000036497016,-1.6040880752928806,-0.1559732753924135,0.48152903960836524,-1.2137589046248918,-0.15677545389203762,-0.2341425071851398,1.4936183650262194,0.14298120366359174,-0.39058437495485077,1.1392626629994824,10.10545308658713,9.918695952900325,-14.641174899079743,4.345312450919005,6.53737309787088,20.546754742153816,24.905182614293082,-23.264919658684562,-1.4586451993435938,12.95896566456579,11.468399800950936,-1.9722725258213292,0.0,0.0,0.0,0.0,0.0,0.0,0.0,0.0,0.0,0.0,0.0,0.0
798,15.96,8.295929179865615,-3.4429362553854412,0.15682021255811926,0.09497294562782417,0.9934545748451283,0.03169378431245807,-0.05498773821512577,-0.015101767696350903,0.7982760869947922,-1.4292940958966946,-0.06055554444979491,0.6023560738904569,-0.7671016771612031,0.2623041169314915,-0.6981220181453657,1.1778684780393334,0.34753238969493117,-0.10108824571962223,0.393553261825096,1.2736764257052418,9.52026724552309,16.048106408632645,4.188038944506315,4.1300063060650345,15.656902226711969,14.728478809919729,-23.613801080077515,-18.65593471340238,6.491037205115271,14.124331781135698,-47.19727387449275,0.0,0.0,0.0,0.0,0.0,0.0,0.0,0.0,0.0,0.0,0.0,0.0
799,15.98,8.296056698739807,-3.4394805448912433,0.16029133655843167,0.10845251803327075,0.9919612956214036,0.027829957170356426,-0.05896043423555868,0.03815463270058904,0.906736212741422,-1.0049446893754028,-0.023125742015045404,0.6392836934338518,-0.6738397810715081,0.3924952871859996,-1.1005393852168002,0.7142327896832285,0.3890913273428452,0.08313310308824268,0.0835278106680313,4.151365818578551,3.2126813927257367,18.45222941862434,1.5324069334960362,1.165607245189987,-0.3733022660785288,2.9357786137640183,-18.171455973234472,-18.38701202683545,0.8038727974393204,6.715066461199358,2.787979726506645,0.0,0.0,0.0,0.0,0.0,0.0,0.0,0.0,0.0,0.0,0.0,0.0
800,16.0,8.295335658629993,-3.437648700132813,0.1621536841013202,0.12483911389879294,0.9902559403595029,0.029649683127300562,-0.05412268021939674,0.24334666991681866,0.8609733248729685,-0.5820589271728733,0.09432083853484459,0.6479146757011506,-0.5384257189472917,0.3485321162122857,-1.4744982366161268,1.0535322367100377,0.4288366607923146,0.12329363719239812,0.2364109266447854,12.139183909079238,-4.852187048451077,16.686291623906286,7.815422331457724,0.5686784797111166,8.186160366701493,-5.030230674889957,-18.232527432108988,27.457907874871914,2.267651311717824,0.027701188504327345,7.6740884112809065,0.0,0.0,0.0,0.0,0.0,0.0,0.0,0.0,0.0,0.0,0.0,0.0
801,16.02,8.294444590390052,-3.4334383678092806,0.16424146337090062,0.13760280742982958,0.9887105628156876,0.029662503350777712,-0.05135198398386912,0.4341711490857505,0.7518450217913748,-0.47124796153567694,0.30264191157703596,0.6666413552070488,-0.3818758451705571,0.43042241954457583,-1.6741925251241216,1.499788172794637,0.4514613884296878,0.06632014143779055,0.38395218301692585,7.539728079014734,-5.539962380942383,-1.1122393587626291,11.69147612622638,1.0530228423189276,5.74543778456651,10.113253026203894,-4.532557941364104,15.285420491922002,-0.034977124609851584,-4.546134797526389,4.9612684676736345,0.0,0.0,0.0,0.0,0.0,0.0,0.0,0.0,0.0,0.0,0.0,0.0
802,16.04,8.293771510873968,-3.433724373582394,0.1663611782028538,0.13259573821437404,0.9894122987234245,0.032167675549641034,-0.04946629147152809,0.4783676355947717,0.6990784242400558,-1.0827201548307341,0.5086486305414926,0.7135125475570473,-0.3569653551076846,0.5752221470914477,-1.690614227139263,1.294925103035692,0.4349989714600729,-0.08573430000868174,0.8354962677073674,-0.3485394714026979,-2.40732022104219,-34.03503975270154,9.40642930695139,3.0469602783831284,-0.7567052241864618,1.0173272650485656,-0.6458174047748264,-17.44149670918379,-1.5143207457096861,-8.393484446028717,23.294550589155484,0.0,0.0,0.0,0.0,0.0,0.0,0.0,0.0,0.0,0.0,0.0,0.0
803,16.06,8.293544204959998,-3.435375658206266,0.16661658873565557,0.11709674820065796,0.9912062120041307,0.03806602788018262,-0.04847240830284905,0.48467987099432414,0.6148892198625294,-1.296778318839225,0.6928403910834191,0.7949241339443683,-0.8499801082622984,0.5680596591549691,-1.6576768325650504,1.3823113187931273,0.46412322156264646,-0.28498103333470043,1.2083244066024694,0.3926794453276504,-4.7180729153793735,1.8982164076630008,8.480670481331959,3.4523052133900007,-27.08625837002608,-1.0441399106584437,3.184765282156251,12.861392769497696,3.174539550716325,-10.434522908580428,11.424887201522214,0.0,0.0,0.0,0.0,0.0,0.0,0.0,0.0,0.0,0.0,0.0,0.0
804,16.080000000000002,8.293361611736977,-3.4401642711116884,0.16177418463781887,0.0678882873819807,0.9953849440664606,0.04237335262844472,-0.052957459806669764,0.34610849002620114,0.5158729594396281,-1.182420210281987,0.7540072942936642,0.8095045314353586,-0.9808225335019423,0.38585066240436355,-1.5347774469460487,1.4075780615056563,0.4878246516560119,-0.5075183489074582,1.5382836903340973,-11.06933374529503,-5.261318066253763,6.079350085484963,-0.3067556974797212,-0.6399644962896457,3.5340118152760382,-12.62644230560639,8.671559255959524,-5.136248328136952,0.11676593346132635,-11.173864096672657,13.941861394072783,0.0,0.0,0.0,0.0,0.0,0.0,0.0,0.0,0.0,0.0,0.0,0.0
805,16.1,8.296064042592885,-3.4506868529509176,0.15377726572949027,0.008758873629141765,0.9967539346943745,0.04936722192089602,-0.06299010401517696,0.14614099311847298,0.4517346179520332,-0.8946636266896022,0.7311313659990554,0.7982816767145892,-0.918062140659832,0.1962871589845802,-1.2990737490080713,1.3555287659955546,0.4922985312086687,-0.6807883363195688,1.1743123517333454,-10.094551059320716,-2.7872103807270587,13.629494816472535,-2.240411891000943,-0.43804322934229334,0.5945733906428377,-8.968485669087302,13.684178119074184,-2.2393579958472456,0.4461966806045209,-7.565410637973254,-28.129246784855148,0.0,0.0,0.0,0.0,0.0,0.0,0.0,0.0,0.0,0.0,0.0,0.0
806,16.12,8.296850321007987,-3.4644926238713114,0.15497605449152219,-0.03995333097213103,0.9957930318612623,0.05270001082736461,-0.06342458434693246,0.0017281692380388125,0.4074231501032153,-0.9641189569180677,0.6457081960115412,0.7269712941119031,-0.8793366222616458,0.07981667812592227,-0.9842320682395156,0.9425770155043678,0.5330080036560514,-0.8164068713949932,0.6773363410660938,-6.339239883434291,-1.8836822405211815,-9.332188856161558,-5.649279849465593,-5.093352602969065,2.227607363236387,-6.422711295912475,16.3167681665349,-22.844947701845083,2.594957644136323,-6.354215110424987,-16.78343696042806,0.0,0.0,0.0,0.0,0.0,0.0,0.0,0.0,0.0,0.0,0.0,0.0
807,16.14,8.2977107219461,-3.4778191315602034,0.1601243189763434,-0.08026019904677995,0.9931905219259481,0.05563845354511963,-0.06352361838356331,-0.05976823183508307,0.35976161631692133,-0.6856804177892144,0.5273421300038691,0.6317615832914405,-0.9527033642536072,-0.05982063893844359,-0.6958324478762162,0.6605823183629435,0.5924755399311042,-0.8634485790951962,0.2118859152482534,-1.4112167591289164,-2.104452883358597,20.161913093917338,-5.890952612563197,-4.595524112082958,-5.188102719003155,-7.027631277981405,13.017364098303931,-6.049251508330681,3.3799834182370354,-0.5393724273534131,-19.55163342767945,0.0,0.0,0.0,0.0,0.0,0.0,0.0,0.0,0.0,0.0,0.0,0.0
808,16.16,8.2989977599494,-3.4927851575628543,0.1651625520635016,-0.12117061346713551,0.98877685663848,0.05928986569356277,-0.06420842650434012,-0.09882205635894281,0.292900951889309,-0.17933795855262918,0.3680319917945675,0.5140502640143666,-0.797760557308309,-0.23815376199798133,-0.459340334224056,0.5546184129290845,0.5940487717661347,-0.8474827038657404,0.27234697471822866,-2.242349382350965,-3.299964347162237,20.374798003321292,-8.3900597693933,-6.2344095770711965,11.18096763208372,-9.576946638195524,10.906172785809911,-3.2736550443215404,-1.8933329929019238,2.069737386020134,11.63970521419777,0.0,0.0,0.0,0.0,0.0,0.0,0.0,0.0,0.0,0.0,0.0,0.0
809,16.18,8.300502145863206,-3.510633712304648,0.16826099850941065,-0.1642782517130177,0.9821535015289612,0.06493805659138288,-0.06457711866171058,-0.13755377209366876,0.23637128024460102,0.07038666545147865,0.17992136694563435,0.36701549905802344,-0.3670830253446783,-0.4496855871062376,-0.2573266400195644,0.6032150226996468,0.46969188976168724,-0.739524966727647,0.5049390699048505,-1.6227026496056893,-2.1392772144638403,5.378030645695614,-9.263290842483878,-7.193990731092946,19.74764825403997,-10.796862456690535,9.713180568186607,4.221707227772897,-8.288860348492618,7.543574271677764,8.54343143551268,0.0,0.0,0.0,0.0,0.0,0.0,0.0,0.0,0.0,0.0,0.0,0.0
810,16.2,8.299815559406905,-3.526781874191395,0.17410721220465974,-0.20481698939757562,0.9741219550325471,0.07363833846727787,-0.060941059110093565,-0.18471020905107313,0.20175075749443427,-0.03544845246177351,0.011225921800992598,0.23982629009228876,-0.23282133251983314,-0.6385997501807918,-0.06872762274630864,0.5097111861448904,0.25582829565335913,-0.5545981875604048,0.6908470915109294,-2.840721708461869,-1.3090981842182283,-8.522128656550052,-8.272964748673713,-5.452352044037992,-0.8427594228654733,-8.869235074138752,9.111351284696111,-6.9292785205904295,-12.242259917227424,10.46232209419003,7.245324996413698,0.0,0.0,0.0,0.0,0.0,0.0,0.0,0.0,0.0,0.0,0.0,0.0
811,16.22,8.299043770774743,-3.540536386340128,0.181943159791909,-0.2430445448257287,0.9648933902000488,0.08066834256713276,-0.05833278054560865,-0.23532188557654835,0.18309446335309162,-0.06355254275982322,-0.15152704153568455,0.18706026295917222,-0.5544620651338948,-0.7512833963307902,0.10508253948390875,0.4020516423639109,-0.019763328165401522,-0.30386700568394637,0.5463090768086342,-1.5323474298256123,-0.32834679842082315,1.6541998996891147,-7.460784324496128,-1.4708721900779234,-17.575536087798874,-1.9168825399691585,8.310736654809999,-3.143914026128809,-13.22297608081434,13.306443632589607,-11.227863736492463,0.0,0.0,0.0,0.0,0.0,0.0,0.0,0.0,0.0,0.0,0.0,0.0
812,16.240000000000002,8.30044907131997,-3.5513740576132378,0.19003008275808195,-0.27220677425893475,0.9569203426195553,0.08068876519440735,-0.06079681817184434,-0.28453559712352267,0.24286057526963806,-0.2241794883578566,-0.30862710898941037,0.20880692935163075,-0.9722539469847645,-0.7256655545756024,0.2533283121631221,0.30892646682390257,-0.25924922077027135,-0.03787281185397812,0.4652346910870652,-2.651777630713325,4.374246021420997,-9.435646243523825,-7.923120109196578,2.0160792285161357,-16.29024847316345,3.34326522588969,6.461824605542695,-3.6298444562748595,-10.914005856293535,12.98950202118364,0.5427666506706541,0.0,0.0,0.0,0.0,0.0,0.0,0.0,0.0,0.0,0.0,0.0,0.0
813,16.26,8.300642342965734,-3.560607062375502,0.19707468426561328,-0.2941189944758818,0.9507468704057491,0.07154148354077801,-0.06675493715789772,-0.35887730992412215,0.3483420454793402,-0.3093487551654049,-0.4793039194192577,0.27776076934711014,-1.0128456280867615,-0.5769365540477459,0.2957325771476028,0.5348716310676065,-0.4368013436362579,0.20797838892798684,0.5249531264060693,-3.920892886856245,5.728343426264174,-0.8198586542766191,-8.2698699117956,4.295697982099503,4.644028926146815,10.216898830208216,-0.15259093260317025,14.127238384594673,-7.327153103030787,11.699200429541929,3.546169184369527,0.0,0.0,0.0,0.0,0.0,0.0,0.0,0.0,0.0,0.0,0.0,0.0
814,16.28,8.29587364468255,-3.56607774751005,0.20185467148878355,-0.2820934542809986,0.9550677409084046,0.059461029085764096,-0.06879883246097389,-0.3915819977698592,0.4446983582642765,-0.3186521573399092,-0.5287718392338685,0.3347318187393517,-0.6836566577275248,-0.2700540646768347,0.22102062208830686,0.7594513757732961,-0.45627779785739614,0.3821274551726946,0.663658241072121,-0.6012333956516905,4.265007007449024,-0.15041077182545867,0.6830165062769691,2.196666452257912,17.081129534957395,17.44418053255377,-5.639739185633494,6.607072705501034,2.158333635926782,6.863148850244806,6.683554546662168,0.0,0.0,0.0,0.0,0.0,0.0,0.0,0.0,0.0,0.0,0.0,0.0
815,16.3,8.287201101574503,-3.5699125344297555,0.2014251087426014,-0.2464531982946875,0.965611924713641,0.05139618012747757,-0.06490658340601403,-0.4108263143220339,0.5079922456056946,-0.33289359517350353,-0.4320391813379486,0.37919801763420796,-0.43249834337656573,0.05606460742607139,0.08329942657663678,0.4944339499138451,-0.3726836559484023,0.4608182134083827,0.6800764866210557,-1.6269865847653435,2.326752651531156,-0.5685570059770986,6.655377064718259,2.3572380923384797,7.1750597036529165,14.435793457871508,-7.666995836696257,-18.257783393966452,4.58637285236152,1.879753568383322,-1.7982892207376826,0.0,0.0,0.0,0.0,0.0,0.0,0.0,0.0,0.0,0.0,0.0,0.0
816,16.32,8.276714404920627,-3.575273595957199,0.19496134721384717,-0.21086995602572903,0.9748225494319785,0.04755426343324305,-0.05471243728776496,-0.468956782528107,0.5695100697101746,-0.460930322945239,-0.2615355189719956,0.44275759872281445,-0.664907699923553,0.2583074599484583,-0.11437827951624419,0.4250863337721854,-0.28361979093991097,0.4818319295206852,0.23484916639072817,-3.911202889527124,3.0229169358227845,-6.636260693594856,8.948165521299833,2.9158597064090306,-15.988669362422405,7.1786678193854065,-10.999773863361154,3.8564341760792322,4.0277905642619105,-0.04169488393062937,-24.883752695007335,0.0,0.0,0.0,0.0,0.0,0.0,0.0,0.0,0.0,0.0,0.0,0.0
817,16.34,8.262996093713573,-3.5809226973604864,0.18343226773505744,-0.1767377743774771,0.9822168668335577,0.05232740867292469,-0.03571593366192489,-0.4809966591816482,0.641031591474578,-0.8244068992380867,-0.06383575020139604,0.4639394359348919,-1.03620986334363,0.3202984171266401,-0.3283343528042339,0.6839345137394208,-0.1841222406204799,0.33839668855419786,0.5114950868509708,1.175539075849734,3.167107745690489,-17.508694223111068,9.581325671203622,-0.3030541110650582,-14.350655768369567,0.47364581361660263,-9.908711282870678,12.990724290305682,4.931835087041706,-9.997539766990858,25.50640950870347,0.0,0.0,0.0,0.0,0.0,0.0,0.0,0.0,0.0,0.0,0.0,0.0
818,16.36,8.260393562627442,-3.582376971586417,0.18193246316026448,-0.16606151418356505,0.9842929612480861,0.05132320983484172,-0.030933284287078942,-0.46238849165329654,0.6974088350756008,-1.0139092500236615,0.08779772294317095,0.575345299371416,-1.1688188345337145,0.31945129882798695,-0.5115359324143398,1.3595478825255396,-0.1322772824293804,0.19048594239233066,1.2819329648336395,1.8796879824937605,1.596109926401862,-3.5160967062893076,7.245706150926968,7.318130384072594,-0.4507203245935285,-0.30906513325556006,-8.036921958739251,33.64944637544938,1.443221341558262,-6.887949635303518,33.3501537490485,0.0,0.0,0.0,0.0,0.0,0.0,0.0,0.0,0.0,0.0,0.0,0.0
819,16.38,8.261721047640593,-3.5848770793583125,0.1825410047641034,-0.1690821155386696,0.9837623672565828,0.0492748989550227,-0.03456627413629809,-0.4627257482976149,0.7219189556603764,-1.3188283785165422,0.17797878138327322,0.7150200184978985,-0.7791084815743882,0.2976125679617351,-0.623200066366547,1.6944831415232795,-0.14967496803733393,0.04182024133455997,1.3244790198452805,-0.7098377309355743,0.4617344277826455,-16.17972853947147,3.2051339179735048,6.808035942058001,23.03662269990637,-1.4964223054658048,-4.11688150952554,5.194906331456388,-2.0392807446077468,-8.106786482612977,-12.116889359556179,0.0,0.0,0.0,0.0,0.0,0.0,0.0,0.0,0.0,0.0,0.0,0.0
820,16.4,8.26266329197244,-3.585055995958889,0.18224145581720266,-0.1714006161139267,0.9831469346344477,0.05050970599417174,-0.03863551882708865,-0.379166834892472,0.7387240462054926,-1.6516613952894403,0.2643211918485791,0.817985950220576,-0.6745175506408713,0.27977847199568595,-0.6172151437497351,0.9859554176701055,-0.12912767322176033,-0.14505547616124262,1.1156802387670304,7.140311368858363,0.8393761857014744,-12.249477496555983,4.430509499792916,4.111495623160312,-3.719674434092407,-1.005365225741543,3.1993278842792305,-52.46784572726573,2.7517561242382094,-9.962959149720136,-7.128704989105195,0.0,0.0,0.0,0.0,0.0,0.0,0.0,0.0,0.0,0.0,0.0,0.0
821,16.42,8.263391638393555,-3.58604255204262,0.179839745409147,-0.17729138702945013,0.9817371679424831,0.0508401491842607,-0.046638786394686334,-0.2020348291311371,0.6670906261337824,-1.055976735105363,0.2863429378316425,0.8865390459956934,-1.0365033700279096,0.20970487040647584,-0.6201542242356466,1.0046321118960995,-0.09786259672409583,-0.2743439859008638,0.3686907731989188,8.387673577806893,-5.732099961270818,40.850362949609725,-1.3523902394952187,2.129974202249639,-18.99992414953164,-4.268610470977025,-2.0067423891938043,23.885020991055693,1.4805085117683048,-4.610660359511041,-42.0596570695641,0.0,0.0,0.0,0.0,0.0,0.0,0.0,0.0,0.0,0.0,0.0,0.0
822,16.44,8.261370362897162,-3.588609973955319,0.17394501437672208,-0.19087233796840183,0.9786240311861578,0.0496324044411714,-0.05830420750528025,-0.10571261008170163,0.5143429491014099,-0.30657437302129553,0.1910322639918108,0.8172543682152853,-0.9375227468721639,0.0942478160750511,-0.636270548133883,1.3078421568709575,-0.023225531626733888,-0.47692866206881623,0.7393148045645611,1.9984217872164733,-6.127447509473309,22.295031571025685,-4.802402239359747,-6.019842500961281,12.806534718279522,-5.234909883653351,0.11072994779983092,7.25825533286258,5.896332502105457,-12.243392926428099,37.91731177022335,0.0,0.0,0.0,0.0,0.0,0.0,0.0,0.0,0.0,0.0,0.0,0.0
823,16.46,8.260299619702153,-3.590542172917518,0.1705418971801719,-0.2020869975905036,0.9761949103825001,0.054743677715798654,-0.056634548628094104,-0.13811066564812005,0.4276292592244525,-0.2661457625687531,0.06140823753455692,0.6578883631877638,-0.6718574273438792,-0.029532329682154336,-0.6028516264742619,1.4094369973402294,0.12324559825178177,-0.7232604288032665,1.2205470037169426,-3.0441233046156975,-3.7075348270490966,-6.094433364096288,-6.937972757407365,-8.169263660106411,9.898953673379369,-6.25896991502403,2.666427037584125,3.16679947152746,7.600632907953593,-11.748092704700607,12.407760683358212,0.0,0.0,0.0,0.0,0.0,0.0,0.0,0.0,0.0,0.0,0.0,0.0
824,16.48,8.259847164086258,-3.5918675546963392,0.17141904872039354,-0.21405083612730633,0.9732989525580742,0.05957265893167999,-0.057641016736061784,-0.2172674469561916,0.42478120084083626,-0.5728541356635374,-0.03453183512504548,0.5570714905807995,-0.9520882291337608,-0.13706604798027858,-0.5525426571004395,1.200117430665945,0.26341464809505255,-0.8786548757200472,1.0364331001361313,-4.372039545916074,1.3454285205892016,-14.599355097100538,-4.0342997991660825,-4.008894445367613,-20.16602445367814,-5.236456502447644,2.330878074893844,-13.874669554730684,6.243851273256914,-5.208753500412395,-16.750688107022874,0.0,0.0,0.0,0.0,0.0,0.0,0.0,0.0,0.0,0.0,0.0,0.0
825,16.5,8.26091456664163,-3.594679997149405,0.17031319375428622,-0.23142603167012388,0.9687779089372861,0.06326429332565059,-0.062521869857872,-0.34347537188797966,0.44021080372422583,-0.6451030269625163,-0.12651508516814244,0.5060258793072832,-1.4843426002388371,-0.25660260575967203,-0.5429468131810116,1.124585061640629,0.24108909975288212,-0.8480768317339049,0.34289577473859945,-7.369649404340777,0.588603852449038,2.2493930308754737,-5.372841916504972,-2.0557692394141234,-22.07731638943328,-6.300844107576969,-0.5366730546485228,1.577805076255557,-4.444555816018634,4.4504577766871645,-32.49911533652061,0.0,0.0,0.0,0.0,0.0,0.0,0.0,0.0,0.0,0.0,0.0,0.0
826,16.52,8.261845147786742,-3.5970597282788273,0.16944689467134313,-0.2324505765290603,0.9679571123558718,0.0667285217185089,-0.0676244223653893,-0.44022227725697327,0.4532992099963167,-0.5302656827109489,-0.17828342153263096,0.45955480578443475,-1.6638375491718085,-0.3108396784371787,-0.5986704174038353,1.3627516938219193,0.21311759691809093,-0.764079312575301,0.4093822904045412,-3.0412773056750675,0.7633837416771085,5.537421208620751,-0.6580979053533691,-2.474348333965314,-1.1578602890711576,-0.2455874342530573,-3.878139184450574,12.957735267439888,0.30108786401041565,4.508176155517992,17.3988327535579,0.0,0.0,0.0,0.0,0.0,0.0,0.0,0.0,0.0,0.0,0.0,0.0
827,16.54,8.26212344131724,-3.5995088024779562,0.1703052929200425,-0.22345269879668864,0.9697157556557383,0.07180774681827001,-0.0675565846559765,-0.534151176728107,0.5227469054030531,-0.44583823181885224,-0.207959679796802,0.4371590243550256,-1.2855965697653577,-0.28697709528149806,-0.6306347095660921,1.3431902435012009,0.1657595811356867,-0.6501689827144996,1.0435155553234,-5.647347587603312,5.112023716446,2.705744176874607,-1.446733914080526,-0.1622330268461365,22.69989827350873,2.0146548192857407,-0.22147715187898298,-6.820652928395878,-4.2328088099586445,7.627241557496179,28.709261686456504,0.0,0.0,0.0,0.0,0.0,0.0,0.0,0.0,0.0,0.0,0.0,0.0
828,16.56,8.262748473626926,-3.6014929024860582,0.16882301877875436,-0.20896055077924747,0.9726727056561894,0.07772191264676429,-0.0648274647354823,-0.644432508074546,0.6417432756521668,-0.6846421519714644,-0.20164527426283763,0.4042069052328805,-0.6932983425462702,-0.23189730194047814,-0.6312133543576512,1.1851987303078328,0.08224307565399987,-0.4720950647531943,1.1498352305718218,-5.9757454085272945,5.674755706575487,-14.037264842577168,0.7306244052332562,-1.604339914851436,24.504611711098864,2.625871991531252,-0.033988025313778356,-6.32267094635287,-4.3815937236198845,8.938982928058325,-5.044274011893568,0.0,0.0,0.0,0.0,0.0,0.0,0.0,0.0,0.0,0.0,0.0,0.0
829,16.580000000000002,8.262969442113022,-3.5998441006755635,0.16820413381735863,-0.20162449342694402,0.9740700154487986,0.07845722007561674,-0.06617879775209365,-0.7433008469860233,0.7433571441119723,-0.8524465895915296,-0.14010013650067424,0.4288612146542051,-0.690348337143512,-0.1791058154130972,-0.616961753666305,0.852024082345451,-0.014399945539530539,-0.29479664045509146,0.9374073199917476,-2.6195777915886844,4.365913062345518,-3.4649331408292485,4.9294057942272005,2.4816279124391842,-10.26695090755069,2.8616283112557785,0.6485370577638189,-16.607667825379465,-4.054853247085854,8.373564323526377,-10.255738577292336,0.0,0.0,0.0,0.0,0.0,0.0,0.0,0.0,0.0,0.0,0.0,0.0
830,16.6,8.262956609782044,-3.596680329604039,0.16848810093353994,-0.19209010909738666,0.9759904597630406,0.07810049399409086,-0.06666577290005948,-0.7459650275702225,0.8255202011455907,-0.9742549499098364,-0.06132610809120064,0.5122025517992566,-1.1637610497201587,-0.144236583524069,-0.6311784915579683,0.9506974778893699,-0.09429875542803708,-0.13145234490751967,0.7363209246401662,0.4877862494990557,3.8636693176254777,-5.92944054210612,2.5775985983677376,4.317028264699646,-22.639262592382497,0.9417776937254954,-1.1728746843956512,12.751755039048218,-4.183190378270754,7.6511544962029605,-7.076505290694699,0.0,0.0,0.0,0.0,0.0,0.0,0.0,0.0,0.0,0.0,0.0,0.0
831,16.62,8.261774753429098,-3.5885894075524125,0.1684728032410617,-0.1619912285016023,0.9814991013794191,0.07754605443068821,-0.06636991277806427,-0.6054375339652516,0.8684244120365301,-1.0031106682943103,0.06063172394836304,0.6036791525090098,-1.2490208636504363,-0.030833510794702264,-0.6423368932002517,1.198239117051709,-0.05751240702035949,-0.011759048494222595,0.9306007924828091,10.523342501618348,0.9494251178226214,0.8872607931979746,7.75505889342475,4.599761126900197,5.085798858621374,8.083866500181337,-0.015820864105198118,8.837863302761907,4.826696516521127,5.224978027331677,14.125953022062061,0.0,0.0,0.0,0.0,0.0,0.0,0.0,0.0,0.0,0.0,0.0,0.0
832,16.64,8.260426761828526,-3.5815584603796897,0.16542904757527563,-0.13767692435752243,0.9852641916219431,0.07761589712839967,-0.06538585259799094,-0.4669718494178688,0.9179366109246521,-1.3350658969680038,0.11680901070964878,0.6684296953145599,-0.7961855861175781,0.06005491779778168,-0.623578107143029,1.1674129152412682,-0.032429601453512064,0.05993201159039319,1.0331554024900416,5.159628806076654,3.128041094346043,-19.567903895711904,0.5043823525158437,3.0578929409272453,24.230478756737973,2.635064487775214,1.3644265343218283,-5.037555441843592,-0.9917034618258342,2.8415488876142048,0.2743611805806645,0.0,0.0,0.0,0.0,0.0,0.0,0.0,0.0,0.0,0.0,0.0,0.0
833,16.66,8.259841203260867,-3.5759162807309064,0.16416485910019782,-0.1199616638309404,0.9876138123727035,0.07700966337151019,-0.06555660583781335,-0.2832429107036642,0.9354034803596548,-1.3978987650327976,0.134640620649667,0.721424841519526,-0.6527315339979407,0.1058967287812691,-0.5782181929615009,0.9191211924101651,-0.027686648248932924,0.09873006879129728,0.7734799338563517,10.730099497143687,-0.2913891374385331,4.728166661506281,0.674826387037516,2.4346676270425927,-2.066417223977999,1.4001661968378483,2.6089990136346577,-12.283285464708303,0.7337218385798818,1.1459958473314535,-15.263838390304539,0.0,0.0,0.0,0.0,0.0,0.0,0.0,0.0,0.0,0.0,0.0,0.0
834,16.68,8.259366970846484,-3.5707891672560303,0.16325958119825076,-0.10387976165596591,0.9895452717975914,0.07626196844558278,-0.06475540402264804,-0.04479749317115136,0.8842809651192033,-1.0729162339487557,0.1520281653983725,0.7823444611821846,-0.8480331568335635,0.11542356970564084,-0.5180460090347682,0.7369485214258505,-0.0030506839198042087,0.06298055744076218,0.8819556050981953,11.21524254718245,-3.313278796811586,16.574725812286207,0.5681250362663737,3.0139187185080716,-10.185372277793013,-0.32274158249024976,3.046660272015464,-5.178324566566973,1.1573217812138918,-3.160693681059243,12.773233922475557,0.0,0.0,0.0,0.0,0.0,0.0,0.0,0.0,0.0,0.0,0.0,0.0
835,16.7,8.259042847771555,-3.5671041612618257,0.1629794497928282,-0.09283066152821558,0.9907687955714599,0.07558770885618868,-0.06360943540061341,0.10137763425443924,0.7995380851789231,-0.798806032063082,0.14084865292285176,0.7935266869009725,-0.7633990224046342,0.07154213963418492,-0.45790735468722554,0.9265076124153852,0.022869738872244673,-0.07176136031942756,1.2302714693819305,2.767367744587497,-3.21563839512973,6.919175568313508,-1.1061465939512254,-0.6288042663892158,9.099011635053554,-3.1837730728267695,3.3351700421268053,13.165397068164863,1.097982787592524,-8.612382500966783,14.50256849374848,0.0,0.0,0.0,0.0,0.0,0.0,0.0,0.0,0.0,0.0,0.0,0.0
836,16.72,8.258559691995972,-3.5644550816791467,0.16274161266876494,-0.08719768011615738,0.9911768251642035,0.07674679646149506,-0.06383568808016768,0.0999585480240514,0.7594918161334906,-0.8254817206950451,0.12057449738741305,0.7683098204081187,-0.4814109360763755,0.0026853544739499045,-0.3252277309290609,0.8461112167781286,0.04450953046288133,-0.2897565330360424,1.3333162001744054,-1.1313151990903445,-1.7218953228167333,-3.999874039290449,-0.6841054735231962,-1.1926489235384299,12.285438876818155,-3.7942374661436293,8.198024604118999,-10.328103563905595,1.1435778972715014,-12.065510194093875,-0.4959589725395994,0.0,0.0,0.0,0.0,0.0,0.0,0.0,0.0,0.0,0.0,0.0,0.0
837,16.740000000000002,8.258437672355958,-3.561829097092458,0.16166482368974966,-0.08157094223336804,0.9915262386163103,0.07786865468174765,-0.06448544127636416,0.08252765748824935,0.7213345403125837,-0.7081746238816512,0.12454619864313331,0.7867166036431138,-0.9290129809209899,-0.07106709539391659,-0.17148155792428868,0.5176287470939482,0.08692628010051406,-0.4968989905709258,0.8304722733410554,-0.711186737454878,-1.8137517036844122,8.629825196408696,0.21998464826206326,0.8331419213884192,-30.329858460574552,-3.686121311371472,6.940420274408354,-14.350816327711112,3.0711458207602282,-9.235916409280433,-29.559230616140386,0.0,0.0,0.0,0.0,0.0,0.0,0.0,0.0,0.0,0.0,0.0,0.0
838,16.76,8.258631693875895,-3.5606639116923957,0.16115084462870166,-0.07857141333441735,0.9917947083176492,0.07789339653576098,-0.0640500455570836,0.02880488612934146,0.653182199520178,-0.318015455629269,0.08361132757023443,0.7578540342435698,-1.587199659293899,-0.17303340519024166,-0.14332816581831392,1.0030886316804783,0.14745033370168784,-0.6520215665023784,0.441189167174924,-3.9440351334207584,-3.839538986920112,19.077770408200504,-3.8430608099676338,-3.391444547299371,-25.242527531049944,-5.421812641670177,-0.49876083781527425,33.453044855673134,3.1082632983963903,-7.259699276965908,-9.699410850587553,0.0,0.0,0.0,0.0,0.0,0.0,0.0,0.0,0.0,0.0,0.0,0.0
839,16.78,8.258613015038188,-3.558028692215765,0.16035638625254306,-0.07026770956832995,0.9924989862306456,0.07700846971896878,-0.06385849132812603,-0.03957030138336412,0.5846975238482011,-0.20063464734655756,-0.001820056779948384,0.632243533933875,-1.287058112120874,-0.25381678907974564,-0.172069571115894,1.4022064316168554,0.263843674633808,-0.793746723620113,0.7145827649941643,-2.9016237842778887,-3.151145859906494,-1.4445344235468367,-3.3163801319997273,-7.311163567472119,28.32510995527732,-2.9718072660599617,-2.1210195917792785,8.904635436849322,7.062334527963801,-6.129156185691635,19.404240782119615,0.0,0.0,0.0,0.0,0.0,0.0,0.0,0.0,0.0,0.0,0.0,0.0
840,16.8,8.258458118188365,-3.5578258241674092,0.16048370326541642,-0.06937071407166151,0.9925427786733916,0.07693562271025317,-0.06424520597426717,-0.18233764645086611,0.6065135014962124,-0.5629465268067458,-0.10918697004081226,0.4707298039917918,-0.6741585588687451,-0.34357335945349726,-0.23755498531065014,1.287080932365193,0.3017066403975453,-0.852475071550567,1.0339191306116207,-9.136335905265618,2.6120216746428806,-19.412771751196317,-5.655345960115352,-7.817762222765256,23.22952789026633,-5.157775649935329,-3.9880289115142133,-10.813288863723525,-1.4583545736315977,-0.5704830843822237,10.148909178489735,0.0,0.0,0.0,0.0,0.0,0.0,0.0,0.0,0.0,0.0,0.0,0.0
841,16.82,8.258312405795259,-3.5579795973207498,0.1606683843070459,-0.067554225580784,0.9927055122476406,0.07665116924231702,-0.06400617792928633,-0.3418348524674111,0.6494747655877854,-0.6300519112547112,-0.15182695095949922,0.38205554365086525,-0.943794313423183,-0.4187609604297179,-0.393397923046649,1.2868733063222197,0.1890896673380178,-0.7622227064027128,0.7477976724852511,-6.9415562841409075,2.082294672550565,4.435254042361876,-0.3744482896179757,-3.2376618553182395,-25.374102894464748,-2.780741171175631,-9.86572861195988,4.606835236986497,-6.757912517120343,6.761048518989658,-20.67918583166432,0.0,0.0,0.0,0.0,0.0,0.0,0.0,0.0,0.0,0.0,0.0,0.0
842,16.84,8.259534744690502,-3.5557124308670542,0.15956799881742648,-0.05570095379128248,0.99362581240075,0.0742109617818852,-0.06401470010160537,-0.4566190120125905,0.6888491505129998,-0.6657138190511165,-0.15486118248531675,0.3379903494583807,-1.5985851482263436,-0.45674521932437556,-0.6058098240630592,1.385206129118371,0.0641800238281402,-0.5731527396776134,0.5047304652861231,-4.835234686896441,1.7523767314345657,-3.6912557361666525,-0.34966594856221167,-2.0192824725234413,-26.974955020847446,-1.1687429309755153,-10.760221388271528,3.7209334394867195,-5.435424004162805,10.655922890307487,-4.801463930307348,0.0,0.0,0.0,0.0,0.0,0.0,0.0,0.0,0.0,0.0,0.0,0.0
843,16.86,8.260331596825981,-3.5484493018288625,0.1580132081757179,-0.022794174932720842,0.9950160401987516,0.07310619986578278,-0.06386696233200104,-0.49275504101475487,0.712917787455376,-0.845957076414775,-0.13988276191474666,0.3194447602479887,-1.5231545983409593,-0.40310686615827757,-0.8245237618405259,1.4365597446315455,0.04294609200038437,-0.3693524707042718,0.6478095950931322,-0.3852906399077336,0.5540129135706161,-8.42579908533219,1.298230034653505,0.35313246859929115,16.370277149104503,5.014536908278249,-10.555678020592424,1.2052199846965008,0.9134802830360473,10.490525200677903,10.389358528676473,0.0,0.0,0.0,0.0,0.0,0.0,0.0,0.0,0.0,0.0,0.0,0.0
844,16.88,8.260357821583673,-3.5394193609004296,0.1556072255609132,0.01604352115776608,0.9951604441428055,0.07288248871659353,-0.06392525855114349,-0.5274894942870286,0.7428782298908655,-0.9621319180046168,-0.12826571411119536,0.3144061379119563,-0.8174662768328717,-0.27941392749674393,-0.9970815822995671,1.3977885157573493,0.05666836432393706,-0.16718161166860762,0.812828214626071,-3.129259673502827,1.6319620389398768,-3.2804567168740584,-0.43451048455454366,-0.6496182077040379,33.98157759107547,6.058575751378426,-7.51413821817693,-3.1363844562349357,-0.19255182840029395,9.41265517056277,5.318725020373796,0.0,0.0,0.0,0.0,0.0,0.0,0.0,0.0,0.0,0.0,0.0,0.0
845,16.9,8.257540204138705,-3.531188143633988,0.15498768734382853,0.04799365419861658,0.9946248639676607,0.07209503124253645,-0.05674764844567677,-0.5641141697497696,0.7288944362741596,-1.0419860978329194,-0.11022447447765203,0.2944910166065857,-0.41307593701878675,-0.1460841850773959,-1.098791712224327,1.1532386046486376,0.07613945469035893,0.003477704091064779,0.5415986373713592,-1.4758981496531267,-1.6465402836938705,-3.10587039563417,1.3823214477996384,-0.08403561445892804,8.523308718408133,6.364631744028573,-3.93524585450153,-11.991958615934621,1.1537839578348161,8.018802483266226,-17.185323836787717,0.0,0.0,0.0,0.0,0.0,0.0,0.0,0.0,0.0,0.0,0.0,0.0
846,16.92,8.256166811402348,-3.524735561078946,0.15797138287332446,0.06896707508855773,0.9936404473585629,0.07066607048521265,-0.054115713143074166,-0.5871004104859081,0.7126883950822882,-1.095120643124288,-0.1205729908885026,0.337909577973944,-0.4750836558015028,0.02948544801684201,-1.0764737243575346,0.9025399228641853,0.054711203657166335,0.17587627358876226,0.21764590653534882,-0.9498748041745089,-0.39173852525492264,-1.7238516822801935,-1.777686708669575,3.188630718237109,-7.003049521405583,9.104197456064686,3.5646396411139483,-9.12706882912963,-2.2714807125343275,8.420118167502606,-11.050855421069642,0.0,0.0,0.0,0.0,0.0,0.0,0.0,0.0,0.0,0.0,0.0,0.0
847,16.94,8.253541637738074,-3.520060863445824,0.16319510979270266,0.0815235646170462,0.9929236498342152,0.07081674621121775,-0.04941176447049213,-0.5558161073847051,0.7104488341606865,-1.282470683672851,-0.13905017561878635,0.3925939149687726,-0.4605050296256439,0.23524637071687793,-0.9305447692157067,0.5876898519776903,0.008810821732172904,0.28618396745227365,0.23322860568888604,3.3465273475744506,-0.09676890721045522,-9.981210911725471,-0.3931153445186693,2.993543489273718,3.7372756972698538,9.781660066626937,8.649258852472165,-13.757282269953178,-2.142084929662626,4.16595323262351,5.548016224136977,0.0,0.0,0.0,0.0,0.0,0.0,0.0,0.0,0.0,0.0,0.0,0.0
848,16.96,8.25015574441376,-3.5148322239121104,0.16807988959588982,0.09669571794045775,0.9918693045561626,0.07140180972912537,-0.041797157542824766,-0.4051874674580005,0.6627723882276664,-1.0434056169203878,-0.11883301711094214,0.46274362400873886,-0.40882261593477376,0.3850395291474679,-0.737572821727266,0.6169305022282754,0.001491175927785555,0.318034841217582,0.31725995248966393,9.27462981888261,-3.098739433064619,18.241431125553994,1.850334730147699,4.17686771078848,1.2822399578885029,6.388968484586434,10.52769801985033,7.777910541599055,0.6025984287010779,0.4312282199670243,2.4904599825084466,0.0,0.0,0.0,0.0,0.0,0.0,0.0,0.0,0.0,0.0,0.0,0.0
849,16.98,8.24769050223536,-3.5065246706466895,0.17196399951601798,0.11072909515233041,0.9903209067716388,0.0755787395136969,-0.03593637754791509,-0.1998961189817735,0.5786068581595912,-0.7022591611096328,-0.04480537515349365,0.5238093851801692,-0.3012505546050407,0.4473632577648958,-0.5102055825140751,0.8349336397006595,-0.003365547270682286,0.25697014157805725,0.4173378437127531,10.258972538495904,-4.427202864549694,11.677771676379491,4.6671162703173215,2.4482206046165116,5.691848011382759,1.2646767531332948,11.94466739423364,9.405962245178193,-0.7834189274184176,-5.050557563260718,4.537110204146946,0.0,0.0,0.0,0.0,0.0,0.0,0.0,0.0,0.0,0.0,0.0,0.0
850,17.0,8.245180663717187,-3.4962173077449337,0.1753250077636906,0.12260911610745077,0.9884641526064449,0.08358648492300051,-0.030313746017109944,-0.008976034402657443,0.49200865764448015,-0.5331079594155597,0.08524700435542962,0.5534236511608781,-0.1862261112366249,0.4396575406044403,-0.2614142387712399,0.8607515844562537,-0.004073876254325395,0.08341513162673003,0.6555033392925749,8.771671926958128,-4.023182999256824,4.531039824887548,7.328577375726615,0.9664771390272988,4.289306704940274,-1.5685444229301835,12.359673569219314,-2.331132943737611,0.25489789284010134,-10.447600725093945,11.378195338267597,0.0,0.0,0.0,0.0,0.0,0.0,0.0,0.0,0.0,0.0,0.0,0.0
851,17.02,8.24224771023383,-3.485214772541312,0.17843040692932075,0.13273291653938982,0.986422280071489,0.09352905233175803,-0.02460436171567819,0.15347362509436005,0.4051080977913233,-0.4041780013802501,0.2421181346006191,0.5808912408756194,-0.37397679695110814,0.377749445251741,-0.007433617345012536,0.6582325053482905,0.03811405451697815,-0.15440059034473075,0.7206087840374329,7.364224553073834,-4.253308757009261,5.2168307710785475,7.740194535255793,1.0590208214882972,-12.19375865639878,-4.244775287941074,12.388888789170307,-10.582968595102889,3.1882297954034664,-12.550737251886583,-1.44708840070964,0.0,0.0,0.0,0.0,0.0,0.0,0.0,0.0,0.0,0.0,0.0,0.0
852,17.04,8.239091081414966,-3.475326368644715,0.18115259833899067,0.14034577736856815,0.9846182951337239,0.10240637212852957,-0.018515145428681636,0.2875951434195841,0.31175939083335025,-0.23269710145402223,0.38724486184180335,0.60996953559331,-0.801633505523614,0.2552032270675824,0.19017539316691912,0.503139385810787,0.13847726809689098,-0.3917889097842462,0.5168200583273168,6.077964251525411,-4.438207892931073,7.297593698544066,6.592134884936682,0.9833215069642032,-18.97269655521734,-7.0463163176065144,8.215421407884397,-4.154762054263526,6.149340545753834,-11.399109497424229,-11.441007670849144,0.0,0.0,0.0,0.0,0.0,0.0,0.0,0.0,0.0,0.0,0.0,0.0
853,17.06,8.236448788121793,-3.46814850844925,0.1833090840993159,0.145530823207511,0.9833364650331535,0.10792390416087319,-0.01492001820783357,0.3791948885900341,0.22528664918054558,-0.11236595017219908,0.4788890156379057,0.5963043692725649,-0.8774458483760459,0.09666208452668579,0.28058037673190156,0.5577545188596681,0.2914530869134646,-0.6060520383977369,0.4818934908572151,3.2979271787230466,-4.217427820224586,3.620032489798271,3.0513932057115367,-1.502724646333415,3.5136917925077267,-8.376318737610553,2.180317271383637,4.857412758493091,8.287938184251859,-10.0993099406185,2.5514103545985276,0.0,0.0,0.0,0.0,0.0,0.0,0.0,0.0,0.0,0.0,0.0,0.0
854,17.080000000000002,8.235218288381356,-3.4637059335872498,0.1828856124068873,0.1476838071399104,0.9827206952281025,0.11057939434201924,-0.01489046090659022,0.42944831782707793,0.17447364910038954,-0.18166232334110086,0.5030805355532851,0.5299490030042504,-0.344229778237748,-0.06483313179137429,0.2935280550657934,0.5482684506192964,0.4565611003013963,-0.7625846740360565,0.6211544307142115,2.1383634935961178,-1.7325527187055716,-5.520293827329477,0.7146400977849708,-3.648557623851849,29.123877056873656,-7.86602688030323,-0.3957999060301649,-2.6860263497370376,7.704523363618382,-6.084976926895401,6.659566431895582,0.0,0.0,0.0,0.0,0.0,0.0,0.0,0.0,0.0,0.0,0.0,0.0
855,17.1,8.234838458693421,-3.4607868654834544,0.18162790396108094,0.1522508167342495,0.9818660469419587,0.11195041771585737,-0.015028594065068387,0.5016493618178888,0.11370398196815548,0.00013053425876624614,0.5076243288312514,0.4851572096667825,-0.4054795724719779,-0.20814319534736075,0.21500582854317718,0.8302681868963913,0.5635156663538748,-0.7623309909862312,-0.033789376373742436,4.164461857495303,-3.1210195263366476,12.466224363683212,-0.3225863524280718,-1.7999671346557917,-15.764553242111264,-6.649890544487096,-5.183552300431,17.048034150279562,4.503153828916709,2.4247057609575537,-40.240938908360235,0.0,0.0,0.0,0.0,0.0,0.0,0.0,0.0,0.0,0.0,0.0,0.0
856,17.12,8.235172339097469,-3.4598472932023054,0.17951244076800504,0.153237240985664,0.981654230717258,0.11180539590975377,-0.01930991288103842,0.5187042882026043,0.12932668105368722,-0.39162002925001715,0.5026707612170479,0.41822446512893163,-0.74266436771111,-0.30712592535003547,0.05324911745328509,1.0677079092738984,0.6043761828482629,-0.7630565971639959,0.34043536855380263,-0.22400061313576336,1.681123050610954,-26.755318037727076,0.084064693288184,-4.776047850355964,-12.627366625181848,-3.3641052168423595,-9.813502069090879,6.257923531017156,0.6828132359995157,-0.02458077482151122,40.90475167351852,0.0,0.0,0.0,0.0,0.0,0.0,0.0,0.0,0.0,0.0,0.0,0.0
857,17.14,8.235657641490278,-3.460372169578388,0.17500945736997148,0.14805990533913466,0.9827470107316695,0.10676533910432383,-0.029794960897329623,0.4610270567339978,0.16150088189890438,-1.1487321596503102,0.4552076766386157,0.3217464612986522,-0.606688972060819,-0.3445556101339715,-0.1373568566622812,1.2955670213891077,0.5687162298066716,-0.7685590595943147,1.4585337663744664,-3.683332871505018,0.4514496913884477,-31.9408134169311,-3.2269699344790705,-4.44268126599819,13.105157926764628,-0.6505053794508533,-9.050670990599594,10.402659307743832,-3.7124258484208155,1.0426103590204847,53.54693192502419,0.0,0.0,0.0,0.0,0.0,0.0,0.0,0.0,0.0,0.0,0.0,0.0
858,17.16,8.236654122155967,-3.461958111359484,0.1662132037553588,0.13217650206370285,0.9854837629131821,0.09694076528950417,-0.044199698661464684,0.35115970708152044,0.14790177916642094,-1.2435599684967935,0.35035018384951233,0.26198694297590336,-0.5053982655198184,-0.34063387787056665,-0.2899636399665649,1.4451019117754864,0.40627905947896764,-0.7210476901430765,1.770157271525965,-6.372138945181022,-0.8731251943370383,8.187387842263274,-6.21905385270911,-1.9683124563783587,0.10844480645784405,1.0466038767279913,-6.5266369009653005,4.296644759564185,-9.932175048888716,2.3408898197079804,-4.615802633777879,0.0,0.0,0.0,0.0,0.0,0.0,0.0,0.0,0.0,0.0,0.0,0.0
859,17.18,8.2375740875579,-3.464684777997846,0.15861620762094517,0.10457074731016698,0.9892174334036313,0.08852138069447052,-0.05174740010155264,0.2261155199305184,0.1893109393784163,-0.9970976584645913,0.22531083344342961,0.2798699254578099,-0.9240018796075544,-0.3533056857471475,-0.465734159754161,1.328142910556129,0.15437775506665605,-0.6181655287481043,1.1140484231473549,-5.074771757017787,4.006030372407231,10.422626015626845,-5.8940911085330745,1.4259074607083702,-23.665833522568757,-1.4602054191643719,-10.303623614790663,-8.185808027708472,-12.410436633258787,6.005804914344484,-36.497690446154856,0.0,0.0,0.0,0.0,0.0,0.0,0.0,0.0,0.0,0.0,0.0,0.0
860,17.2,8.23861416700865,-3.4705381044586083,0.1590101088100976,0.07952575155630151,0.9914377807176248,0.08793344301810252,-0.05472194627476554,0.10552187110837363,0.32427285429208663,-0.9676089260192314,0.08008237681666656,0.2955394420008915,-1.3890207280777256,-0.3564865761090536,-0.642315366398156,1.1823523683953223,-0.07682725307932584,-0.4745019591227796,0.7614298238915264,-6.597332434857357,8.05081265091647,-2.365416655658834,-8.118485295880292,0.15963779817230167,-16.909676122785157,1.0825044579005687,-7.829413223579191,-5.305312479440613,-10.51695263747231,7.408941890545264,-4.451144060349835,0.0,0.0,0.0,0.0,0.0,0.0,0.0,0.0,0.0,0.0,0.0,0.0
861,17.22,8.239505586205052,-3.473149902633114,0.16064214086417275,0.06746887382048235,0.9922598097011511,0.08782033070747439,-0.05617838224495685,-0.00011079585776059553,0.4998067988693983,-0.9124987265192616,-0.053425110472265086,0.35904566004429417,-1.454101605856318,-0.29884677862596126,-0.8141639617439721,1.4217266676644231,-0.2097804454749477,-0.30249053187687636,0.6162591300485231,-4.392114228055592,9.105433368802753,4.382209764801314,-5.483095767998522,5.029383030667263,3.5182023745522013,4.541189762581119,-8.538617392445245,15.977603640259401,-3.98932366498693,8.942958592037002,-6.227330864335984,0.0,0.0,0.0,0.0,0.0,0.0,0.0,0.0,0.0,0.0,0.0,0.0
862,17.240000000000002,8.23897094660234,-3.4707194402925423,0.1609080530947622,0.08642938620284756,0.9909086324931489,0.09005130256803616,-0.0502076304654569,-0.034303519261507466,0.7094146507193485,-1.0315429563155414,-0.1022817152795907,0.440834539369872,-0.9938027063958748,-0.09572132433566258,-0.9397741495211025,1.4511534986217312,-0.19360452784458826,-0.11063745092798627,0.32082448843176425,-0.37517562132169036,10.92015226777666,-8.452471293505713,-0.5334788790362104,3.707222494306971,25.527857417259792,13.039825843890391,-4.7849758084243685,-5.267299978194789,3.4452875358873136,9.432124582516593,-14.017975330293025,0.0,0.0,0.0,0.0,0.0,0.0,0.0,0.0,0.0,0.0,0.0,0.0
863,17.26,8.237035234846495,-3.4672922546389278,0.1642572358678373,0.09969253580154155,0.9898823260494101,0.09094902820543135,-0.04384806893073693,-0.09851200449162503,0.8886431979826133,-1.2329037440535902,-0.10204262070499995,0.4896205774462785,-0.4881490962673188,0.09174819925571831,-1.005528554989827,1.0892192653610402,-0.11924605306917016,0.05560210261344947,0.10948326150062494,-3.7909916408736533,7.41994812196206,-7.9482213186479855,0.9759693011921713,2.5254936658172573,18.533131353736344,6.807928753555535,-2.850800069930316,-18.496131707976858,4.8362070208575965,7.459793400795287,-6.205359980944306,0.0,0.0,0.0,0.0,0.0,0.0,0.0,0.0,0.0,0.0,0.0,0.0
864,17.28,8.235462854394266,-3.463655020193587,0.16740134921898214,0.10942473828298659,0.9890063410636791,0.09116172328131589,-0.03977718184981954,-0.1056913287433289,0.9508060347155772,-0.9544236238665158,-0.042889707055817815,0.5517928248054197,-0.3695022359850611,0.16709840026777367,-1.03141303923633,0.8445294146473952,0.015529367938383505,0.198122129087628,-0.08400967095682603,1.4922930140003137,0.8396253083302374,19.75318610618841,4.108555313947755,3.531678036622734,-1.0638165687729169,1.7771230078234932,-0.6357112949724794,-6.167203350991037,7.9100001701621405,6.5046026189795025,-8.17833782332302,0.0,0.0,0.0,0.0,0.0,0.0,0.0,0.0,0.0,0.0,0.0,0.0
865,17.3,8.234289439594308,-3.4563816119002233,0.1684915756821199,0.12025998216285251,0.9874070457082179,0.0954186125384071,-0.03821192428031999,0.027478360501221502,0.8854236431351405,-0.6753737075610439,0.09289234983455094,0.6181526310080141,-0.2850725371755692,0.21118451058235183,-0.9729253320338502,0.7225962990005899,0.16558392733147625,0.23358532120728795,0.10696358197073803,8.67268733202956,-5.1406861017703624,7.278085389140414,8.01620715076336,3.2002674365577257,5.444551635959856,1.7413456890305672,4.74606175688599,-4.338604056475122,6.733884358470341,-0.5318544405476464,13.919812367446577,0.0,0.0,0.0,0.0,0.0,0.0,0.0,0.0,0.0,0.0,0.0,0.0
866,17.32,8.232022532621968,-3.442618970395951,0.16743114952006105,0.14589262696158903,0.9831609556720368,0.10348876562751355,-0.03741593282529563,0.2707851379069922,0.7233682986413642,-0.3456304248802723,0.3597617668249571,0.6640525540780167,-0.18326435840782815,0.3179167693930676,-0.8341597994043124,1.0387585351772468,0.36371343338828854,0.16164282885694403,0.4395998454404361,12.489547625856094,-9.030879168745145,15.314717153626592,15.469241341236332,1.6720392943216873,3.6495929397332434,6.629742677159041,8.869859728058103,20.06755226000953,10.916835022354938,-5.1028581483372255,12.567810415057922,0.0,0.0,0.0,0.0,0.0,0.0,0.0,0.0,0.0,0.0,0.0,0.0
867,17.34,8.229286692815297,-3.4278479424315758,0.16696419811914381,0.16440218658289166,0.9789961363606459,0.11541648407801461,-0.03489299701603398,0.4397710569708097,0.5700894270297717,-0.4054434122571568,0.6645674408688425,0.6702924937619394,-0.21692532199203585,0.4008770067083311,-0.6276760411932066,1.2631739635319725,0.5400182109009046,-0.018372972516929924,0.814338627793987,5.994471636604572,-7.099762637080673,-10.02155150671716,14.497803733319184,-0.7848437120492968,-3.141583499866404,2.1694439928762925,10.928693167105514,4.813059405441873,7.132125020243249,-10.841578244622905,15.797463742258808,0.0,0.0,0.0,0.0,0.0,0.0,0.0,0.0,0.0,0.0,0.0,0.0
868,17.36,8.227309758355997,-3.421504472672531,0.16942921499279257,0.15270571229969698,0.9799031606266264,0.12408572267224846,-0.0327642282664497,0.4585319954781185,0.44833847583404257,-0.8522791151299984,0.7833558690407527,0.6245252014027958,-0.3056255031105314,0.3949582034623641,-0.3487962936492698,0.9179218747137943,0.6633435851683592,-0.28152274414214706,1.0944614426866213,-1.9995588575902952,-5.910017889119303,-20.62783250449629,0.8478422404288524,-3.0898661960285088,-3.7196068281433683,-2.620795471138944,15.685471827169666,-22.333541349847994,5.117684179586252,-13.913821344512241,9.200858715352794,0.0,0.0,0.0,0.0,0.0,0.0,0.0,0.0,0.0,0.0,0.0,0.0
869,17.38,8.22921781779173,-3.420111567910676,0.1707654215388198,0.1153572157532007,0.9836651041553354,0.1329394356571311,-0.03771978377332454,0.42829943970592155,0.3192378618698997,-0.552745268165641,0.7454968324304957,0.6405130300066236,-1.0436811166839837,0.26125988605338046,-0.04946154398433547,0.8526460087068933,0.7438028556450148,-0.4855758801754648,0.45638998822369015,-2.0360252402638164,-5.789656457631463,26.082827420756313,-3.8710586408337395,1.4378040569788162,-41.35412139763617,-9.171429851183193,14.645065425605615,6.029730769242553,2.3866295863949794,-7.880002117329186,-43.275626896806436,0.0,0.0,0.0,0.0,0.0,0.0,0.0,0.0,0.0,0.0,0.0,0.0
870,17.400000000000002,8.231445760774884,-3.42596096409257,0.16983674903009127,0.04423660539014467,0.987522814509655,0.1412118059238068,-0.0538612981111993,0.29372191494263505,0.20106765643434452,-0.11056962149698989,0.538296553736081,0.578594820651374,-1.3027223106818078,-0.04261234596222711,0.17293740454900391,1.204125971084917,0.7433570185157541,-0.664458708502685,0.3314168328431924,-8.336159661226922,-5.4144604242238925,13.769284479006863,-13.066513385921041,-5.304876123128356,2.267090779505361,-17.091326206968983,9.135706384146516,17.565087275912745,-0.5822450742957331,-9.430658779931067,11.079534068070256,0.0,0.0,0.0,0.0,0.0,0.0,0.0,0.0,0.0,0.0,0.0,0.0
871,17.42,8.235267599981805,-3.436113564884212,0.1644314172191483,-0.04410041775600953,0.984778502759509,0.15023707992331953,-0.07546703566855958,0.11399436737442271,0.1632270981513767,-0.017811495416348827,0.24480372273015255,0.4643793859582938,-0.7292758636165398,-0.45042601852178416,0.3111075531357709,1.1691557588186923,0.681743235208202,-0.8229837026964568,0.8348162772002886,-8.1383761913729,0.11788343681986557,-0.6883239767985065,-13.785852090266506,-5.494443853602252,32.297320586897285,-20.99478172943084,4.898456456662478,-9.686255034301603,-4.32347053845189,-5.7408355810369205,23.436223932053984,0.0,0.0,0.0,0.0,0.0,0.0,0.0,0.0,0.0,0.0,0.0,0.0
872,17.44,8.23557588951321,-3.4453209405003213,0.1616811979947631,-0.10190758922533501,0.9801841342237355,0.15274147460497198,-0.07432326829362149,0.0236890661864697,0.14165991424837965,-0.030515942988745215,0.032655400231581214,0.36128034947232496,-0.747630621399084,-0.7139215037886762,0.23507943390653901,1.3402228292363214,0.5748294214879345,-0.8402336892611726,0.8528118963985273,-3.2928686303702737,-1.125138856674347,0.11994673732723926,-8.721137479842586,-4.858834969868071,-14.526477362783028,-9.149391371941208,-7.488492482421153,13.658506816427268,-6.432694860619323,2.009138906627803,-8.174847726801964,0.0,0.0,0.0,0.0,0.0,0.0,0.0,0.0,0.0,0.0,0.0,0.0
873,17.46,8.234725437585762,-3.450021734608885,0.16502173757812053,-0.12024793793952462,0.9782908727616734,0.1534536343178804,-0.07028074990443972,-0.012626308198822996,0.17618318036167308,-0.2781935349138541,-0.06781647918881657,0.32810110658014213,-1.2819889476045268,-0.7666296670017788,0.054062255362549806,1.3799877118023767,0.44847273926465275,-0.723384752318142,0.7065181358676362,-1.4143515615615359,2.7363935889214916,-13.8780379658159,-3.8742056255770754,-0.648188647478589,-24.636331545275123,0.35157348979612624,-10.399181441510894,-4.082676696226237,-6.358030623443844,7.766118397705746,-5.178625589989753,0.0,0.0,0.0,0.0,0.0,0.0,0.0,0.0,0.0,0.0,0.0,0.0
874,17.48,8.235823699762236,-3.4528694416326475,0.16754078482101784,-0.1264342388830041,0.9779518077518461,0.15016980134217614,-0.07122973899870778,-0.07097520601446161,0.2749165859722383,-0.6454174318242912,-0.15714485030545616,0.3648944049116216,-1.4816855063284304,-0.7154883432832566,-0.18535564504881152,1.352081234579378,0.30032801821628224,-0.522234694900259,0.6694292878230715,-3.824165611349523,5.813720214242648,-14.72730254620282,-4.875575340643207,3.5725852224018118,-0.9954852060479773,3.598348250055985,-12.561028116191949,-0.10459924530064546,-7.759125353110817,11.234501340237466,0.4030418927988395,0.0,0.0,0.0,0.0,0.0,0.0,0.0,0.0,0.0,0.0,0.0,0.0
875,17.5,8.238209938246323,-3.454036694764183,0.1687995263646575,-0.12951610399378677,0.9782124905941355,0.1412452532248418,-0.07984785841423869,-0.18194566154571126,0.40584858296910886,-0.6849386683958506,-0.24509782937328156,0.4796936047878555,-1.3897600014280491,-0.5881954355674607,-0.46284294112483887,1.4260033064562059,0.17763413887369245,-0.29282756956396905,0.9040403806736321,-5.281048066860733,7.108988175539521,3.8066655448061932,-3.2602462845876343,6.463083327356261,5.267802367067746,8.27322794938683,-14.621914659834403,3.8153151882093788,-4.917843108251199,11.388751788386607,13.4442971965876,0.0,0.0,0.0,0.0,0.0,0.0,0.0,0.0,0.0,0.0,0.0,0.0
876,17.52,8.23850086951327,-3.448996772845223,0.17274411403002352,-0.10501071520686987,0.9807993403341735,0.14158987201190879,-0.08341289969449472,-0.25614904790441706,0.5520706260174395,-0.6155202821428031,-0.21544459498947968,0.593857921093501,-1.0996905935884687,-0.30803268977394405,-0.7350139302374279,1.330566252916937,0.15098333676052605,-0.07269881537020327,0.8586335223357395,-3.4650224804278085,7.381683753256905,2.619264798026548,3.9961631439743894,5.496968153246828,14.96300013160629,17.30433407624399,-12.440581084872164,-7.776415169298346,0.4578504596032862,10.434375457118758,-8.079919837643146,0.0,0.0,0.0,0.0,0.0,0.0,0.0,0.0,0.0,0.0,0.0,0.0
877,17.54,8.23891235130803,-3.442494707578572,0.17591547031449067,-0.05821811501732439,0.9836627675136479,0.14835347763894233,-0.08372249735676356,-0.32858959002178256,0.7159520915874393,-0.8214279539028194,-0.06179431608418106,0.6967794911043247,-0.9241449856518135,0.07718335374115473,-0.9262821715500947,0.9475894114631217,0.18784526026601028,0.1334882519995666,0.48259620192630115,-4.279305781668443,7.894735848657419,-12.489759577598589,8.926849738787558,4.896177674587028,3.975334681326692,18.687348201072414,-8.075539078479617,-18.734666756206558,2.033958388647003,9.510148041139905,-17.93586011794053,0.0,0.0,0.0,0.0,0.0,0.0,0.0,0.0,0.0,0.0,0.0,0.0
878,17.56,8.239905398846544,-3.4394039393481153,0.17641938390373785,-0.02154100523466653,0.983304981383241,0.16053712857656602,-0.08291639782802976,-0.43348307456023305,0.8729529915134285,-1.0679413422787036,0.09776335978457804,0.7921533382036418,-1.1040038630024418,0.3424419900346896,-1.065803077676893,0.9555741737120684,0.19691292257119142,0.2995359907232482,0.22745532061013937,-5.784480115070691,7.082535580630602,-8.277138991485176,6.599997010933347,4.193136286099989,-11.904030727295028,9.003321532911627,-6.431203841368356,9.160212355168028,-0.91180868565066,7.123241175769323,-6.6605161871891285,0.0,0.0,0.0,0.0,0.0,0.0,0.0,0.0,0.0,0.0,0.0,0.0
879,17.580000000000002,8.239867493304978,-3.438275774094787,0.17259504953818747,-0.0021434897366147863,0.9810800277104208,0.17678999333670603,-0.0788839840238665,-0.4884941126671144,0.9920872022284646,-1.3889584388545417,0.21156160396505913,0.8925487310041235,-1.2059957990950334,0.429744481948387,-1.158144226280496,1.4007862552974033,0.1485583925406455,0.36135689110410407,0.45692146984944615,-0.056797850821158846,4.446126889229958,-14.758694290864433,4.732882929923567,5.355251563006343,-0.6668861941779451,1.650791633609238,-2.9314443455335377,22.01079504657603,-3.197212990861375,1.1475503615574358,15.668307984977256,0.0,0.0,0.0,0.0,0.0,0.0,0.0,0.0,0.0,0.0,0.0,0.0
880,17.6,8.23687033865524,-3.4380716366282886,0.16255302047130002,-0.006689123133819784,0.9784083773230914,0.19430575865040794,-0.07012542314301201,-0.43618088586604215,1.0009694712034827,-1.578499200454251,0.2505493254883023,1.0026679970280974,-1.0701325309472418,0.414041756261333,-1.1219761396568204,1.6914503874961606,0.018619473150446833,0.2890801736617008,0.9542029433840961,4.4469827939401725,-1.9742708265610946,-4.7981572948165025,0.4758932080972371,5.674827648060078,8.26736144814612,-1.780347001179969,4.757926487170715,7.520001537017718,-8.199750860640176,-5.658459390333313,21.49437950105984,0.0,0.0,0.0,0.0,0.0,0.0,0.0,0.0,0.0,0.0,0.0,0.0
881,17.62,8.233647258672987,-3.438770606597309,0.1526921010016414,-0.02812379570181336,0.9756267221434908,0.20869433647804259,-0.0617108181509648,-0.3240889388542961,0.9425005447547272,-1.423879174744669,0.23363296430628064,1.112786073440029,-0.9081945499091528,0.3480745860504307,-0.9757159965194239,1.6564309240381088,-0.17253120068839176,0.1322111852471871,1.180927150278356,5.474325267239049,-1.8649184951473512,11.277955459780065,-0.32201967101226286,6.5550865024634595,6.346581445425709,-2.002619900670176,8.900188284781928,-4.442484396994944,-11.259337883889199,-7.252092649648607,4.685252664392733,0.0,0.0,0.0,0.0,0.0,0.0,0.0,0.0,0.0,0.0,0.0,0.0
882,17.64,8.23287458137375,-3.437081455568445,0.15469625072554075,-0.0385472199007404,0.9730775159479192,0.21755172101080367,-0.0656163735647533,-0.17737998471637748,0.8977736941691485,-1.2635971380216335,0.22982298911145219,1.1801874022587007,-0.6398399798689988,0.30682930126376423,-0.7584658999771625,1.057496921004357,-0.34241321813094516,-0.06933547362886987,1.3689186887893008,7.870400737103588,-2.5267589924435416,4.182922757634216,-0.2011106894157164,1.597322433141896,12.685211774908622,-3.4607083031605166,11.520355025276759,-33.790030208151805,-6.651346029817758,-11.94709887472166,8.633179813352095,0.0,0.0,0.0,0.0,0.0,0.0,0.0,0.0,0.0,0.0,0.0,0.0
883,17.66,8.231784939673823,-3.434848277100907,0.1572125366655021,-0.03496713576905529,0.9728951664614395,0.21904871279483043,-0.06534489968624017,0.037832798176856336,0.7301955971610158,-0.5554460845347249,0.18302341339640524,1.1484499343539196,-0.8156223784814844,0.20878496661434637,-0.5580628502664409,1.0305418832138482,-0.3970128571954738,-0.2635921072426109,0.7628028243175327,10.311654336768804,-10.691774418588516,39.273532742959844,-3.8254414189779293,-4.046228908481623,-15.543894216117534,-5.224864446807421,9.337386389159626,13.020775123307711,-0.07345498046672594,-8.197081068202452,-41.30409419568256,0.0,0.0,0.0,0.0,0.0,0.0,0.0,0.0,0.0,0.0,0.0,0.0
884,17.68,8.230646462942588,-3.4330087627435204,0.1575242639578785,-0.026274601653847637,0.9733533193757113,0.2178760405395801,-0.06650557816462957,0.14915587608666317,0.5301913393231309,-0.13505823230140201,0.06085198212687999,0.9688600040725985,-0.869450473889125,0.07419523582268284,-0.3566608781841358,1.0681124862494509,-0.323780383812638,-0.4990886333856243,0.8424411491536368,3.007499016927077,-8.973621685708364,6.808583672178514,-6.425447156961347,-11.289766741077587,3.1101590833984414,-7.603399744594768,10.247765918450515,-3.5081043487812917,5.636130272434954,-13.619802057208016,22.178046523444053,0.0,0.0,0.0,0.0,0.0,0.0,0.0,0.0,0.0,0.0,0.0,0.0
885,17.7,8.230329124728001,-3.432338283213572,0.15713143748117456,-0.022214691349504278,0.9736741360685414,0.21658552565320102,-0.06749736525934248,0.15442384145409305,0.40697881969401484,-0.29315631947290716,-0.0696055751370964,0.7410696358985821,-0.8850463722386672,-0.1017320718150004,-0.1714698722487803,1.0024267971485832,-0.15290247704666926,-0.7521018577316914,1.0551187777961997,-0.852041482022093,-4.991287329882628,-11.767939869656628,-6.175781908944593,-11.268172846885323,-2.6094150597647405,-9.277199487992249,8.426588630986789,-2.2083187474547055,10.3604022276492,-11.912247451877606,2.7274211039632963,0.0,0.0,0.0,0.0,0.0,0.0,0.0,0.0,0.0,0.0,0.0,0.0
886,17.72,8.230240685972294,-3.4322289672964073,0.1571965371229129,-0.022372630508536738,0.9737655441569565,0.21625355421522602,-0.06719025752382403,0.11051861138779559,0.3331163595176554,-0.411312031143211,-0.1737626298521031,0.5483611273669777,-1.0683317533190626,-0.2943629050166766,-0.054346185253655505,0.93574896918457,0.046667722263746776,-0.9158681439651142,0.7613120324652194,-2.69240818444892,-2.8623939658661555,-1.8300430590611536,-4.643960543824015,-8.812629312426058,-9.576367188669332,-9.467568378577349,4.199845667405624,-2.731438032576695,9.702807076962605,-5.974979803663103,-18.53586015345827,0.0,0.0,0.0,0.0,0.0,0.0,0.0,0.0,0.0,0.0,0.0,0.0
887,17.740000000000002,8.230041530292775,-3.4318308959558976,0.15719201230180396,-0.02093893141816537,0.9738422346637423,0.216214756335079,-0.06666365035877482,0.03368685115325917,0.2927120677895449,-0.3581320060851057,-0.2299884714648225,0.4087204166383432,-1.3116862784094334,-0.45803653473022743,-0.04732668025647282,0.9250906590262711,0.18828256962470014,-0.9424775062236712,0.4143121529357634,-4.404060742191811,-1.3865012593850206,3.837511372901074,-1.8797379698763654,-5.983666134081272,-10.13519117733285,-7.186435911026351,-1.890382955514812,0.5551971220666131,5.458566238993839,0.9834632524766171,-11.912071659277544,0.0,0.0,0.0,0.0,0.0,0.0,0.0,0.0,0.0,0.0,0.0,0.0
888,17.76,8.229354385356098,-3.430031312244386,0.15669547375594833,-0.014848738466448855,0.9740890516641699,0.21600817434462777,-0.06534908576448727,-0.06784531886786666,0.3016438292577529,-0.31857674714051953,-0.24181082190070344,0.32727031445310195,-1.3835564566516567,-0.5684427729082498,-0.1495788088968805,1.02679891656964,0.2332158743554856,-0.8600947339980282,0.47483517041201073,-5.316799634284839,1.5196064598369485,0.7932660911155093,0.2766738090027451,-2.802613131079649,0.11272418270474738,-4.327627263694371,-6.77961845180733,5.5513140085165045,0.4717328100978435,6.205625672672153,8.576509631702157,0.0,0.0,0.0,0.0,0.0,0.0,0.0,0.0,0.0,0.0,0.0,0.0
889,17.78,8.22878405320597,-3.426787402407814,0.1559319473257333,-0.0038974314376772853,0.9744691134634805,0.2150916127301702,-0.06426783851213168,-0.1992620044554883,0.39435171965297905,-0.42538859902682613,-0.23330536777433025,0.3053817040792025,-1.1373817043794208,-0.6341920143083344,-0.32662566274479754,1.2950417557323972,0.20003787664981904,-0.6860548301455187,0.7602649064392633,-7.096044457061664,6.106331764857173,-6.09081432417915,0.8144371739138889,0.04773985519779933,14.301649069792413,-2.3736663611093283,-9.720814077007452,13.041291316460649,-2.534662345465702,10.38865892603252,12.896591291351932,0.0,0.0,0.0,0.0,0.0,0.0,0.0,0.0,0.0,0.0,0.0,0.0
890,17.8,8.227723523815703,-3.4206953953633286,0.15473952539989316,0.020868116408815623,0.9749600834638295,0.21313994151772353,-0.059905948782842486,-0.34406015903934467,0.5483903105940373,-0.683578601910506,-0.17499942018526926,0.32422888274594824,-0.9111968975032315,-0.6234820419236498,-0.544749973632144,1.5181476110874188,0.18373124383939018,-0.4671237386478163,0.8954205893699302,-7.579591401449804,8.066540396376762,-11.454986603040428,3.9315626275573665,1.7414290202157874,7.154246927638143,2.2147582087442386,-11.23719465166153,7.368833397062442,-0.07439167268633479,11.096054659935843,2.832558443571901,0.0,0.0,0.0,0.0,0.0,0.0,0.0,0.0,0.0,0.0,0.0,0.0
891,17.82,8.223874187812738,-3.4131656881329757,0.15634894685080872,0.04877659094915636,0.974872687024648,0.21091189019099799,-0.05253820366915895,-0.5012465691768911,0.701206679747455,-0.9165994014591459,-0.10895149051029059,0.37391040102322837,-0.9872321976956995,-0.5454574944607408,-0.787728665636583,1.4413250031313223,0.1775953687423381,-0.26294653720801237,0.7644005081506203,-7.659460186318085,7.111393858535349,-8.136516420612306,3.103183431194432,2.9405130553686996,-7.232725286074562,5.166136499410903,-12.2172465760181,-7.980724239375282,-0.13610798341472047,9.587322960719332,-8.705463794603046,0.0,0.0,0.0,0.0,0.0,0.0,0.0,0.0,0.0,0.0,0.0,0.0
892,17.84,8.219918390575998,-3.4048032659850267,0.15996346396451397,0.07447527767823531,0.9741619805491736,0.20829591676626263,-0.04554865229360695,-0.6496645397602103,0.8487517209874957,-1.147764362966138,-0.10190883387437352,0.45779893006886174,-1.095061020055893,-0.3814818306699831,-0.9842783068719146,1.3341032116088793,0.14292998679060162,-0.02736221580155619,0.2506488757168229,-6.997856242841337,7.001353253201109,-9.467651635808023,-1.5546982768513886,4.838475972650236,-2.955244170181531,10.178488027240334,-8.054137036512827,-3.1419623753698405,-2.3292235138542847,12.248578299575843,-25.68993307330622,0.0,0.0,0.0,0.0,0.0,0.0,0.0,0.0,0.0,0.0,0.0,0.0
893,17.86,8.213291062278078,-3.396250136095529,0.16533427903627704,0.09970284369870933,0.9729911138697357,0.20528119439711495,-0.034745740973765586,-0.6774418975700678,0.9481701245846933,-1.3997437410456113,-0.1239077616680776,0.5178420978447346,-0.8220371033420567,-0.036794863042007867,-1.0403510368707074,0.9866678948212048,0.1292795415795166,0.18005638076801486,0.03597370608095428,1.960521980040487,3.1714258400326885,-10.354560356107147,-0.988841747214556,2.077214877118865,17.05370888822871,19.197403057787312,-0.0007247678344421971,-18.825905907416125,-0.6512414207106317,8.951565277659952,-0.9073822026121787,0.0,0.0,0.0,0.0,0.0,0.0,0.0,0.0,0.0,0.0,0.0,0.0
894,17.88,8.20532778698056,-3.3894143052991392,0.1704115365228836,0.1251109966020134,0.9715071380640152,0.20040020769814784,-0.018996735889539006,-0.49383724805401596,0.9091534338261738,-1.2820253849027248,-0.0952176903730735,0.5402190078791829,-0.20001686388111145,0.2971766424844382,-0.9801904453058146,0.6230337706970774,0.17225753216004608,0.316011386943103,0.06402866090510384,12.004919194822715,-4.018635537693891,10.866203250744888,2.707756615150281,1.3839919589918954,28.81210429674286,14.005088035337351,3.7803014311929766,-11.361123190737032,2.931317697284303,5.990646773610035,2.2422130686364112,0.0,0.0,0.0,0.0,0.0,0.0,0.0,0.0,0.0,0.0,0.0,0.0
895,17.900000000000002,8.198816400441121,-3.379040952933162,0.17621465254967855,0.1588412641186715,0.9674970409683501,0.19666038702850225,-0.0066045972222797365,-0.13206660976056553,0.7005286709162302,-0.5363929614147105,0.05430005355065231,0.5702647139765209,0.1580124380100259,0.5262916664004119,-0.8790520605425975,0.7408833870888293,0.27693745967814937,0.4045210612192487,-0.1181096427280349,18.901676645898274,-13.111464669955312,38.53693399720369,10.129945331423,1.8778265659371116,8.064792897453554,9.857266743218904,6.113192409655719,11.657590736063664,6.499469803017669,2.8157313819453043,-11.07931199890337,0.0,0.0,0.0,0.0,0.0,0.0,0.0,0.0,0.0,0.0,0.0,0.0
896,17.92,8.191649721029352,-3.368401143653376,0.18258729335512108,0.18003331622756719,0.9630913339190358,0.200024232155545,0.005778765330185298,0.16092812089048053,0.4027554879436129,0.03672838848338113,0.267983825119248,0.5835940964158947,0.046281563667095474,0.554657194534025,-0.7393949450020513,0.9437066050367952,0.33394060824058125,0.31895653780325806,0.2863843205540276,12.60693596836442,-14.667565901907901,15.324884201722908,11.569543485023164,-0.48547717063395024,-9.394076699637319,-0.9313762686506566,8.031895985181555,5.795144179431385,1.5411537386047063,-7.070460946782971,26.748497042561418,0.0,0.0,0.0,0.0,0.0,0.0,0.0,0.0,0.0,0.0,0.0,0.0
897,17.94,8.183165606286183,-3.3585926299861617,0.19025602922641235,0.1913870184075894,0.9592473171429462,0.2069320074008882,0.019868015808108472,0.3284311928940254,0.18207690738073457,-0.2364690302347357,0.4848220132097258,0.50669819025445,-0.14548592111649633,0.5289460368123076,-0.5544124894109745,0.995830788757294,0.36991257442924275,0.10587013282561014,1.0141402633494376,6.282763144934119,-9.72085231528705,-21.770494567950745,10.240171687231987,-6.031433888085896,-6.798061526617474,-1.2365991074391915,9.89875488604636,0.5414472377485284,1.797823241256333,-11.733745213710089,29.788312121578265,0.0,0.0,0.0,0.0,0.0,0.0,0.0,0.0,0.0,0.0,0.0,0.0
898,17.96,8.175868739752111,-3.3498927322591845,0.1974786159618634,0.196746978989916,0.9561280755464746,0.21471437312277053,0.031740626720839805,0.3957492761482649,0.03901948475213861,-0.9665195676457156,0.6480324090843115,0.38043124076198853,-0.298898371016903,0.5110140850915289,-0.2847491835701472,0.8588285794196748,0.4312269906384446,-0.15282629165776912,1.1113001845022081,1.9587678416804637,-6.7607900011224045,-32.271532978153125,6.9406308992890535,-6.438177867631447,-5.920609850453411,-0.7065471661431617,15.480512442189944,-8.572982271259958,4.023047477757325,-13.64272031549484,-7.423606452575923,0.0,0.0,0.0,0.0,0.0,0.0,0.0,0.0,0.0,0.0,0.0,0.0
899,17.98,8.172659431593031,-3.341443562471741,0.20232096521736237,0.18803133431463273,0.9565570078145267,0.2200766102055113,0.03477346340572823,0.3982492562214767,-0.08919522332471391,-0.7312633854777723,0.7295841424932771,0.32883532036452073,-0.8716618090671335,0.4502091425708816,0.03665654129719194,0.5080141699871384,0.5171813420648166,-0.35688779301569784,0.37015276470053715,-1.3032066553667567,-5.218340352744264,27.468753218737866,2.0911195059327374,-1.5048607815897765,-29.547645408849903,-4.294808807891999,15.79202457256495,-16.102370720453067,4.835842916861363,-8.271846442046456,-41.48102078447916,0.0,0.0,0.0,0.0,0.0,0.0,0.0,0.0,0.0,0.0,0.0,0.0
900,18.0,8.172645916103807,-3.3400813737817057,0.20564992145448135,0.1302171205420178,0.9657324927727305,0.2237759222778435,0.018127066210885168,0.21629421219438782,-0.17550375384345465,-0.13155619196623536,0.624758001329869,0.2814318934054419,-1.344633556870209,0.1712465552564489,0.2537252017539875,0.7302049929856176,0.520160924607917,-0.5128954282801083,-0.04184599107205039,-12.682648834306901,-3.0129124598023065,22.472176894982027,-9.062100397390857,-3.0156778427365976,-14.910396149411046,-18.187562352516178,8.485392318353924,19.31213019267554,-1.8717908923957614,-7.947061259833068,-5.851786839248357,0.0,0.0,0.0,0.0,0.0,0.0,0.0,0.0,0.0,0.0,0.0,0.0
901,18.02,8.174776862559762,-3.344039034064541,0.20583276010767085,0.04246258310307604,0.9720779216815963,0.23051683210165005,-0.011110055500389793,-0.04035916652446328,-0.13172650807200167,-0.07820280726748376,0.39865192208006495,0.20555671541810028,-0.8064871843539311,-0.28981493904486527,0.37144510377290874,1.10573150843704,0.4564780163438194,-0.7216684687046317,0.6235285592732114,-11.760406050595066,4.944848460313384,-6.477978295289369,-11.136431499009063,-3.8131327897374345,38.44371986340081,-24.480158018907673,4.300422050676545,13.075461514780233,-3.271594487669846,-9.877824903549595,41.08667684238952,0.0,0.0,0.0,0.0,0.0,0.0,0.0,0.0,0.0,0.0,0.0,0.0
902,18.04,8.179005640221392,-3.3458918068452665,0.20274913075183676,-0.03655495331962332,0.9710090559202451,0.23289150071057696,-0.03958153111552551,-0.22588991843719397,0.026802611104263623,-0.23138861301202102,0.18257568496208487,0.17244505631288928,-0.7282319294211758,-0.686197127876862,0.37790842989639223,1.5948189603510476,0.3660517706281049,-0.8164715381039768,1.0680605558569,-7.062931602561975,9.398933000619055,-5.7994849254479295,-10.020582238599093,-0.5190499602419187,-12.20478312347381,-15.721907243831772,-1.6628908116183347,22.927405527896155,-5.261385410538645,-1.3946052448014785,8.185173957278767,0.0,0.0,0.0,0.0,0.0,0.0,0.0,0.0,0.0,0.0,0.0,0.0
903,18.06,8.184730163066233,-3.341574942861365,0.19446320848960957,-0.08794382487992011,0.9687385697805486,0.22508565966091149,-0.05610626435647413,-0.3326521277330952,0.26498566213610003,-0.35776099645453613,0.021103757583790135,0.23613100198724335,-1.4040187129215365,-0.801860037433718,0.25700800003263363,1.643596887263028,0.23761881423759995,-0.7491681405434051,0.9376658845798901,-4.06286963101068,13.063223663763745,-4.168703460355541,-6.998913403437809,4.250208599197805,-33.32045675595064,-0.2899045608248678,-8.507489259300863,-7.157383244956199,-6.265466941792972,5.61951046818116,-10.694774606222776,0.0,0.0,0.0,0.0,0.0,0.0,0.0,0.0,0.0,0.0,0.0,0.0
904,18.080000000000002,8.18936627445907,-3.332864676520379,0.18282927139173094,-0.10854934922114629,0.9708767271918716,0.2052534763545603,-0.059045997537788684,-0.4067506094643339,0.5426115308738562,-0.8717497405246588,-0.10608372253799316,0.36727235293882776,-1.805943975872801,-0.6818488541396416,0.004123914638375983,1.516297859057591,0.17928397853992625,-0.5929061284352951,0.7324391208762323,-3.070123683670678,13.207591373095948,-26.954192663760633,-5.720020790168245,7.9880088861492275,-9.003095226029899,9.18043660010007,-15.092699208809123,-4.446010534069961,-0.5537616492213346,8.58842122138994,-6.8932673697276865,0.0,0.0,0.0,0.0,0.0,0.0,0.0,0.0,0.0,0.0,0.0,0.0
905,18.1,8.191479506026116,-3.3222256504286714,0.17318905098774978,-0.08901980981059676,0.9783117745248378,0.17802279306228408,-0.05735355645162809,-0.4436475177825264,0.8323018219846652,-1.459085152483794,-0.17881279009713252,0.5599584384324136,-1.4962079535707375,-0.4175116074964607,-0.3670676290225562,1.480515886432364,0.2636270418591323,-0.41122303576793695,0.868494442099073,-0.23440939548154882,15.08796178443432,-22.552229005710476,-1.217428925491046,10.317235930223752,22.74900654682531,15.606536613624666,-20.36747141189243,-0.2553455826799731,7.075867879202845,9.716352755996509,11.047583536879614,0.0,0.0,0.0,0.0,0.0,0.0,0.0,0.0,0.0,0.0,0.0,0.0
906,18.12,8.19347593896497,-3.3136035820110816,0.16422209618694958,-0.039878368543132654,0.9852475203369638,0.15374976953246677,-0.06370280810854533,-0.48645128262494247,1.066944622271727,-1.428588523847227,-0.1741856957184362,0.7210262221129428,-0.7949921418676001,-0.11326174406910493,-0.7853774033724423,1.1660445094719036,0.3977491487625292,-0.18189436319308583,0.5973365402708711,-4.08528041301079,9.476905087855554,11.836061749162445,0.7663778692061014,6.9508387075734355,31.11411314389065,13.739486867692376,-20.71308593368703,-19.110574300508727,5.902363518397009,11.636979356471603,-20.057873394826913,0.0,0.0,0.0,0.0,0.0,0.0,0.0,0.0,0.0,0.0,0.0,0.0
907,18.14,8.194234054789337,-3.3065934777340806,0.15464248030561062,0.004670458466989548,0.9873442631619168,0.14210850264435387,-0.0702471799799667,-0.492675521101299,1.1572287234371612,-1.221690462282186,-0.09774080038942055,0.8446355597222923,-0.602049159782703,0.0919168320404408,-1.16224756242683,0.861638424018838,0.5163896653704516,0.015305783897542974,0.2637113953372409,1.3807085284070073,1.4819317781733288,5.700993112266578,3.2001909443658385,5.53461209095129,-3.815857427655594,5.928016540454371,-18.41083018326946,-9.720948151795252,4.372215888559756,6.836073161915735,-9.966670504691743,0.0,0.0,0.0,0.0,0.0,0.0,0.0,0.0,0.0,0.0,0.0,0.0
908,18.16,8.192111954667592,-3.3044267819006534,0.15171082900294328,0.017829519433258802,0.9877411937401638,0.14171782061278126,-0.06297222996128558,-0.36581960629527427,1.1203942984638622,-1.3145315165691946,-0.13100802105416012,0.9541321210522931,-0.9649461236642329,0.18618278077134406,-1.473545413131013,1.1723918692211328,0.5255981015721949,0.07448112878198962,0.41038091979660174,8.91310944638806,-3.442920030095986,-7.808393349973413,-4.718600285790208,4.9326532439224735,-18.352761403616437,7.136351913879461,-12.549412743374088,22.436258150179928,-1.5598958049709766,1.884528169697542,12.716377511437736,0.0,0.0,0.0,0.0,0.0,0.0,0.0,0.0,0.0,0.0,0.0,0.0
909,18.18,8.190999102406893,-3.302610837323394,0.15353494944333645,0.023168795398534545,0.9878862800246084,0.14144010848187666,-0.059486135960870115,-0.07875751793175167,0.9502470206559884,-1.3950919046480053,-0.19083710416619126,1.0509661706520639,-1.025494347214197,0.5744559826843911,-1.5442499461881065,1.5706686484199446,0.49376393874485724,0.051149078808756535,0.9393379304595882,14.723347408844244,-10.897102757812092,-1.8206213377818155,-2.424009849801302,4.785624475171323,4.354204687613636,15.268143003853007,-2.6579029807567847,19.463090729700376,-2.8776316845312992,-2.0958905105987267,24.649262746082186,0.0,0.0,0.0,0.0,0.0,0.0,0.0,0.0,0.0,0.0,0.0,0.0
910,18.2,8.190461202657872,-3.3023565926656575,0.15558687794639797,0.02165510279635173,0.9876359727510646,0.14400987485811026,-0.05802928393739818,0.13496542424209723,0.7424037390864324,-1.338518636990539,-0.20493686716909207,1.1252769578029356,-0.7829332076527347,0.6076673498575067,-1.5845297851203368,1.6491901837666654,0.41539829655929944,-0.049009613822923244,1.2797539350788716,8.832215832310716,-9.730066534237524,3.7344954697486905,1.4871183887107393,3.5118695941908187,12.107370033331417,-2.4467648158091873,0.3126685141044132,-4.811432448779315,-3.899319955892784,-6.7095985943948335,8.993010655669835,0.0,0.0,0.0,0.0,0.0,0.0,0.0,0.0,0.0,0.0,0.0,0.0
911,18.22,8.190608742356236,-3.3009583432394964,0.1550813814106739,0.017508579856354838,0.9868197483625436,0.14919022386668715,-0.06018729912288675,0.22731194095203275,0.5707317750331935,-1.1457633674495393,-0.05057628416557274,1.2037166568825204,-0.6514890914628833,0.4647435000505025,-1.5330368314042917,1.472075463816723,0.30724498478946743,-0.2130115510054387,1.301894017847811,1.8319701331045788,-7.555415754215874,9.427765188016858,10.853564114411942,3.9563045653764886,2.9445954157745677,-9.865107254352468,3.8653508889746986,-8.766164717607397,-6.437411868853926,-8.986119826486311,-2.697173913191124,0.0,0.0,0.0,0.0,0.0,0.0,0.0,0.0,0.0,0.0,0.0,0.0
912,18.240000000000002,8.191955032561623,-3.3051449383627913,0.15497278435321118,7.948784470848983e-05,0.9862771846164297,0.1525957078601467,-0.06302268424490323,0.18022725860640765,0.4450509311388896,-1.2821351928902662,0.17085384333514525,1.2534930629665548,-0.8481819189295206,0.2591102580473653,-1.386966107226747,1.0968228898778627,0.16977467957459552,-0.45195930200069057,1.4530086833829665,-4.105399655451119,-5.783665776060591,-11.780034624767222,10.306857542825826,0.6728929199192883,-12.046505063035411,-10.26521003789142,9.21044684662901,-18.687951155811483,-6.8404961658289105,-13.281265270443987,9.837624355539043,0.0,0.0,0.0,0.0,0.0,0.0,0.0,0.0,0.0,0.0,0.0,0.0
913,18.26,8.193217767837499,-3.3104009071294747,0.15630169051911563,-0.017991007546885006,0.9858883436190917,0.15349671802031709,-0.06433704314345562,0.10127009761987386,0.3050097834116808,-1.0612721999114696,0.2645942194194211,1.163379606019716,-1.1991064143911834,0.1671656677616552,-1.1268577424361632,1.1400583747382746,0.07504410123859212,-0.7088817765884629,1.3167603461127684,-3.907057883682826,-7.242797706010846,18.139085227167964,1.3377756656456494,-7.913954181864218,-15.264155133714262,-2.091709577895612,14.844588752948617,11.112980387883912,-2.9401775445764597,-12.449394822715892,-12.271017617090031,0.0,0.0,0.0,0.0,0.0,0.0,0.0,0.0,0.0,0.0,0.0,0.0
914,18.28,8.19493943258388,-3.316833905248612,0.15832851458925784,-0.038825058880747214,0.9849353945266395,0.15487656834817953,-0.06639376467900443,-0.0018862867670510451,0.2093806288211109,-0.5836333616804694,0.17375873209384446,0.9082182679565957,-1.2286483384766052,0.028198444481676202,-0.8062003199559178,1.087964655635956,0.014591342975861699,-0.9042195720301407,0.9714597962736178,-5.999273037557659,-2.94582799666511,19.73687174958681,-6.006523715269262,-14.454286863074989,3.9423693719590003,-9.087375364885666,16.61175247066774,-8.397252393089586,-2.620748750848124,-8.297289071562393,-14.935262194970065,0.0,0.0,0.0,0.0,0.0,0.0,0.0,0.0,0.0,0.0,0.0,0.0
915,18.3,8.19726371023127,-3.3242805358610337,0.16098700117235237,-0.060098174629204464,0.9833260562955196,0.15693450261709785,-0.06949559917622515,-0.12450825376367566,0.19153648774372123,-0.35377476523999035,0.08263168541057887,0.6212766850931593,-1.0639763893274532,-0.14987002588126358,-0.47309492132338465,0.5779297777846192,-0.015812125510621434,-1.01459519273872,0.6744889035895687,-5.691381010184029,0.6448731610679095,4.584635443973073,-2.9157911809491877,-13.858783351927569,7.732809120060711,-8.809863581202126,15.82860373423768,-25.5304878367508,-0.21702156512916426,-4.070118337648698,-10.9288650221045,0.0,0.0,0.0,0.0,0.0,0.0,0.0,0.0,0.0,0.0,0.0,0.0
916,18.32,8.20135746691158,-3.3307358167788776,0.16417821567476432,-0.06050671839564461,0.9821933004772699,0.1623594161019041,-0.0726269752199986,-0.18927394525915095,0.23642776253873185,-0.3048526095249552,0.09771949763959874,0.3933307785232464,-1.0470091859245354,-0.3018372431995796,-0.22161267465494386,0.45827174263910714,-0.040675607904175744,-1.013742884911513,0.3495999098572533,-1.856195272526946,3.0803491098423916,0.9725426271720435,2.6021806686511026,-9.853006956561245,-2.484589016291156,-6.718688751492836,10.523482974094417,4.49224696761263,-1.3598454248828178,1.8840832988944995,-13.776590840892805,0.0,0.0,0.0,0.0,0.0,0.0,0.0,0.0,0.0,0.0,0.0,0.0
917,18.34,8.207361767929616,-3.3366711734608763,0.16883213849113954,-0.05630925142707037,0.9811801414275522,0.1675287030728313,-0.07777487974061156,-0.23739664510108405,0.35153033001199735,-0.2591942732759134,0.14233024148078893,0.25955436636985574,-1.2546753511539763,-0.44830024153371967,-0.04681990575199974,0.5862917558858391,-0.14435952685476303,-0.9406839956737723,0.5928840490091427,-2.497484755359053,7.227837290610071,2.3959146655009227,2.0302618471135556,-5.025542102626712,-10.944687470250724,-7.171559712371608,7.6416568806997915,5.507573083017251,-7.0121382507903025,5.625746361988885,19.415010833560228,0.0,0.0,0.0,0.0,0.0,0.0,0.0,0.0,0.0,0.0,0.0,0.0
918,18.36,8.213777717555796,-3.3435930363223463,0.1738817293365434,-0.058012619208501495,0.980246494126944,0.1699287657679515,-0.08291900463093532,-0.31673165166622275,0.5254430265925732,-0.35777117822428334,0.11588196001461434,0.17625596109162706,-1.1236204695797505,-0.6046812111977946,0.0480171444050209,0.8856309867827056,-0.3184234854650925,-0.7826075055506392,0.961030246133463,-4.394827665207009,9.147384163449981,-6.430227084098846,-2.768832115751012,-3.480073542109598,12.212715720254796,-7.605417450986257,3.3015431373235806,14.6921631114899,-9.049599184426523,9.376749833761266,13.040101104719636,0.0,0.0,0.0,0.0,0.0,0.0,0.0,0.0,0.0,0.0,0.0,0.0
919,18.38,8.219724817085906,-3.348827984911213,0.17740734485971593,-0.05195555234708539,0.9808379672235922,0.16930990443052718,-0.08118903186223063,-0.40207269326881556,0.7354668336877261,-0.5422267563477622,0.06700890956991,0.13046587583124652,-0.8672752990908033,-0.6915736361148663,0.07104865119574771,1.0715398264480185,-0.45292017740456664,-0.5534422223398686,0.9561011080124152,-4.230857213135047,10.826961261646295,-7.25314962291292,-2.2332879884112002,-1.1921516912640888,9.587647727808074,-2.0815037527155478,-0.03244655578147981,4.613840152170692,-4.85384921040624,12.275974130329546,-5.383301286684233,0.0,0.0,0.0,0.0,0.0,0.0,0.0,0.0,0.0,0.0,0.0,0.0
920,18.400000000000002,8.224705960988558,-3.351953853913169,0.17744655670090756,-0.03633360138231522,0.983663811717184,0.16105018737233723,-0.07175104233351735,-0.4899508410709291,0.9325335066650705,-0.7870607075310126,0.016953492101426118,0.14739007328242906,-0.825630968592411,-0.6732201427950953,0.013061164507524686,0.8762993479749221,-0.4961239821073649,-0.3030001867483101,0.7371646126788359,-3.970239027289155,8.594634465152746,-10.51043749578265,-2.6202153125233165,2.009919614452867,-1.5844590986153473,2.4564498054097674,-4.702639793492916,-13.323102580800146,-0.4336164181894384,12.132864192765165,-9.969594008785073,0.0,0.0,0.0,0.0,0.0,0.0,0.0,0.0,0.0,0.0,0.0,0.0
921,18.42,8.22630584956827,-3.3538113655725224,0.1741523629952612,-0.015922287195300373,0.9881896121781809,0.1417500516645308,-0.05598833813134536,-0.5486793347718333,1.0449471130344508,-0.9114304969930227,-0.071746316981878,0.22516339678067554,-0.8943654654483946,-0.578087714081142,-0.1740513645648743,0.871436021115507,-0.44766889380733,-0.04980753461763518,0.3920370216920021,-1.795905043218518,3.5720884204025056,-2.51150419131088,-5.4216239016605146,4.910799560481577,-3.085668353111993,5.713451563577965,-11.837589499176945,5.258863000466631,4.125676516815652,12.2792579841396,-15.294314459128925,0.0,0.0,0.0,0.0,0.0,0.0,0.0,0.0,0.0,0.0,0.0,0.0
922,18.44,8.223561721387348,-3.350983749977028,0.1685524571922404,0.0315755475378234,0.9923055607906999,0.11460652885969919,-0.03461217075353855,-0.44393349289229017,1.0494470718741011,-0.8866887845169523,-0.13206152076551922,0.3285279700799614,-0.8413808251846331,-0.3660099044264762,-0.4454817951732237,0.8072343790549603,-0.2217364523065091,0.16138498860317432,0.24927679137152597,7.963540235697054,-0.9739946131545413,2.379031054360653,-2.210016288809226,5.89862422845486,4.494362061152051,12.345022674719907,-13.990158972968022,-5.361102722639578,13.393202326374237,9.703176542282582,-1.2528635246846243,0.0,0.0,0.0,0.0,0.0,0.0,0.0,0.0,0.0,0.0,0.0,0.0
923,18.46,8.222537907606355,-3.346615716704964,0.1695925136931456,0.0905266142834421,0.9915457201502332,0.08739377671570842,-0.03169139866742047,-0.29503631323741614,0.9913526120690155,-0.815191026967035,-0.166527752602425,0.4483315186782168,-0.3797399930070482,-0.13249424120948317,-0.7196521925731979,0.9061017479102276,0.044135128573187965,0.35671933505494463,-0.010083463329183057,6.636373582773688,-4.062627619714298,2.8194052780164913,-1.2417781391801521,5.949664618983021,24.738663121947816,11.111707461842245,-13.242004849433133,7.069151135847844,13.242749672978666,8.626420578515917,-14.041207446090336,0.0,0.0,0.0,0.0,0.0,0.0,0.0,0.0,0.0,0.0,0.0,0.0
924,18.48,8.220590311873751,-3.3423172846341433,0.17275762800708436,0.12905040974856544,0.9882974362579877,0.07382184877998227,-0.03412482779914778,-0.17611205309754135,0.8464786091562051,-0.8095402099213834,-0.1396897511402461,0.5065270397606301,-0.0034629154899401896,0.0448639183535045,-0.8864832148058651,0.7394436772359015,0.24177359753099575,0.40492236722466246,0.1227495641608507,4.6009425745700465,-9.170054575950884,-1.0785177802177557,2.2421983738839617,1.39357661917676,10.898676134875291,6.658052212589141,-5.705255225519612,-12.535327166488159,7.0468740655964615,-0.8902381293923567,13.18580032322883,0.0,0.0,0.0,0.0,0.0,0.0,0.0,0.0,0.0,0.0,0.0,0.0
925,18.5,8.215260662374863,-3.340009714782961,0.1761337309218314,0.15730883844656046,0.9847302129777922,0.06813180861161101,-0.03030501032200648,-0.02237252231945016,0.5860518312385585,-0.45588632847290056,-0.044003093986703525,0.5423029685197699,-0.064309644789423,0.17341369707740087,-0.9618865010317897,0.8295060665784162,0.38418101571967267,0.30720265433234917,0.2990083139254574,8.573754517522913,-14.227667975498623,20.393125799762558,6.40251181823016,1.8320082847566928,-8.183040813281794,6.705671470534808,-2.2749668333773805,10.597874434169452,7.326466438679528,-7.244236678429055,4.131303684514134,0.0,0.0,0.0,0.0,0.0,0.0,0.0,0.0,0.0,0.0,0.0,0.0
926,18.52,8.210475211143464,-3.335996801217658,0.17941360809029075,0.18178155596280093,0.9808969273992056,0.06465965827439321,-0.024815566130552476,0.08581978738749152,0.34188248642940755,-0.48762251379927457,0.11279098928618807,0.5799503154927015,-0.3563045509734493,0.31935524223002476,-0.9281025311525337,0.9916569301327378,0.5042327082664795,0.06569459725787032,0.9918782264526786,3.815647962873637,-11.373901554452342,-10.632668863635915,8.491317781349855,1.0415447394446438,-12.797187205040384,7.112535152593793,4.071184865937005,5.048607315301123,4.963045590792559,-13.663147295455877,36.761896098067396,0.0,0.0,0.0,0.0,0.0,0.0,0.0,0.0,0.0,0.0,0.0,0.0
927,18.54,8.20755005232437,-3.330813013116389,0.18167164135177505,0.19842543366755344,0.9777974980285155,0.06410225482450685,-0.02074369902965669,0.11929772090474977,0.1605291182881162,-1.0152718085034846,0.28289494462932085,0.5937956067428677,-0.6041157508256187,0.49029302387599216,-0.7669934746556729,1.203617281789322,0.6163108821787028,-0.24971509042862094,1.6132393147711097,0.43890882157128763,-8.52801242904873,-25.52695516131061,8.000431296762963,0.12281618353877422,-8.48709953004452,8.579635965648931,10.669015431049923,10.293337767321704,5.581391163975951,-16.67624189026784,20.12666191339961,0.0,0.0,0.0,0.0,0.0,0.0,0.0,0.0,0.0,0.0,0.0,0.0
928,18.56,8.20878941607847,-3.3278192181133432,0.18038307272570644,0.19163825106325044,0.9788148122670541,0.06839107951416769,-0.022781664972469667,0.0837241122675595,0.04063273868955369,-1.1151666883890232,0.40696791619389655,0.6257959272337401,-0.7988157285703897,0.5233790855605527,-0.47861194957494985,1.1202333577128345,0.7193937030180857,-0.5760176435231296,1.4871160863756305,-2.1059148384138653,-3.7879069169987694,4.879630625276658,5.842306265627694,2.234433037550676,-7.142956168350122,-0.30763377303142736,16.604991926209003,-10.02756586418674,5.86660229376042,-15.690033133919597,-16.450673808829915,0.0,0.0,0.0,0.0,0.0,0.0,0.0,0.0,0.0,0.0,0.0,0.0
929,18.580000000000002,8.215312279576015,-3.3285203963562857,0.17513094192532747,0.15680204195206154,0.9839031896834931,0.07987018089728495,-0.031118919867946696,0.02201503234802738,0.02571970658116772,-0.7122312719820008,0.46342712184228785,0.6648319387587484,-1.14763198529008,0.35818073448954696,-0.14803315776814507,0.8076028237605914,0.7556381790896861,-0.7876609260069363,0.6700045326812258,-3.5368213360614673,1.4022464005749686,21.33500491205724,0.9364883849402239,1.1894855062956964,-16.907012056993505,-12.537469042728643,16.110906513828258,-13.835463211971408,-0.03917422651187086,-7.606431586614961,-41.53754667995063,0.0,0.0,0.0,0.0,0.0,0.0,0.0,0.0,0.0,0.0,0.0,0.0
930,18.6,8.222740852946803,-3.3336530669869084,0.1672310291474834,0.10694185962556775,0.9884891974179847,0.09701674964392358,-0.045169630685924736,-0.039740844610243554,0.07106413492483414,-0.3805189857878397,0.4329003805875798,0.6238438855041519,-1.1760039019533746,0.038505191113046316,0.09303391532590066,0.8020894752047936,0.7374206194666619,-0.8991233544769869,0.2790145084306718,-2.4747600226513367,2.988654871163548,9.777717815932427,-2.453363038521338,-3.7464314948991166,5.465818166750969,-17.20830726567565,9.477178058707583,5.6891562554419055,-1.2529001157146404,-4.808239447148316,-4.5877377153766865,0.0,0.0,0.0,0.0,0.0,0.0,0.0,0.0,0.0,0.0,0.0,0.0
931,18.62,8.228967881781672,-3.3441388142443165,0.15845481105482764,0.05633298582119746,0.990272751992662,0.11279283722021989,-0.05885785623994554,-0.05981243776191947,0.1367739018067779,-0.08431988048563803,0.32594096095747654,0.5170608940831459,-0.6169517743087968,-0.3592171764390406,0.20354024032546364,0.8610537898303303,0.6281026260739061,-0.9596982196482399,0.5912077569796839,-0.38919685754971634,2.66542397102933,12.257580331551635,-6.776991594490108,-5.832811857075871,29.22588962870831,-19.978952952623146,1.5897629290845936,1.2918794681641932,-7.822538190806379,-1.4233904541460458,18.901477433910273,0.0,0.0,0.0,0.0,0.0,0.0,0.0,0.0,0.0,0.0,0.0,0.0
932,18.64,8.23217397988424,-3.359734325477259,0.15314854133565306,0.00523615119590688,0.9911708599027858,0.11665855668944947,-0.06279880851863988,-0.07537404569147906,0.1989563179876643,-0.12939119200844196,0.16130209941968238,0.4085589433974764,-0.39819005924713624,-0.7163128553541297,0.11998667062071597,1.1940092409208127,0.37374879077392664,-0.9223532803077018,0.9471456396139569,0.0926095576664735,3.226748515251826,-7.844415311052645,-8.271658918442936,-4.84590514104849,-0.5119641118649367,-15.686516622602202,-6.723936629185674,18.905981625708446,-14.692361142716173,3.842991989526398,13.08462210581612,0.0,0.0,0.0,0.0,0.0,0.0,0.0,0.0,0.0,0.0,0.0,0.0
933,18.66,8.23271024047017,-3.3677056896110407,0.15532395034757596,-0.01704712118828977,0.9911582905154014,0.11591644448117464,-0.06227372399834698,-0.021613922492789723,0.30445559928013566,-0.4727426376588444,0.07261736590452857,0.39324779674170784,-0.9982003626018112,-0.8307446779996083,-0.050644916332885224,1.3751182147963086,0.13881566251472405,-0.786239245627068,0.9900482139012082,4.263771931542461,5.781006514234178,-15.717437871967835,-2.499742693907331,0.23960294406287308,-33.406733369864384,0.18016976164483234,-9.303361494670193,2.29906561559428,-9.178730520535236,8.278670599173408,-2.7674373351469623,0.0,0.0,0.0,0.0,0.0,0.0,0.0,0.0,0.0,0.0,0.0,0.0
934,18.68,8.232242986973347,-3.3679736520096153,0.15732663657600873,-0.004014745893284595,0.9924848144132935,0.10758598866996551,-0.058163820510083716,0.09568431065986538,0.42077355818316853,-0.8262362697794052,0.04910078163953888,0.42489934786488054,-1.4978141173574282,-0.7201261127240725,-0.27646536236149793,1.440284732735883,0.06132236357123322,-0.5884808210216808,0.9435337936652595,6.685258220012486,5.38074544880243,-13.421763959406913,-0.7337932739959326,2.445068476572395,-14.552975389655852,8.479335386961841,-12.108178825669082,2.541582176262507,-0.8242996378302807,10.72205621080018,-1.2656503812696023,0.0,0.0,0.0,0.0,0.0,0.0,0.0,0.0,0.0,0.0,0.0,0.0
935,18.7,8.2331190157401,-3.3649204572072677,0.15639961414215037,0.03359941132041628,0.9937751058997262,0.08923325171138,-0.05761549480759285,0.2149877846951189,0.5618123358847346,-1.124970276298947,0.019677951811327435,0.5110405772554961,-1.3142390566117357,-0.46970336743313995,-0.5330348359771208,1.4530767281964037,0.12802229676906487,-0.3360172934659794,0.8019616330453015,5.252833769498103,7.832571016599578,-11.39045805954143,-1.9040809866947033,5.5200270349616405,17.236464366283176,14.465358983324338,-12.911471324648023,-0.7082781435196858,5.376037702789081,13.31739266702543,-7.4432801569540885,0.0,0.0,0.0,0.0,0.0,0.0,0.0,0.0,0.0,0.0,0.0,0.0
936,18.72,8.232689658123798,-3.3597459704853683,0.1583979088092852,0.054613287066148715,0.9934708197050999,0.0824665666434115,-0.05685406455440221,0.25702235685904984,0.6871230099940104,-0.9899068279861796,-0.04880897600679178,0.5694411024806765,-0.7866676896002134,-0.2361061801146448,-0.796215386647517,1.2795156452761622,0.2117086289939958,-0.08671138192592279,0.3333336539055045,-0.6541733980740463,5.369558918076414,12.783295487805852,-3.7269842733542156,2.218040001070089,24.061997936970698,10.534036712607662,-12.791449951963173,-9.667510052938699,4.187460454224979,12.101550667037142,-23.90008589808299,0.0,0.0,0.0,0.0,0.0,0.0,0.0,0.0,0.0,0.0,0.0,0.0
937,18.740000000000002,8.231296932738713,-3.354835225567617,0.15932104974312475,0.06349499444032436,0.9932901824514653,0.07923723437305594,-0.05535756330862128,0.2409691361673751,0.7401023865772395,-0.7423925304759232,-0.0857330086723518,0.5871400592727121,-0.3453159574709856,-0.03304703789540417,-0.9894301690292377,0.9170725402743849,0.3116705061306175,0.11732907462648283,0.07773436142418942,-1.229175750450033,1.2499753966114489,8.878662354100634,-0.6755282146265471,0.6596917093013455,15.082939713403608,9.028504778732618,-8.030794371095443,-16.715395356432346,5.222859932688302,8.724660766600381,-4.049853506992442,0.0,0.0,0.0,0.0,0.0,0.0,0.0,0.0,0.0,0.0,0.0,0.0
938,18.76,8.22979837696613,-3.3500421039524566,0.15965537335594282,0.0767244247347756,0.9926431832328484,0.07760607173179694,-0.05244207338421098,0.27257699677170627,0.718535069423146,-0.6184395812798507,-0.034622511720517946,0.6112383689094263,-0.22568186230722473,0.16324841843007884,-1.087066401886435,0.8225122198560473,0.4385746496688943,0.24531238434347363,-0.0015123561226304295,2.5561111614967347,-2.194887775460369,3.308685570072571,3.8972584891976765,1.670059406408079,0.5373420280712384,9.582002810466973,-3.2294899267397303,2.226585348000798,6.378493590365271,4.9811917014333345,-2.49306425501996,0.0,0.0,0.0,0.0,0.0,0.0,0.0,0.0,0.0,0.0,0.0,0.0
939,18.78,8.228734023710508,-3.3452251062175202,0.16146479694048024,0.09014539985892045,0.991657825064077,0.07716111520085803,-0.05034607407157075,0.3392651854790176,0.6864329315493953,-0.8420111315918405,0.0945211790435449,0.6719258932631863,-0.1884759471655873,0.3880757186570143,-1.0639928653831834,0.7956787234049992,0.5423706022396302,0.25353996166497994,0.2157857869364732,3.646459818614204,-1.7591007326380308,-14.20029245103171,7.616910984752937,3.74588322245241,2.073371201215604,10.861785613181462,3.353948501640206,-2.013630753898225,3.904002313064842,-1.8026291777957706,13.069052809111541,0.0,0.0,0.0,0.0,0.0,0.0,0.0,0.0,0.0,0.0,0.0,0.0
940,18.8,8.228094221067124,-3.3404002018029786,0.1624421647300761,0.09711851684540544,0.990793535107295,0.08065508230772345,-0.04889705689786232,0.40853968646873473,0.6371551558925297,-0.9721143028537139,0.2816084990900549,0.7732239698951687,-0.3607822870488858,0.5565376672828818,-0.9405874476267584,0.8761660952552537,0.6280532192471222,0.13947579044314873,0.7465737019299956,2.020062551413646,-2.6887951851323444,-1.6477679320690402,9.000775093098976,5.187673542858951,-10.279587183731483,2.808629343396136,6.846497947311328,7.4931895269117454,3.0218892698189133,-7.140359863064129,24.344336700294875,0.0,0.0,0.0,0.0,0.0,0.0,0.0,0.0,0.0,0.0,0.0,0.0
941,18.82,8.22869115242045,-3.340237037961337,0.16130477854980113,0.07661938978663527,0.9915212565167426,0.09227568949520903,-0.050002641053925045,0.37135316730685136,0.58658365765629,-1.018611915890458,0.4548103708046015,0.871301606209591,-0.6322603983411145,0.5303448140720032,-0.7502558310057895,1.1953228923845292,0.6345910021801703,-0.06751937050567,1.3478693165028939,-3.9247223290133375,-2.465027185937194,-1.9631830284765979,8.190649718419579,4.161881434642345,-10.651227009258935,-3.209864548279456,11.61134356225985,15.243109484634262,-1.1731517583426014,-11.652824709533574,24.0137150653984,0.0,0.0,0.0,0.0,0.0,0.0,0.0,0.0,0.0,0.0,0.0,0.0
942,18.84,8.231474856622405,-3.3472329841292643,0.15731668318302133,0.020857518517358783,0.9918315339995379,0.11221362464992223,-0.056949754418678646,0.198846884227393,0.5426959654905783,-0.943274365199966,0.5435579812619151,0.922602346135594,-0.7586468104914196,0.3285530275777841,-0.46881550718543935,1.2694668324670548,0.5357750501900559,-0.33354238490465027,1.614934776981063,-10.81691924570305,-2.0244459262361474,5.404265812397528,2.2302483894829135,1.5029598029753166,-2.632866877039319,-13.417542018158679,15.29560532988946,-2.717248564316705,-6.56727059773819,-14.07319485731788,5.048643640270923,0.0,0.0,0.0,0.0,0.0,0.0,0.0,0.0,0.0,0.0,0.0,0.0
943,18.86,8.235748051151443,-3.3601455932917674,0.15545912833717002,-0.04711340416210548,0.988127654834576,0.12939801441233312,-0.06811915123902199,0.007320589492618046,0.5118252980819604,-0.7412481889385896,0.5293054813660192,0.9208809979987586,-0.8858351134972444,0.019002275527319507,-0.1853639730669912,0.9617159748620174,0.423690910284636,-0.5993249618868609,1.2469592098027282,-7.443001028239145,-1.5357527969755527,8.076620978365064,-1.9102502117031892,-1.2187390833719296,-7.154129941046117,-14.830884178843023,11.854198871100527,-16.87046139307222,-2.9098610018911484,-12.87991116129544,-24.55324835434573,0.0,0.0,0.0,0.0,0.0,0.0,0.0,0.0,0.0,0.0,0.0,0.0
944,18.88,8.238816648681706,-3.3749203968863597,0.16065559697222376,-0.0962716025469366,0.9838073744280004,0.1329676413514771,-0.07193354514796003,-0.09717597557878806,0.454011492399508,-0.4189345315997904,0.4438113953515529,0.8580640760049703,-1.189662072671332,-0.2500076468652985,-0.03351255269319953,0.6540009953373374,0.3991233714777197,-0.7951718240589388,0.565314743240245,-4.229375006438282,-3.151580575575378,15.334224299548758,-5.701630686084249,-4.715769877385366,-14.46195996918577,-12.681958338976408,4.95233972597205,-10.261845435830763,0.1474217160121054,-8.275675962673985,-29.355933523960495,0.0,0.0,0.0,0.0,0.0,0.0,0.0,0.0,0.0,0.0,0.0,0.0
945,18.900000000000002,8.24226679729695,-3.3908261325822435,0.16562968756739835,-0.14548263552377136,0.9772002878442777,0.13522230759612608,-0.07502884596271281,-0.2058819128334475,0.38147950554981136,-0.10289754847479445,0.2669907612930912,0.7260612344874503,-1.3162960703705646,-0.5026081925798125,-0.030529466654672766,0.7659551350607623,0.36420702829214624,-0.9158510196048265,0.3420269062017319,-5.914682216072785,-3.477719605978247,11.468247998805777,-9.899476149853957,-7.473619282708259,-1.4063643682483336,-11.935989096216224,-2.391514044857968,10.739816052773477,-2.9055735992849367,-4.72569062967505,-0.3126008679872987,0.0,0.0,0.0,0.0,0.0,0.0,0.0,0.0,0.0,0.0,0.0,0.0
946,18.92,8.24587036893941,-3.4054223211535697,0.16924249681384734,-0.18829694978828368,0.9693611399987851,0.13696755266259641,-0.07825042158546122,-0.3246434467516154,0.3783356804982433,-0.11780909943034068,0.08898977980910773,0.5856051058861402,-1.1122368881082705,-0.6844407526641133,-0.11548842645921331,0.9474982779876093,0.280870918074834,-0.953781133129609,0.7087389993225096,-5.558504969702594,1.5260607830050017,-5.546230869303803,-7.534046810604452,-6.337066069928141,12.265018793832184,-6.902169422621064,-5.152033828105805,5.783256038127751,-4.996713747593409,0.7867929492624528,20.89781723915627,0.0,0.0,0.0,0.0,0.0,0.0,0.0,0.0,0.0,0.0,0.0,0.0
947,18.94,8.250564381240995,-3.4176562797848637,0.17121051425860434,-0.2241896089851898,0.9615134261641202,0.1367075677188001,-0.08088257820823899,-0.45469433014515265,0.46845112437874104,-0.29286938733381596,-0.058933879988634835,0.48622148963964595,-1.0865818693985203,-0.7644489509631112,-0.24892867591200768,1.2907579671081832,0.073968263595898,-0.8267360225662655,1.0401974597289798,-6.300001980206644,5.926592138849612,-7.3202721386413,-6.559350331800557,-4.1587528265014475,-3.810805439419087,-0.8542189017354822,-6.993067530699626,17.056676324521916,-12.11977319822,9.782136903691123,10.385897238799753,0.0,0.0,0.0,0.0,0.0,0.0,0.0,0.0,0.0,0.0,0.0,0.0
948,18.96,8.256640215235565,-3.425869213156791,0.17143099816826693,-0.2367571926866906,0.9592711446862948,0.13207632563414065,-0.07937724415943484,-0.5743980686243277,0.6235620776959896,-0.6453340266456833,-0.1378590877670583,0.43699921768342176,-1.277936309644243,-0.6800186928969976,-0.41512016215134706,1.6035885970172885,-0.0969661992367014,-0.5820168442753684,0.968331389191714,-5.59200553286044,8.102005452776847,-16.413743960499396,-2.4676075869905767,-1.5611280359694526,-9.453821207189176,7.378698414380136,-8.762690675755248,10.774576940646915,-5.810434711467052,13.008224970289168,-8.05113636200185,0.0,0.0,0.0,0.0,0.0,0.0,0.0,0.0,0.0,0.0,0.0,0.0
949,18.98,8.26358318068289,-3.4306541226740235,0.17044888954945192,-0.22776539120724934,0.962639340785997,0.12386682614120742,-0.07813728636836902,-0.6584959540580412,0.7763520018427117,-0.8357497957921188,-0.1595743335342449,0.43685052878004577,-1.4283448276640212,-0.45625626854986817,-0.5981885313192948,1.5515343012972584,-0.1582478517750537,-0.29792404703898423,0.70747126619059,-3.2352601059942394,7.101085638052114,-3.7093223625891794,-0.4563443266537968,0.8788026527674081,-4.637303876287531,13.121029373241589,-9.180729849549222,-7.947002583173417,-1.4320163346842003,14.324846759147027,-11.24061834093026,0.0,0.0,0.0,0.0,0.0,0.0,0.0,0.0,0.0,0.0,0.0,0.0
950,19.0,8.268297041414522,-3.4315306617826886,0.17125560474083032,-0.208565066593389,0.9671656956708283,0.12301283729081262,-0.07719437787896927,-0.6902298785428091,0.8918408558077847,-0.789247181347753,-0.13800840181831447,0.46600941468558027,-1.296437237732643,-0.13313916245320817,-0.747454400155448,0.9862555736005569,-0.14364926805196138,-0.027478058067555752,0.5789996066539052,-1.6663669387559792,4.914578769487265,4.89613335625614,1.302794469162587,2.4271329570301536,10.213030440405426,16.722961009871305,-6.232614904065593,-29.74855945076706,1.4817424299379274,13.5448871053762,-2.4803899190068197,0.0,0.0,0.0,0.0,0.0,0.0,0.0,0.0,0.0,0.0,0.0,0.0
951,19.02,8.270805376375552,-3.432423262378565,0.1689694673410379,-0.17866386189641995,0.9726127343379577,0.1271318494702201,-0.07707909123866608,-0.6728185322852944,0.9382311745881559,-0.8360385844958624,-0.06962830246484622,0.4713335845996948,-0.6569106445949554,0.16146690954304674,-0.8574702546642532,0.5992359746491017,-0.0623349805125505,0.22315332819299522,0.3113857644536545,2.3398651181403096,0.4238343347103839,-4.95064644748555,4.524665159487829,-0.8791770582928483,32.7682700144946,12.418008995644392,-5.703087604541662,-9.079477753328357,4.880914291158597,10.84834254097505,-13.777059215320255,0.0,0.0,0.0,0.0,0.0,0.0,0.0,0.0,0.0,0.0,0.0,0.0
952,19.04,8.270443497715902,-3.432604522282969,0.16673086651910302,-0.16482531119443863,0.9746654245495703,0.13134235456813373,-0.07489401093385213,-0.5899075162668921,0.8897595577277612,-1.0669688067036538,0.008735139505339232,0.4598713208103785,-0.24454654363888906,0.2992744482254502,-0.9275249914145456,0.4947442769827219,0.026122783088237067,0.37088681905974547,0.32061005928336517,5.198817598054058,-4.125815770310496,-11.413839702535535,3.6669181959545276,0.42321568805501775,9.570996283320678,3.8360215071570516,-2.5078777787307103,-1.701524281040033,4.183579314278882,5.881535180389878,6.529415670859832,0.0,0.0,0.0,0.0,0.0,0.0,0.0,0.0,0.0,0.0,0.0,0.0
953,19.06,8.269940519606157,-3.4311871445659436,0.16728405723899417,-0.16250866010056347,0.9748865007811616,0.1327775092952809,-0.07454783036629627,-0.40429829777804094,0.7526686986005968,-1.0570788335840349,0.07054269095037037,0.4866095316368901,-0.23996471614220888,0.35897340654538046,-0.9418709903012268,0.8357959756718885,0.09554036240927398,0.42766750037848555,0.3470207343907649,10.7567648276154,-7.952790470797262,5.335419364095351,2.7016236115078414,1.6645655287158034,-3.6052560435139593,2.714111525593224,1.2188100420153032,20.4462328700605,2.6408680045713924,0.9391465943334965,-1.2232331042243303,0.0,0.0,0.0,0.0,0.0,0.0,0.0,0.0,0.0,0.0,0.0,0.0
954,19.080000000000002,8.268251727628664,-3.426786936694343,0.168629847218715,-0.15786675269744171,0.9750998765775367,0.1373257733370707,-0.07348435934681424,-0.16471166774299542,0.5786800821052821,-0.9026635332198502,0.18436630582945882,0.5487370709922249,-0.5171222338266173,0.4070141946809109,-0.8664028864583855,1.1277351985180721,0.15959377858224633,0.3523017006488568,0.6338490369836671,11.95951603436453,-8.737940963838449,6.435327257495529,7.042522160088176,3.3184465789181776,-13.89802417601359,2.0645169826105967,5.274972723888092,8.494503907676648,3.206867305123257,-5.923632374978647,16.513775117935023,0.0,0.0,0.0,0.0,0.0,0.0,0.0,0.0,0.0,0.0,0.0,0.0
955,19.1,8.267149105719254,-3.4253877276446296,0.1719793385223393,-0.16040406576078234,0.9742039420435061,0.1419569294272102,-0.07103129719989862,-0.06293441854145142,0.4418777049985781,-0.8753220080606814,0.29798256232525683,0.6085809937070112,-0.7840751402816222,0.4011644316176947,-0.7299178220988554,1.1757063234201035,0.19422548246623428,0.15128601600762562,1.2954302616071849,0.6453477354613937,-5.372419463859357,-1.7940518860772081,4.483265293407514,2.4111914709099955,-9.221962933118407,-1.9133804688605183,7.543122807893357,-0.7693892740526618,0.5769181000582924,-11.692586308206037,30.699926235129382,0.0,0.0,0.0,0.0,0.0,0.0,0.0,0.0,0.0,0.0,0.0,0.0
956,19.12,8.267723471839426,-3.4297613330935985,0.17454387645483954,-0.18437868321527145,0.9691406420484953,0.1474800889517595,-0.0708557723012958,-0.11852015298555199,0.35158031223080055,-0.8090907195363792,0.3149354400068278,0.662738990271425,-1.0388855616174923,0.2823395865872877,-0.5532501490864583,1.3171891429711726,0.168164680306792,-0.11385167578209487,1.5145806260181172,-4.009558252992747,-3.856402846961491,4.964433444259477,-1.0157647417137663,2.5616642469734474,-10.450948996885362,-7.251026326545166,9.746941569131998,8.57020148876143,-1.7674913780805028,-13.930760070288834,-0.48523287118368064,0.0,0.0,0.0,0.0,0.0,0.0,0.0,0.0,0.0,0.0,0.0,0.0
957,19.14,8.268839493000783,-3.435236586871409,0.1759008957430745,-0.20999903688717025,0.9626558154522996,0.1536801594618687,-0.07467659653534393,-0.1970192257335795,0.30274332151716987,-0.5231164615375687,0.2955734552505571,0.7160582742108271,-1.1418522199100853,0.13134878017406154,-0.34035570567468293,0.886650230459312,0.17881563040542028,-0.37652605308270404,1.099976357519084,-3.8379673144364,-1.461900707537568,14.466836898466601,-0.9413161949813749,2.635561418605953,-1.5650857168020749,-8.010058862809954,10.55355748688146,-29.062136808150786,2.1533089135756223,-12.513645236191355,-24.457485541073098,0.0,0.0,0.0,0.0,0.0,0.0,0.0,0.0,0.0,0.0,0.0,0.0
958,19.16,8.270328270794481,-3.4433225532215443,0.174565142237847,-0.24197113107646057,0.9539849017776879,0.15737878503954927,-0.08120773931878628,-0.31408878563553216,0.2746362053271275,-0.3739956914432906,0.2259547939478398,0.7444992934440385,-1.1531016110005794,-0.0755993846459965,-0.1939778204573889,0.5224814213049935,0.19346264330992957,-0.5635809370662056,0.347751483567841,-6.609277062890033,-1.1921191708377121,2.4358543178660614,-4.537410609352718,0.7349616553624905,-0.0020938074509537774,-11.088822625353805,5.0058098355282565,-8.063102595180728,0.7168874597307275,-7.978863870075337,-33.11875091067304,0.0,0.0,0.0,0.0,0.0,0.0,0.0,0.0,0.0,0.0,0.0,0.0
